customer_id,signup_date,plan_type,contract_type,monthly_fee,payment_method,region,is_active,cancel_date,churn,cutoff_date,observation_window_end,tenure_days
1,2025-04-07,Standard,Monthly,19.99,bank_transfer,Europe,1,,0,2025-12-31,2025-12-31,268
2,2025-07-27,Standard,Monthly,19.99,credit_card,North America,1,,0,2025-12-31,2025-12-31,157
3,2023-04-27,Premium,Monthly,39.99,credit_card,Europe,1,,0,2025-12-31,2025-12-31,979
4,2025-08-27,Standard,Monthly,19.99,apple_pay,South America,1,,0,2025-12-31,2025-12-31,126
5,2023-03-22,Standard,Monthly,19.99,credit_card,Europe,1,,0,2025-12-31,2025-12-31,1015
6,2023-09-22,Basic,Monthly,9.99,credit_card,North America,1,,0,2025-12-31,2025-12-31,831
7,2025-07-24,Standard,Monthly,19.99,bank_transfer,Asia,1,,0,2025-12-31,2025-12-31,160
8,2024-12-13,Basic,Monthly,9.99,paypal,North America,0,2025-11-05,1,2025-11-05,2025-12-31,327
9,2025-10-25,Standard,Annual,19.99,bank_transfer,Europe,1,,0,2025-12-31,2025-12-31,67
10,2025-08-11,Basic,Monthly,9.99,credit_card,Europe,1,,0,2025-12-31,2025-12-31,142
11,2023-09-01,Standard,Monthly,19.99,credit_card,Europe,1,,0,2025-12-31,2025-12-31,852
12,2023-03-27,Premium,Monthly,39.99,credit_card,North America,1,,0,2025-12-31,2025-12-31,1010
13,2025-01-01,Standard,Monthly,19.99,credit_card,Asia,0,2025-07-02,1,2025-07-02,2025-12-31,182
14,2025-10-09,Standard,Monthly,19.99,credit_card,Europe,0,2025-12-12,1,2025-12-12,2025-12-31,64
15,2023-11-11,Basic,Monthly,9.99,paypal,North America,0,2024-12-11,1,2024-12-11,2025-12-31,396
16,2025-07-02,Premium,Monthly,39.99,credit_card,Oceania,1,,0,2025-12-31,2025-12-31,182
17,2025-06-22,Basic,Monthly,9.99,credit_card,South America,0,2025-10-14,1,2025-10-14,2025-12-31,114
18,2024-06-09,Standard,Monthly,19.99,bank_transfer,Asia,1,,0,2025-12-31,2025-12-31,570
19,2023-10-18,Standard,Monthly,19.99,credit_card,Europe,0,2024-08-22,1,2024-08-22,2025-12-31,309
20,2024-06-08,Basic,Monthly,9.99,paypal,North America,1,,0,2025-12-31,2025-12-31,571
21,2024-08-25,Basic,Monthly,9.99,credit_card,South America,1,,0,2025-12-31,2025-12-31,493
22,2024-06-20,Standard,Monthly,19.99,apple_pay,Europe,1,,0,2025-12-31,2025-12-31,559
23,2024-10-21,Basic,Monthly,9.99,credit_card,North America,1,,0,2025-12-31,2025-12-31,436
24,2023-06-29,Standard,Monthly,19.99,paypal,North America,1,,0,2025-12-31,2025-12-31,916
25,2025-03-02,Standard,Monthly,19.99,apple_pay,North America,1,,0,2025-12-31,2025-12-31,304
26,2025-09-24,Premium,Annual,39.99,credit_card,South America,1,,0,2025-12-31,2025-12-31,98
27,2024-12-27,Basic,Annual,9.99,credit_card,North America,1,,0,2025-12-31,2025-12-31,369
28,2024-08-08,Standard,Annual,19.99,bank_transfer,Europe,1,,0,2025-12-31,2025-12-31,510
29,2024-10-04,Standard,Monthly,19.99,credit_card,Asia,1,,0,2025-12-31,2025-12-31,453
30,2025-02-03,Basic,Annual,9.99,credit_card,North America,1,,0,2025-12-31,2025-12-31,331
31,2024-06-02,Basic,Monthly,9.99,bank_transfer,Oceania,0,2025-05-29,1,2025-05-29,2025-12-31,361
32,2024-12-29,Basic,Monthly,9.99,paypal,North America,1,,0,2025-12-31,2025-12-31,367
33,2024-05-26,Basic,Annual,9.99,paypal,Asia,1,,0,2025-12-31,2025-12-31,584
34,2024-05-24,Premium,Monthly,39.99,credit_card,Europe,1,,0,2025-12-31,2025-12-31,586
35,2023-12-16,Premium,Monthly,39.99,paypal,Europe,0,2025-07-29,1,2025-07-29,2025-12-31,591
36,2025-06-09,Premium,Monthly,39.99,apple_pay,Asia,1,,0,2025-12-31,2025-12-31,205
37,2024-07-10,Basic,Monthly,9.99,bank_transfer,Asia,1,,0,2025-12-31,2025-12-31,539
38,2025-03-05,Premium,Monthly,39.99,credit_card,North America,1,,0,2025-12-31,2025-12-31,301
39,2023-01-06,Premium,Monthly,39.99,credit_card,North America,1,,0,2025-12-31,2025-12-31,1090
40,2023-09-21,Basic,Monthly,9.99,credit_card,Asia,1,,0,2025-12-31,2025-12-31,832
41,2024-07-17,Premium,Monthly,39.99,credit_card,North America,0,2025-01-12,1,2025-01-12,2025-12-31,179
42,2023-07-23,Basic,Monthly,9.99,paypal,Europe,1,,0,2025-12-31,2025-12-31,892
43,2024-09-20,Premium,Annual,39.99,credit_card,North America,1,,0,2025-12-31,2025-12-31,467
44,2023-03-18,Standard,Monthly,19.99,credit_card,North America,0,2025-01-01,1,2025-01-01,2025-12-31,655
45,2023-07-26,Basic,Annual,9.99,credit_card,Asia,1,,0,2025-12-31,2025-12-31,889
46,2023-04-11,Standard,Monthly,19.99,bank_transfer,North America,1,,0,2025-12-31,2025-12-31,995
47,2025-02-16,Premium,Monthly,39.99,credit_card,Europe,0,2025-07-08,1,2025-07-08,2025-12-31,142
48,2023-09-30,Basic,Monthly,9.99,credit_card,North America,1,,0,2025-12-31,2025-12-31,823
49,2024-11-27,Basic,Annual,9.99,apple_pay,Europe,1,,0,2025-12-31,2025-12-31,399
50,2023-08-31,Premium,Monthly,39.99,bank_transfer,Europe,1,,0,2025-12-31,2025-12-31,853
51,2024-01-16,Basic,Monthly,9.99,bank_transfer,North America,1,,0,2025-12-31,2025-12-31,715
52,2023-02-11,Standard,Monthly,19.99,apple_pay,North America,1,,0,2025-12-31,2025-12-31,1054
53,2023-02-12,Standard,Annual,19.99,apple_pay,North America,1,,0,2025-12-31,2025-12-31,1053
54,2024-06-26,Standard,Monthly,19.99,paypal,Europe,1,,0,2025-12-31,2025-12-31,553
55,2024-07-07,Standard,Monthly,19.99,paypal,South America,0,2025-10-05,1,2025-10-05,2025-12-31,455
56,2025-07-03,Standard,Monthly,19.99,bank_transfer,Europe,1,,0,2025-12-31,2025-12-31,181
57,2024-12-12,Standard,Monthly,19.99,credit_card,North America,0,2025-05-02,1,2025-05-02,2025-12-31,141
58,2023-02-22,Basic,Monthly,9.99,paypal,Europe,1,,0,2025-12-31,2025-12-31,1043
59,2023-03-08,Basic,Annual,9.99,paypal,South America,0,2024-06-16,1,2024-06-16,2025-12-31,466
60,2023-06-04,Basic,Monthly,9.99,paypal,North America,1,,0,2025-12-31,2025-12-31,941
61,2024-05-16,Basic,Monthly,9.99,credit_card,North America,1,,0,2025-12-31,2025-12-31,594
62,2023-03-26,Premium,Annual,39.99,credit_card,Asia,1,,0,2025-12-31,2025-12-31,1011
63,2023-05-22,Standard,Monthly,19.99,credit_card,South America,1,,0,2025-12-31,2025-12-31,954
64,2025-10-02,Standard,Monthly,19.99,apple_pay,Europe,0,2025-11-16,1,2025-11-16,2025-12-31,45
65,2025-10-27,Standard,Annual,19.99,credit_card,Asia,0,2025-12-25,1,2025-12-25,2025-12-31,59
66,2023-07-26,Standard,Monthly,19.99,bank_transfer,North America,1,,0,2025-12-31,2025-12-31,889
67,2024-07-25,Standard,Annual,19.99,paypal,Asia,1,,0,2025-12-31,2025-12-31,524
68,2025-05-25,Basic,Annual,9.99,apple_pay,Europe,0,2025-07-30,1,2025-07-30,2025-12-31,66
69,2024-02-02,Premium,Annual,39.99,credit_card,North America,1,,0,2025-12-31,2025-12-31,698
70,2024-07-27,Standard,Annual,19.99,paypal,Europe,1,,0,2025-12-31,2025-12-31,522
71,2025-06-04,Standard,Monthly,19.99,paypal,South America,0,2025-10-07,1,2025-10-07,2025-12-31,125
72,2024-05-24,Standard,Monthly,19.99,credit_card,North America,1,,0,2025-12-31,2025-12-31,586
73,2023-06-15,Standard,Monthly,19.99,credit_card,Europe,1,,0,2025-12-31,2025-12-31,930
74,2025-03-21,Basic,Monthly,9.99,credit_card,North America,1,,0,2025-12-31,2025-12-31,285
75,2025-02-19,Standard,Monthly,19.99,paypal,North America,1,,0,2025-12-31,2025-12-31,315
76,2023-08-09,Standard,Monthly,19.99,paypal,Asia,1,,0,2025-12-31,2025-12-31,875
77,2024-05-13,Standard,Monthly,19.99,bank_transfer,North America,1,,0,2025-12-31,2025-12-31,597
78,2023-06-18,Basic,Annual,9.99,credit_card,North America,1,,0,2025-12-31,2025-12-31,927
79,2023-11-01,Basic,Annual,9.99,credit_card,Asia,1,,0,2025-12-31,2025-12-31,791
80,2023-05-29,Standard,Monthly,19.99,credit_card,South America,1,,0,2025-12-31,2025-12-31,947
81,2023-03-19,Basic,Monthly,9.99,paypal,North America,0,2025-04-01,1,2025-04-01,2025-12-31,744
82,2023-03-24,Standard,Monthly,19.99,credit_card,Asia,1,,0,2025-12-31,2025-12-31,1013
83,2023-01-12,Premium,Monthly,39.99,credit_card,North America,0,2025-08-20,1,2025-08-20,2025-12-31,951
84,2023-09-11,Standard,Monthly,19.99,credit_card,South America,0,2025-05-13,1,2025-05-13,2025-12-31,610
85,2025-03-05,Standard,Monthly,19.99,credit_card,North America,1,,0,2025-12-31,2025-12-31,301
86,2024-02-05,Standard,Monthly,19.99,paypal,Asia,1,,0,2025-12-31,2025-12-31,695
87,2025-09-02,Basic,Annual,9.99,credit_card,Asia,1,,0,2025-12-31,2025-12-31,120
88,2024-03-08,Premium,Monthly,39.99,bank_transfer,North America,1,,0,2025-12-31,2025-12-31,663
89,2024-06-03,Basic,Annual,9.99,paypal,North America,1,,0,2025-12-31,2025-12-31,576
90,2025-06-07,Basic,Annual,9.99,credit_card,North America,0,2025-10-29,1,2025-10-29,2025-12-31,144
91,2023-05-06,Standard,Monthly,19.99,apple_pay,Europe,1,,0,2025-12-31,2025-12-31,970
92,2024-06-25,Standard,Annual,19.99,bank_transfer,Asia,1,,0,2025-12-31,2025-12-31,554
93,2025-07-13,Basic,Monthly,9.99,paypal,Oceania,1,,0,2025-12-31,2025-12-31,171
94,2023-01-16,Standard,Monthly,19.99,credit_card,North America,1,,0,2025-12-31,2025-12-31,1080
95,2025-08-17,Premium,Monthly,39.99,apple_pay,Europe,0,2025-12-13,1,2025-12-13,2025-12-31,118
96,2025-09-05,Premium,Annual,39.99,bank_transfer,North America,0,2025-11-16,1,2025-11-16,2025-12-31,72
97,2023-09-27,Standard,Annual,19.99,bank_transfer,Asia,1,,0,2025-12-31,2025-12-31,826
98,2023-09-27,Basic,Monthly,9.99,bank_transfer,North America,1,,0,2025-12-31,2025-12-31,826
99,2025-02-11,Basic,Monthly,9.99,bank_transfer,Europe,1,,0,2025-12-31,2025-12-31,323
100,2025-02-28,Premium,Monthly,39.99,paypal,North America,1,,0,2025-12-31,2025-12-31,306
101,2024-08-18,Basic,Monthly,9.99,credit_card,Asia,1,,0,2025-12-31,2025-12-31,500
102,2023-07-19,Basic,Monthly,9.99,paypal,Oceania,1,,0,2025-12-31,2025-12-31,896
103,2025-07-18,Basic,Annual,9.99,credit_card,North America,0,2025-10-15,1,2025-10-15,2025-12-31,89
104,2024-07-24,Basic,Monthly,9.99,paypal,North America,1,,0,2025-12-31,2025-12-31,525
105,2024-08-23,Standard,Monthly,19.99,bank_transfer,North America,1,,0,2025-12-31,2025-12-31,495
106,2025-10-07,Standard,Annual,19.99,paypal,Europe,1,,0,2025-12-31,2025-12-31,85
107,2024-12-26,Basic,Annual,9.99,credit_card,Europe,1,,0,2025-12-31,2025-12-31,370
108,2025-02-10,Basic,Monthly,9.99,apple_pay,Europe,1,,0,2025-12-31,2025-12-31,324
109,2023-07-12,Basic,Monthly,9.99,credit_card,Europe,1,,0,2025-12-31,2025-12-31,903
110,2025-01-01,Basic,Monthly,9.99,apple_pay,North America,1,,0,2025-12-31,2025-12-31,364
111,2025-09-20,Standard,Monthly,19.99,credit_card,North America,0,2025-12-10,1,2025-12-10,2025-12-31,81
112,2024-09-29,Standard,Monthly,19.99,credit_card,North America,1,,0,2025-12-31,2025-12-31,458
113,2025-01-21,Basic,Annual,9.99,credit_card,Europe,1,,0,2025-12-31,2025-12-31,344
114,2024-06-12,Standard,Annual,19.99,credit_card,North America,1,,0,2025-12-31,2025-12-31,567
115,2024-06-19,Standard,Monthly,19.99,credit_card,South America,1,,0,2025-12-31,2025-12-31,560
116,2025-09-12,Basic,Monthly,9.99,credit_card,South America,0,2025-12-27,1,2025-12-27,2025-12-31,106
117,2025-04-20,Basic,Monthly,9.99,credit_card,Europe,1,,0,2025-12-31,2025-12-31,255
118,2023-04-18,Basic,Annual,9.99,paypal,North America,1,,0,2025-12-31,2025-12-31,988
119,2023-08-24,Premium,Monthly,39.99,paypal,Oceania,1,,0,2025-12-31,2025-12-31,860
120,2024-05-17,Basic,Annual,9.99,paypal,North America,1,,0,2025-12-31,2025-12-31,593
121,2024-08-30,Basic,Monthly,9.99,credit_card,North America,1,,0,2025-12-31,2025-12-31,488
122,2025-03-02,Standard,Monthly,19.99,bank_transfer,Europe,0,2025-06-14,1,2025-06-14,2025-12-31,104
123,2023-03-20,Basic,Monthly,9.99,apple_pay,North America,1,,0,2025-12-31,2025-12-31,1017
124,2025-10-15,Basic,Annual,9.99,bank_transfer,Europe,1,,0,2025-12-31,2025-12-31,77
125,2023-01-25,Basic,Monthly,9.99,credit_card,Europe,0,2025-08-22,1,2025-08-22,2025-12-31,940
126,2025-04-24,Basic,Annual,9.99,credit_card,Europe,1,,0,2025-12-31,2025-12-31,251
127,2024-04-07,Standard,Monthly,19.99,bank_transfer,Oceania,1,,0,2025-12-31,2025-12-31,633
128,2023-03-04,Basic,Annual,9.99,paypal,Europe,1,,0,2025-12-31,2025-12-31,1033
129,2025-07-27,Standard,Monthly,19.99,apple_pay,North America,0,2025-12-22,1,2025-12-22,2025-12-31,148
130,2023-05-27,Basic,Monthly,9.99,paypal,Asia,1,,0,2025-12-31,2025-12-31,949
131,2024-07-29,Standard,Annual,19.99,bank_transfer,Europe,1,,0,2025-12-31,2025-12-31,520
132,2025-07-16,Standard,Monthly,19.99,credit_card,Asia,0,2025-09-25,1,2025-09-25,2025-12-31,71
133,2023-01-22,Standard,Annual,19.99,credit_card,North America,1,,0,2025-12-31,2025-12-31,1074
134,2025-08-23,Basic,Monthly,9.99,apple_pay,Europe,1,,0,2025-12-31,2025-12-31,130
135,2025-04-12,Basic,Monthly,9.99,paypal,North America,1,,0,2025-12-31,2025-12-31,263
136,2024-06-24,Basic,Annual,9.99,bank_transfer,North America,1,,0,2025-12-31,2025-12-31,555
137,2025-04-06,Standard,Monthly,19.99,credit_card,Europe,1,,0,2025-12-31,2025-12-31,269
138,2024-12-13,Standard,Monthly,19.99,credit_card,North America,1,,0,2025-12-31,2025-12-31,383
139,2023-09-01,Premium,Annual,39.99,apple_pay,North America,1,,0,2025-12-31,2025-12-31,852
140,2024-09-10,Standard,Monthly,19.99,bank_transfer,Europe,0,2025-07-20,1,2025-07-20,2025-12-31,313
141,2023-09-27,Basic,Annual,9.99,paypal,Asia,1,,0,2025-12-31,2025-12-31,826
142,2024-12-30,Standard,Annual,19.99,credit_card,South America,1,,0,2025-12-31,2025-12-31,366
143,2023-12-28,Basic,Monthly,9.99,bank_transfer,North America,1,,0,2025-12-31,2025-12-31,734
144,2024-08-30,Standard,Annual,19.99,bank_transfer,North America,1,,0,2025-12-31,2025-12-31,488
145,2025-10-29,Basic,Monthly,9.99,apple_pay,South America,1,,0,2025-12-31,2025-12-31,63
146,2023-08-19,Standard,Monthly,19.99,credit_card,North America,0,2024-07-18,1,2024-07-18,2025-12-31,334
147,2023-02-19,Premium,Monthly,39.99,paypal,North America,1,,0,2025-12-31,2025-12-31,1046
148,2025-08-19,Basic,Annual,9.99,credit_card,Europe,1,,0,2025-12-31,2025-12-31,134
149,2024-07-08,Basic,Annual,9.99,bank_transfer,Asia,1,,0,2025-12-31,2025-12-31,541
150,2025-09-03,Premium,Monthly,39.99,credit_card,North America,1,,0,2025-12-31,2025-12-31,119
151,2023-08-01,Standard,Monthly,19.99,apple_pay,Europe,1,,0,2025-12-31,2025-12-31,883
152,2023-07-29,Premium,Monthly,39.99,credit_card,Europe,0,2024-05-30,1,2024-05-30,2025-12-31,306
153,2023-10-18,Basic,Annual,9.99,credit_card,Asia,1,,0,2025-12-31,2025-12-31,805
154,2024-07-12,Standard,Annual,19.99,credit_card,North America,1,,0,2025-12-31,2025-12-31,537
155,2025-01-18,Basic,Monthly,9.99,bank_transfer,Asia,1,,0,2025-12-31,2025-12-31,347
156,2023-01-09,Basic,Annual,9.99,credit_card,Asia,1,,0,2025-12-31,2025-12-31,1087
157,2025-04-19,Standard,Monthly,19.99,apple_pay,Europe,1,,0,2025-12-31,2025-12-31,256
158,2024-01-01,Basic,Monthly,9.99,credit_card,Europe,1,,0,2025-12-31,2025-12-31,730
159,2023-03-04,Basic,Monthly,9.99,credit_card,Asia,1,,0,2025-12-31,2025-12-31,1033
160,2023-05-25,Basic,Monthly,9.99,credit_card,North America,1,,0,2025-12-31,2025-12-31,951
161,2024-03-08,Basic,Monthly,9.99,paypal,South America,1,,0,2025-12-31,2025-12-31,663
162,2024-02-08,Basic,Annual,9.99,credit_card,Europe,0,2025-05-06,1,2025-05-06,2025-12-31,453
163,2024-09-13,Standard,Monthly,19.99,apple_pay,Asia,1,,0,2025-12-31,2025-12-31,474
164,2024-09-10,Standard,Monthly,19.99,credit_card,North America,1,,0,2025-12-31,2025-12-31,477
165,2023-04-01,Premium,Annual,39.99,bank_transfer,Asia,1,,0,2025-12-31,2025-12-31,1005
166,2024-07-11,Basic,Monthly,9.99,credit_card,North America,1,,0,2025-12-31,2025-12-31,538
167,2024-03-04,Premium,Annual,39.99,credit_card,North America,1,,0,2025-12-31,2025-12-31,667
168,2025-07-05,Premium,Monthly,39.99,bank_transfer,North America,1,,0,2025-12-31,2025-12-31,179
169,2024-09-23,Basic,Monthly,9.99,paypal,South America,1,,0,2025-12-31,2025-12-31,464
170,2025-03-15,Basic,Annual,9.99,credit_card,South America,0,2025-10-18,1,2025-10-18,2025-12-31,217
171,2024-12-31,Basic,Monthly,9.99,paypal,Europe,1,,0,2025-12-31,2025-12-31,365
172,2023-11-22,Premium,Monthly,39.99,credit_card,Asia,1,,0,2025-12-31,2025-12-31,770
173,2023-09-03,Standard,Monthly,19.99,credit_card,Europe,1,,0,2025-12-31,2025-12-31,850
174,2024-10-31,Premium,Monthly,39.99,credit_card,Asia,1,,0,2025-12-31,2025-12-31,426
175,2024-11-29,Premium,Monthly,39.99,bank_transfer,North America,1,,0,2025-12-31,2025-12-31,397
176,2025-05-26,Basic,Monthly,9.99,credit_card,Asia,0,2025-09-13,1,2025-09-13,2025-12-31,110
177,2023-12-27,Basic,Monthly,9.99,bank_transfer,Asia,1,,0,2025-12-31,2025-12-31,735
178,2024-11-27,Basic,Monthly,9.99,paypal,North America,1,,0,2025-12-31,2025-12-31,399
179,2023-09-14,Standard,Monthly,19.99,credit_card,North America,1,,0,2025-12-31,2025-12-31,839
180,2025-08-30,Basic,Monthly,9.99,credit_card,Asia,1,,0,2025-12-31,2025-12-31,123
181,2024-09-15,Standard,Monthly,19.99,credit_card,Asia,1,,0,2025-12-31,2025-12-31,472
182,2025-02-14,Basic,Monthly,9.99,paypal,North America,1,,0,2025-12-31,2025-12-31,320
183,2023-10-02,Premium,Annual,39.99,credit_card,North America,1,,0,2025-12-31,2025-12-31,821
184,2024-11-05,Basic,Monthly,9.99,bank_transfer,Asia,1,,0,2025-12-31,2025-12-31,421
185,2024-03-30,Standard,Monthly,19.99,paypal,Europe,0,2025-02-27,1,2025-02-27,2025-12-31,334
186,2025-10-31,Premium,Monthly,39.99,credit_card,South America,1,,0,2025-12-31,2025-12-31,61
187,2024-07-09,Premium,Monthly,39.99,credit_card,Europe,1,,0,2025-12-31,2025-12-31,540
188,2025-04-13,Basic,Monthly,9.99,credit_card,North America,0,2025-10-24,1,2025-10-24,2025-12-31,194
189,2023-05-25,Basic,Monthly,9.99,credit_card,North America,1,,0,2025-12-31,2025-12-31,951
190,2025-09-10,Premium,Annual,39.99,credit_card,North America,1,,0,2025-12-31,2025-12-31,112
191,2025-07-05,Premium,Annual,39.99,bank_transfer,Europe,1,,0,2025-12-31,2025-12-31,179
192,2023-03-29,Basic,Monthly,9.99,apple_pay,Europe,0,2025-08-07,1,2025-08-07,2025-12-31,862
193,2023-07-21,Standard,Monthly,19.99,apple_pay,North America,1,,0,2025-12-31,2025-12-31,894
194,2024-09-16,Basic,Monthly,9.99,credit_card,Asia,1,,0,2025-12-31,2025-12-31,471
195,2023-07-25,Basic,Monthly,9.99,paypal,South America,1,,0,2025-12-31,2025-12-31,890
196,2023-03-11,Standard,Monthly,19.99,credit_card,Europe,1,,0,2025-12-31,2025-12-31,1026
197,2024-06-01,Basic,Monthly,9.99,credit_card,North America,1,,0,2025-12-31,2025-12-31,578
198,2023-10-14,Standard,Annual,19.99,credit_card,Asia,1,,0,2025-12-31,2025-12-31,809
199,2025-07-17,Standard,Monthly,19.99,apple_pay,North America,1,,0,2025-12-31,2025-12-31,167
200,2023-03-20,Basic,Monthly,9.99,paypal,North America,1,,0,2025-12-31,2025-12-31,1017
201,2023-03-08,Standard,Monthly,19.99,credit_card,Asia,1,,0,2025-12-31,2025-12-31,1029
202,2024-11-24,Standard,Monthly,19.99,credit_card,Asia,1,,0,2025-12-31,2025-12-31,402
203,2023-03-13,Premium,Annual,39.99,bank_transfer,North America,1,,0,2025-12-31,2025-12-31,1024
204,2024-02-25,Basic,Annual,9.99,credit_card,Europe,1,,0,2025-12-31,2025-12-31,675
205,2023-05-04,Basic,Monthly,9.99,credit_card,North America,1,,0,2025-12-31,2025-12-31,972
206,2023-08-01,Basic,Annual,9.99,credit_card,Europe,1,,0,2025-12-31,2025-12-31,883
207,2025-06-13,Basic,Monthly,9.99,credit_card,Europe,1,,0,2025-12-31,2025-12-31,201
208,2025-09-21,Basic,Monthly,9.99,credit_card,North America,0,2025-12-04,1,2025-12-04,2025-12-31,74
209,2023-02-24,Premium,Annual,39.99,credit_card,Europe,1,,0,2025-12-31,2025-12-31,1041
210,2024-10-15,Basic,Monthly,9.99,credit_card,Europe,1,,0,2025-12-31,2025-12-31,442
211,2023-01-07,Standard,Monthly,19.99,apple_pay,North America,1,,0,2025-12-31,2025-12-31,1089
212,2023-10-15,Basic,Monthly,9.99,bank_transfer,North America,1,,0,2025-12-31,2025-12-31,808
213,2024-04-26,Basic,Monthly,9.99,credit_card,Oceania,1,,0,2025-12-31,2025-12-31,614
214,2025-06-22,Basic,Annual,9.99,credit_card,Asia,1,,0,2025-12-31,2025-12-31,192
215,2023-10-30,Premium,Annual,39.99,credit_card,Asia,1,,0,2025-12-31,2025-12-31,793
216,2024-07-16,Premium,Annual,39.99,paypal,Europe,1,,0,2025-12-31,2025-12-31,533
217,2024-07-17,Basic,Monthly,9.99,credit_card,Asia,1,,0,2025-12-31,2025-12-31,532
218,2025-01-13,Standard,Monthly,19.99,credit_card,North America,1,,0,2025-12-31,2025-12-31,352
219,2023-01-26,Premium,Annual,39.99,credit_card,North America,1,,0,2025-12-31,2025-12-31,1070
220,2023-12-19,Basic,Monthly,9.99,apple_pay,Europe,0,2025-06-05,1,2025-06-05,2025-12-31,534
221,2025-07-08,Standard,Annual,19.99,apple_pay,North America,1,,0,2025-12-31,2025-12-31,176
222,2025-07-31,Premium,Monthly,39.99,bank_transfer,Europe,1,,0,2025-12-31,2025-12-31,153
223,2023-08-29,Standard,Monthly,19.99,credit_card,North America,0,2025-07-06,1,2025-07-06,2025-12-31,677
224,2025-09-30,Basic,Monthly,9.99,credit_card,Europe,1,,0,2025-12-31,2025-12-31,92
225,2024-05-24,Standard,Monthly,19.99,credit_card,North America,1,,0,2025-12-31,2025-12-31,586
226,2024-06-07,Standard,Monthly,19.99,apple_pay,Europe,1,,0,2025-12-31,2025-12-31,572
227,2023-04-17,Premium,Monthly,39.99,bank_transfer,Europe,1,,0,2025-12-31,2025-12-31,989
228,2023-03-14,Standard,Monthly,19.99,paypal,Europe,1,,0,2025-12-31,2025-12-31,1023
229,2023-02-10,Premium,Monthly,39.99,paypal,Europe,1,,0,2025-12-31,2025-12-31,1055
230,2025-03-14,Basic,Monthly,9.99,paypal,Asia,1,,0,2025-12-31,2025-12-31,292
231,2023-04-20,Premium,Monthly,39.99,credit_card,North America,1,,0,2025-12-31,2025-12-31,986
232,2023-08-09,Standard,Annual,19.99,credit_card,North America,1,,0,2025-12-31,2025-12-31,875
233,2024-06-24,Basic,Monthly,9.99,paypal,Asia,0,2025-05-04,1,2025-05-04,2025-12-31,314
234,2024-06-21,Standard,Annual,19.99,credit_card,Asia,1,,0,2025-12-31,2025-12-31,558
235,2023-04-04,Basic,Monthly,9.99,credit_card,North America,1,,0,2025-12-31,2025-12-31,1002
236,2023-09-15,Basic,Monthly,9.99,credit_card,North America,1,,0,2025-12-31,2025-12-31,838
237,2024-01-25,Premium,Monthly,39.99,paypal,Asia,1,,0,2025-12-31,2025-12-31,706
238,2023-01-02,Premium,Annual,39.99,credit_card,North America,0,2025-01-21,1,2025-01-21,2025-12-31,750
239,2024-06-25,Basic,Monthly,9.99,paypal,Asia,0,2025-09-03,1,2025-09-03,2025-12-31,435
240,2025-03-13,Premium,Annual,39.99,bank_transfer,South America,1,,0,2025-12-31,2025-12-31,293
241,2023-01-06,Basic,Monthly,9.99,apple_pay,North America,1,,0,2025-12-31,2025-12-31,1090
242,2024-04-03,Basic,Monthly,9.99,apple_pay,Europe,1,,0,2025-12-31,2025-12-31,637
243,2023-03-23,Basic,Monthly,9.99,bank_transfer,North America,0,2025-10-26,1,2025-10-26,2025-12-31,948
244,2024-03-30,Premium,Monthly,39.99,credit_card,Oceania,1,,0,2025-12-31,2025-12-31,641
245,2025-01-31,Basic,Annual,9.99,bank_transfer,North America,1,,0,2025-12-31,2025-12-31,334
246,2025-03-30,Basic,Monthly,9.99,apple_pay,North America,1,,0,2025-12-31,2025-12-31,276
247,2025-03-31,Basic,Monthly,9.99,paypal,North America,0,2025-07-12,1,2025-07-12,2025-12-31,103
248,2025-04-13,Standard,Annual,19.99,paypal,Europe,1,,0,2025-12-31,2025-12-31,262
249,2025-08-03,Basic,Annual,9.99,credit_card,Asia,0,2025-12-05,1,2025-12-05,2025-12-31,124
250,2025-04-16,Basic,Monthly,9.99,credit_card,North America,1,,0,2025-12-31,2025-12-31,259
251,2023-07-31,Basic,Monthly,9.99,credit_card,North America,1,,0,2025-12-31,2025-12-31,884
252,2025-08-05,Basic,Annual,9.99,credit_card,North America,1,,0,2025-12-31,2025-12-31,148
253,2025-05-18,Basic,Annual,9.99,bank_transfer,Asia,1,,0,2025-12-31,2025-12-31,227
254,2024-02-16,Premium,Monthly,39.99,paypal,Asia,1,,0,2025-12-31,2025-12-31,684
255,2025-06-22,Standard,Monthly,19.99,bank_transfer,Europe,1,,0,2025-12-31,2025-12-31,192
256,2024-12-17,Standard,Monthly,19.99,credit_card,North America,1,,0,2025-12-31,2025-12-31,379
257,2024-05-30,Basic,Annual,9.99,apple_pay,North America,1,,0,2025-12-31,2025-12-31,580
258,2025-10-24,Standard,Monthly,19.99,bank_transfer,Oceania,1,,0,2025-12-31,2025-12-31,68
259,2023-10-16,Basic,Monthly,9.99,credit_card,Oceania,0,2025-05-01,1,2025-05-01,2025-12-31,563
260,2024-08-31,Basic,Annual,9.99,credit_card,Oceania,1,,0,2025-12-31,2025-12-31,487
261,2023-03-09,Standard,Monthly,19.99,paypal,Europe,0,2025-08-22,1,2025-08-22,2025-12-31,897
262,2024-07-21,Standard,Monthly,19.99,credit_card,North America,1,,0,2025-12-31,2025-12-31,528
263,2024-11-06,Basic,Annual,9.99,credit_card,Asia,1,,0,2025-12-31,2025-12-31,420
264,2024-09-03,Standard,Annual,19.99,credit_card,Europe,1,,0,2025-12-31,2025-12-31,484
265,2023-08-17,Basic,Annual,9.99,paypal,Europe,1,,0,2025-12-31,2025-12-31,867
266,2025-10-15,Standard,Monthly,19.99,paypal,North America,1,,0,2025-12-31,2025-12-31,77
267,2023-04-26,Standard,Monthly,19.99,apple_pay,South America,1,,0,2025-12-31,2025-12-31,980
268,2024-10-03,Basic,Monthly,9.99,credit_card,North America,1,,0,2025-12-31,2025-12-31,454
269,2025-08-20,Basic,Annual,9.99,paypal,Asia,1,,0,2025-12-31,2025-12-31,133
270,2023-11-03,Standard,Monthly,19.99,paypal,Europe,1,,0,2025-12-31,2025-12-31,789
271,2024-11-08,Standard,Monthly,19.99,credit_card,North America,1,,0,2025-12-31,2025-12-31,418
272,2025-04-02,Standard,Annual,19.99,credit_card,Asia,1,,0,2025-12-31,2025-12-31,273
273,2024-12-18,Premium,Monthly,39.99,paypal,North America,1,,0,2025-12-31,2025-12-31,378
274,2024-02-01,Standard,Monthly,19.99,credit_card,Europe,1,,0,2025-12-31,2025-12-31,699
275,2023-12-03,Basic,Monthly,9.99,credit_card,North America,1,,0,2025-12-31,2025-12-31,759
276,2023-02-10,Basic,Annual,9.99,paypal,Asia,1,,0,2025-12-31,2025-12-31,1055
277,2024-06-30,Premium,Monthly,39.99,paypal,Europe,1,,0,2025-12-31,2025-12-31,549
278,2024-04-03,Standard,Monthly,19.99,apple_pay,Europe,1,,0,2025-12-31,2025-12-31,637
279,2024-07-04,Basic,Monthly,9.99,credit_card,North America,1,,0,2025-12-31,2025-12-31,545
280,2025-07-15,Standard,Monthly,19.99,paypal,North America,0,2025-12-24,1,2025-12-24,2025-12-31,162
281,2025-05-27,Basic,Monthly,9.99,credit_card,Asia,1,,0,2025-12-31,2025-12-31,218
282,2025-03-08,Standard,Annual,19.99,apple_pay,North America,1,,0,2025-12-31,2025-12-31,298
283,2025-07-11,Basic,Monthly,9.99,apple_pay,Oceania,1,,0,2025-12-31,2025-12-31,173
284,2024-05-05,Premium,Monthly,39.99,paypal,Asia,1,,0,2025-12-31,2025-12-31,605
285,2023-02-10,Premium,Annual,39.99,apple_pay,Asia,1,,0,2025-12-31,2025-12-31,1055
286,2025-01-27,Standard,Monthly,19.99,paypal,Europe,1,,0,2025-12-31,2025-12-31,338
287,2023-01-16,Basic,Monthly,9.99,credit_card,Asia,0,2024-10-08,1,2024-10-08,2025-12-31,631
288,2025-02-10,Standard,Monthly,19.99,credit_card,North America,1,,0,2025-12-31,2025-12-31,324
289,2023-12-23,Basic,Monthly,9.99,credit_card,Asia,0,2025-04-08,1,2025-04-08,2025-12-31,472
290,2024-02-12,Basic,Monthly,9.99,bank_transfer,South America,0,2025-05-12,1,2025-05-12,2025-12-31,455
291,2025-04-30,Standard,Monthly,19.99,credit_card,Europe,1,,0,2025-12-31,2025-12-31,245
292,2023-08-25,Premium,Monthly,39.99,credit_card,Europe,1,,0,2025-12-31,2025-12-31,859
293,2024-10-25,Basic,Annual,9.99,credit_card,Europe,1,,0,2025-12-31,2025-12-31,432
294,2023-05-21,Standard,Annual,19.99,paypal,North America,1,,0,2025-12-31,2025-12-31,955
295,2024-06-27,Basic,Monthly,9.99,credit_card,Europe,0,2025-01-08,1,2025-01-08,2025-12-31,195
296,2023-07-01,Basic,Annual,9.99,credit_card,South America,1,,0,2025-12-31,2025-12-31,914
297,2025-04-17,Standard,Annual,19.99,apple_pay,Oceania,0,2025-10-05,1,2025-10-05,2025-12-31,171
298,2024-05-31,Standard,Monthly,19.99,credit_card,Europe,1,,0,2025-12-31,2025-12-31,579
299,2025-05-26,Standard,Annual,19.99,credit_card,Europe,1,,0,2025-12-31,2025-12-31,219
300,2023-10-09,Standard,Monthly,19.99,credit_card,North America,1,,0,2025-12-31,2025-12-31,814
301,2024-07-09,Basic,Annual,9.99,credit_card,Asia,1,,0,2025-12-31,2025-12-31,540
302,2024-04-19,Premium,Monthly,39.99,paypal,Oceania,0,2024-11-30,1,2024-11-30,2025-12-31,225
303,2025-06-09,Basic,Monthly,9.99,credit_card,Asia,1,,0,2025-12-31,2025-12-31,205
304,2025-01-10,Standard,Annual,19.99,credit_card,South America,1,,0,2025-12-31,2025-12-31,355
305,2025-04-22,Premium,Monthly,39.99,credit_card,North America,0,2025-11-02,1,2025-11-02,2025-12-31,194
306,2025-01-27,Basic,Monthly,9.99,credit_card,Europe,0,2025-07-01,1,2025-07-01,2025-12-31,155
307,2024-07-21,Basic,Monthly,9.99,credit_card,North America,1,,0,2025-12-31,2025-12-31,528
308,2025-02-17,Premium,Monthly,39.99,paypal,Europe,0,2025-10-05,1,2025-10-05,2025-12-31,230
309,2024-05-17,Basic,Monthly,9.99,bank_transfer,South America,0,2025-12-23,1,2025-12-23,2025-12-31,585
310,2024-02-17,Basic,Annual,9.99,paypal,South America,1,,0,2025-12-31,2025-12-31,683
311,2025-07-29,Basic,Monthly,9.99,credit_card,North America,0,2025-12-30,1,2025-12-30,2025-12-31,154
312,2025-01-04,Premium,Monthly,39.99,credit_card,Oceania,0,2025-08-11,1,2025-08-11,2025-12-31,219
313,2024-04-13,Premium,Monthly,39.99,paypal,North America,1,,0,2025-12-31,2025-12-31,627
314,2024-08-20,Premium,Monthly,39.99,paypal,Asia,1,,0,2025-12-31,2025-12-31,498
315,2025-03-12,Premium,Monthly,39.99,paypal,Oceania,1,,0,2025-12-31,2025-12-31,294
316,2025-04-22,Basic,Monthly,9.99,paypal,North America,1,,0,2025-12-31,2025-12-31,253
317,2023-12-26,Basic,Monthly,9.99,paypal,Europe,1,,0,2025-12-31,2025-12-31,736
318,2024-10-23,Basic,Annual,9.99,credit_card,North America,1,,0,2025-12-31,2025-12-31,434
319,2023-04-07,Basic,Annual,9.99,credit_card,Asia,1,,0,2025-12-31,2025-12-31,999
320,2023-03-07,Standard,Annual,19.99,credit_card,North America,1,,0,2025-12-31,2025-12-31,1030
321,2024-02-14,Basic,Monthly,9.99,credit_card,South America,0,2024-12-17,1,2024-12-17,2025-12-31,307
322,2025-01-23,Basic,Monthly,9.99,credit_card,North America,1,,0,2025-12-31,2025-12-31,342
323,2025-04-16,Basic,Monthly,9.99,credit_card,North America,0,2025-08-15,1,2025-08-15,2025-12-31,121
324,2023-09-10,Premium,Monthly,39.99,paypal,North America,1,,0,2025-12-31,2025-12-31,843
325,2023-10-24,Premium,Annual,39.99,credit_card,Asia,1,,0,2025-12-31,2025-12-31,799
326,2023-07-20,Basic,Annual,9.99,bank_transfer,North America,1,,0,2025-12-31,2025-12-31,895
327,2024-11-06,Standard,Annual,19.99,paypal,Asia,1,,0,2025-12-31,2025-12-31,420
328,2025-07-23,Basic,Monthly,9.99,credit_card,North America,1,,0,2025-12-31,2025-12-31,161
329,2023-09-26,Basic,Annual,9.99,credit_card,North America,1,,0,2025-12-31,2025-12-31,827
330,2024-05-30,Standard,Monthly,19.99,credit_card,Europe,1,,0,2025-12-31,2025-12-31,580
331,2024-03-12,Basic,Annual,9.99,bank_transfer,Oceania,1,,0,2025-12-31,2025-12-31,659
332,2023-06-17,Basic,Annual,9.99,paypal,North America,1,,0,2025-12-31,2025-12-31,928
333,2025-04-28,Standard,Annual,19.99,credit_card,Europe,0,2025-11-27,1,2025-11-27,2025-12-31,213
334,2025-02-04,Basic,Monthly,9.99,credit_card,South America,0,2025-12-05,1,2025-12-05,2025-12-31,304
335,2023-10-25,Standard,Annual,19.99,credit_card,North America,1,,0,2025-12-31,2025-12-31,798
336,2025-07-17,Premium,Monthly,39.99,apple_pay,North America,0,2025-11-10,1,2025-11-10,2025-12-31,116
337,2023-03-14,Basic,Monthly,9.99,credit_card,Europe,0,2025-01-20,1,2025-01-20,2025-12-31,678
338,2023-04-16,Standard,Monthly,19.99,credit_card,Europe,1,,0,2025-12-31,2025-12-31,990
339,2024-06-14,Basic,Annual,9.99,paypal,Asia,1,,0,2025-12-31,2025-12-31,565
340,2025-06-13,Standard,Monthly,19.99,credit_card,North America,1,,0,2025-12-31,2025-12-31,201
341,2025-02-21,Basic,Monthly,9.99,paypal,North America,1,,0,2025-12-31,2025-12-31,313
342,2024-11-09,Basic,Monthly,9.99,apple_pay,Europe,1,,0,2025-12-31,2025-12-31,417
343,2023-07-26,Basic,Monthly,9.99,paypal,Oceania,0,2025-01-04,1,2025-01-04,2025-12-31,528
344,2023-06-21,Basic,Annual,9.99,paypal,Asia,1,,0,2025-12-31,2025-12-31,924
345,2023-05-16,Standard,Annual,19.99,bank_transfer,North America,1,,0,2025-12-31,2025-12-31,960
346,2023-04-17,Premium,Monthly,39.99,credit_card,North America,1,,0,2025-12-31,2025-12-31,989
347,2024-11-15,Basic,Annual,9.99,bank_transfer,North America,1,,0,2025-12-31,2025-12-31,411
348,2023-11-13,Standard,Monthly,19.99,credit_card,North America,1,,0,2025-12-31,2025-12-31,779
349,2025-09-22,Basic,Annual,9.99,apple_pay,Asia,1,,0,2025-12-31,2025-12-31,100
350,2025-01-02,Basic,Monthly,9.99,paypal,Europe,1,,0,2025-12-31,2025-12-31,363
351,2024-02-21,Basic,Monthly,9.99,credit_card,North America,1,,0,2025-12-31,2025-12-31,679
352,2023-02-18,Standard,Monthly,19.99,apple_pay,North America,1,,0,2025-12-31,2025-12-31,1047
353,2025-08-24,Basic,Annual,9.99,credit_card,North America,1,,0,2025-12-31,2025-12-31,129
354,2023-10-01,Standard,Monthly,19.99,bank_transfer,North America,1,,0,2025-12-31,2025-12-31,822
355,2024-08-15,Basic,Monthly,9.99,credit_card,North America,0,2025-07-01,1,2025-07-01,2025-12-31,320
356,2023-10-09,Standard,Monthly,19.99,bank_transfer,Asia,0,2024-10-30,1,2024-10-30,2025-12-31,387
357,2025-10-08,Premium,Monthly,39.99,paypal,Europe,1,,0,2025-12-31,2025-12-31,84
358,2023-02-26,Standard,Annual,19.99,credit_card,Asia,1,,0,2025-12-31,2025-12-31,1039
359,2025-09-09,Standard,Monthly,19.99,credit_card,Europe,1,,0,2025-12-31,2025-12-31,113
360,2023-05-20,Standard,Monthly,19.99,credit_card,North America,0,2024-10-02,1,2024-10-02,2025-12-31,501
361,2025-07-23,Standard,Monthly,19.99,paypal,Asia,0,2025-10-03,1,2025-10-03,2025-12-31,72
362,2024-11-19,Basic,Annual,9.99,apple_pay,North America,0,2025-10-15,1,2025-10-15,2025-12-31,330
363,2025-04-11,Standard,Monthly,19.99,credit_card,Europe,1,,0,2025-12-31,2025-12-31,264
364,2023-01-10,Basic,Monthly,9.99,paypal,Asia,1,,0,2025-12-31,2025-12-31,1086
365,2023-05-12,Premium,Monthly,39.99,paypal,North America,1,,0,2025-12-31,2025-12-31,964
366,2024-11-25,Premium,Monthly,39.99,paypal,Europe,0,2025-06-30,1,2025-06-30,2025-12-31,217
367,2025-03-01,Basic,Annual,9.99,credit_card,North America,1,,0,2025-12-31,2025-12-31,305
368,2023-06-09,Premium,Annual,39.99,credit_card,Europe,1,,0,2025-12-31,2025-12-31,936
369,2024-01-17,Standard,Monthly,19.99,credit_card,Europe,1,,0,2025-12-31,2025-12-31,714
370,2024-06-03,Standard,Monthly,19.99,bank_transfer,Oceania,1,,0,2025-12-31,2025-12-31,576
371,2025-05-19,Standard,Monthly,19.99,credit_card,Europe,1,,0,2025-12-31,2025-12-31,226
372,2023-07-28,Standard,Annual,19.99,paypal,Asia,1,,0,2025-12-31,2025-12-31,887
373,2024-01-24,Basic,Monthly,9.99,paypal,Asia,1,,0,2025-12-31,2025-12-31,707
374,2024-10-04,Standard,Monthly,19.99,paypal,Asia,1,,0,2025-12-31,2025-12-31,453
375,2024-02-26,Basic,Annual,9.99,paypal,Europe,1,,0,2025-12-31,2025-12-31,674
376,2024-10-02,Basic,Monthly,9.99,credit_card,South America,1,,0,2025-12-31,2025-12-31,455
377,2024-05-27,Basic,Annual,9.99,credit_card,Asia,1,,0,2025-12-31,2025-12-31,583
378,2023-02-04,Standard,Annual,19.99,credit_card,North America,1,,0,2025-12-31,2025-12-31,1061
379,2023-03-21,Standard,Monthly,19.99,bank_transfer,Europe,0,2025-03-22,1,2025-03-22,2025-12-31,732
380,2023-11-25,Premium,Monthly,39.99,credit_card,South America,1,,0,2025-12-31,2025-12-31,767
381,2025-02-11,Standard,Monthly,19.99,credit_card,North America,1,,0,2025-12-31,2025-12-31,323
382,2025-07-24,Basic,Monthly,9.99,paypal,North America,0,2025-10-23,1,2025-10-23,2025-12-31,91
383,2024-03-28,Standard,Annual,19.99,credit_card,South America,1,,0,2025-12-31,2025-12-31,643
384,2024-05-05,Standard,Monthly,19.99,paypal,Europe,1,,0,2025-12-31,2025-12-31,605
385,2025-10-15,Standard,Monthly,19.99,credit_card,Europe,1,,0,2025-12-31,2025-12-31,77
386,2025-09-14,Basic,Monthly,9.99,paypal,North America,0,2025-12-30,1,2025-12-30,2025-12-31,107
387,2023-09-08,Basic,Monthly,9.99,credit_card,Europe,1,,0,2025-12-31,2025-12-31,845
388,2023-02-21,Basic,Monthly,9.99,credit_card,North America,1,,0,2025-12-31,2025-12-31,1044
389,2024-06-26,Standard,Monthly,19.99,paypal,North America,0,2024-11-28,1,2024-11-28,2025-12-31,155
390,2024-06-27,Premium,Monthly,39.99,paypal,Asia,1,,0,2025-12-31,2025-12-31,552
391,2023-06-29,Standard,Annual,19.99,credit_card,South America,0,2024-08-28,1,2024-08-28,2025-12-31,426
392,2023-06-19,Basic,Monthly,9.99,credit_card,North America,0,2024-06-23,1,2024-06-23,2025-12-31,370
393,2024-07-22,Standard,Annual,19.99,paypal,North America,1,,0,2025-12-31,2025-12-31,527
394,2024-08-07,Basic,Monthly,9.99,apple_pay,South America,1,,0,2025-12-31,2025-12-31,511
395,2024-09-01,Standard,Monthly,19.99,credit_card,Europe,1,,0,2025-12-31,2025-12-31,486
396,2024-12-14,Basic,Annual,9.99,bank_transfer,Europe,1,,0,2025-12-31,2025-12-31,382
397,2023-08-24,Basic,Annual,9.99,bank_transfer,South America,1,,0,2025-12-31,2025-12-31,860
398,2023-10-24,Basic,Annual,9.99,paypal,Europe,1,,0,2025-12-31,2025-12-31,799
399,2024-03-31,Basic,Monthly,9.99,credit_card,South America,1,,0,2025-12-31,2025-12-31,640
400,2024-10-06,Basic,Monthly,9.99,credit_card,Asia,1,,0,2025-12-31,2025-12-31,451
401,2025-04-10,Standard,Annual,19.99,credit_card,South America,1,,0,2025-12-31,2025-12-31,265
402,2025-03-04,Standard,Annual,19.99,apple_pay,Europe,1,,0,2025-12-31,2025-12-31,302
403,2023-07-12,Premium,Monthly,39.99,paypal,North America,1,,0,2025-12-31,2025-12-31,903
404,2024-03-28,Basic,Monthly,9.99,credit_card,Europe,1,,0,2025-12-31,2025-12-31,643
405,2023-07-21,Standard,Monthly,19.99,paypal,Europe,1,,0,2025-12-31,2025-12-31,894
406,2023-11-13,Standard,Monthly,19.99,credit_card,Asia,1,,0,2025-12-31,2025-12-31,779
407,2023-09-21,Premium,Monthly,39.99,paypal,North America,1,,0,2025-12-31,2025-12-31,832
408,2024-09-25,Standard,Monthly,19.99,paypal,South America,1,,0,2025-12-31,2025-12-31,462
409,2024-10-02,Premium,Monthly,39.99,bank_transfer,North America,1,,0,2025-12-31,2025-12-31,455
410,2024-04-01,Standard,Monthly,19.99,credit_card,Asia,1,,0,2025-12-31,2025-12-31,639
411,2023-10-28,Basic,Monthly,9.99,paypal,Oceania,1,,0,2025-12-31,2025-12-31,795
412,2024-05-06,Basic,Annual,9.99,credit_card,Europe,0,2025-12-27,1,2025-12-27,2025-12-31,600
413,2024-08-15,Standard,Annual,19.99,credit_card,Europe,1,,0,2025-12-31,2025-12-31,503
414,2025-05-12,Basic,Monthly,9.99,bank_transfer,North America,1,,0,2025-12-31,2025-12-31,233
415,2025-09-03,Basic,Monthly,9.99,credit_card,North America,1,,0,2025-12-31,2025-12-31,119
416,2024-05-02,Basic,Annual,9.99,credit_card,Asia,1,,0,2025-12-31,2025-12-31,608
417,2023-02-25,Basic,Monthly,9.99,credit_card,North America,1,,0,2025-12-31,2025-12-31,1040
418,2025-03-13,Basic,Annual,9.99,bank_transfer,Asia,1,,0,2025-12-31,2025-12-31,293
419,2024-03-03,Standard,Monthly,19.99,apple_pay,North America,0,2025-01-22,1,2025-01-22,2025-12-31,325
420,2025-01-11,Basic,Monthly,9.99,bank_transfer,Oceania,1,,0,2025-12-31,2025-12-31,354
421,2025-05-18,Basic,Annual,9.99,credit_card,Europe,1,,0,2025-12-31,2025-12-31,227
422,2025-03-18,Basic,Monthly,9.99,credit_card,Europe,0,2025-08-13,1,2025-08-13,2025-12-31,148
423,2024-04-22,Standard,Monthly,19.99,apple_pay,North America,0,2025-10-16,1,2025-10-16,2025-12-31,542
424,2023-06-05,Premium,Annual,39.99,paypal,Europe,1,,0,2025-12-31,2025-12-31,940
425,2024-10-31,Premium,Monthly,39.99,credit_card,Europe,0,2025-05-14,1,2025-05-14,2025-12-31,195
426,2025-02-21,Standard,Monthly,19.99,credit_card,North America,1,,0,2025-12-31,2025-12-31,313
427,2023-08-30,Basic,Monthly,9.99,paypal,North America,1,,0,2025-12-31,2025-12-31,854
428,2024-02-22,Basic,Monthly,9.99,credit_card,South America,1,,0,2025-12-31,2025-12-31,678
429,2025-06-20,Standard,Monthly,19.99,bank_transfer,Asia,1,,0,2025-12-31,2025-12-31,194
430,2025-03-17,Premium,Monthly,39.99,paypal,Europe,1,,0,2025-12-31,2025-12-31,289
431,2023-09-08,Basic,Annual,9.99,credit_card,Europe,1,,0,2025-12-31,2025-12-31,845
432,2025-02-20,Basic,Monthly,9.99,bank_transfer,North America,1,,0,2025-12-31,2025-12-31,314
433,2024-07-09,Premium,Monthly,39.99,bank_transfer,South America,1,,0,2025-12-31,2025-12-31,540
434,2023-12-18,Standard,Monthly,19.99,paypal,North America,0,2025-02-07,1,2025-02-07,2025-12-31,417
435,2024-08-29,Basic,Monthly,9.99,apple_pay,North America,1,,0,2025-12-31,2025-12-31,489
436,2025-07-01,Basic,Monthly,9.99,credit_card,North America,1,,0,2025-12-31,2025-12-31,183
437,2025-01-21,Basic,Monthly,9.99,credit_card,Europe,1,,0,2025-12-31,2025-12-31,344
438,2023-10-31,Basic,Monthly,9.99,apple_pay,North America,0,2024-07-30,1,2024-07-30,2025-12-31,273
439,2024-09-21,Standard,Monthly,19.99,apple_pay,North America,1,,0,2025-12-31,2025-12-31,466
440,2023-01-27,Basic,Monthly,9.99,apple_pay,North America,1,,0,2025-12-31,2025-12-31,1069
441,2024-09-20,Standard,Annual,19.99,credit_card,South America,1,,0,2025-12-31,2025-12-31,467
442,2024-03-23,Standard,Monthly,19.99,credit_card,North America,1,,0,2025-12-31,2025-12-31,648
443,2023-05-11,Basic,Annual,9.99,apple_pay,North America,1,,0,2025-12-31,2025-12-31,965
444,2025-05-19,Standard,Monthly,19.99,paypal,North America,1,,0,2025-12-31,2025-12-31,226
445,2023-08-09,Basic,Monthly,9.99,bank_transfer,Europe,1,,0,2025-12-31,2025-12-31,875
446,2024-07-01,Basic,Monthly,9.99,apple_pay,North America,1,,0,2025-12-31,2025-12-31,548
447,2025-10-11,Basic,Monthly,9.99,credit_card,Asia,1,,0,2025-12-31,2025-12-31,81
448,2023-02-13,Standard,Monthly,19.99,apple_pay,Europe,1,,0,2025-12-31,2025-12-31,1052
449,2023-12-23,Basic,Monthly,9.99,apple_pay,Asia,0,2025-12-15,1,2025-12-15,2025-12-31,723
450,2025-05-21,Basic,Monthly,9.99,credit_card,North America,0,2025-10-20,1,2025-10-20,2025-12-31,152
451,2024-09-13,Standard,Monthly,19.99,apple_pay,Europe,1,,0,2025-12-31,2025-12-31,474
452,2023-07-06,Standard,Annual,19.99,paypal,North America,1,,0,2025-12-31,2025-12-31,909
453,2023-03-12,Basic,Monthly,9.99,credit_card,Europe,1,,0,2025-12-31,2025-12-31,1025
454,2025-05-19,Premium,Monthly,39.99,paypal,Europe,1,,0,2025-12-31,2025-12-31,226
455,2024-01-08,Basic,Annual,9.99,credit_card,Asia,1,,0,2025-12-31,2025-12-31,723
456,2024-02-25,Basic,Annual,9.99,paypal,North America,0,2025-08-31,1,2025-08-31,2025-12-31,553
457,2023-09-16,Premium,Annual,39.99,paypal,North America,1,,0,2025-12-31,2025-12-31,837
458,2024-11-03,Basic,Monthly,9.99,credit_card,North America,1,,0,2025-12-31,2025-12-31,423
459,2023-09-24,Basic,Monthly,9.99,credit_card,Asia,1,,0,2025-12-31,2025-12-31,829
460,2025-05-30,Standard,Monthly,19.99,credit_card,North America,1,,0,2025-12-31,2025-12-31,215
461,2023-01-16,Basic,Monthly,9.99,paypal,North America,1,,0,2025-12-31,2025-12-31,1080
462,2024-12-11,Basic,Annual,9.99,apple_pay,Europe,1,,0,2025-12-31,2025-12-31,385
463,2024-01-06,Premium,Monthly,39.99,paypal,Asia,1,,0,2025-12-31,2025-12-31,725
464,2025-03-08,Standard,Monthly,19.99,credit_card,North America,1,,0,2025-12-31,2025-12-31,298
465,2024-02-21,Premium,Monthly,39.99,credit_card,Europe,1,,0,2025-12-31,2025-12-31,679
466,2024-04-22,Basic,Monthly,9.99,apple_pay,Asia,1,,0,2025-12-31,2025-12-31,618
467,2023-10-14,Basic,Monthly,9.99,paypal,North America,0,2024-09-16,1,2024-09-16,2025-12-31,338
468,2025-07-06,Standard,Annual,19.99,credit_card,North America,1,,0,2025-12-31,2025-12-31,178
469,2024-09-23,Premium,Annual,39.99,apple_pay,Asia,1,,0,2025-12-31,2025-12-31,464
470,2023-02-06,Basic,Monthly,9.99,credit_card,North America,1,,0,2025-12-31,2025-12-31,1059
471,2024-03-11,Premium,Annual,39.99,paypal,Europe,1,,0,2025-12-31,2025-12-31,660
472,2024-11-23,Premium,Monthly,39.99,credit_card,Asia,1,,0,2025-12-31,2025-12-31,403
473,2023-01-03,Standard,Monthly,19.99,paypal,North America,0,2024-05-13,1,2024-05-13,2025-12-31,496
474,2025-01-20,Basic,Monthly,9.99,credit_card,North America,0,2025-09-03,1,2025-09-03,2025-12-31,226
475,2023-11-15,Premium,Monthly,39.99,apple_pay,North America,1,,0,2025-12-31,2025-12-31,777
476,2025-09-18,Premium,Monthly,39.99,bank_transfer,North America,1,,0,2025-12-31,2025-12-31,104
477,2025-09-27,Premium,Monthly,39.99,bank_transfer,Europe,1,,0,2025-12-31,2025-12-31,95
478,2023-10-02,Basic,Monthly,9.99,paypal,North America,0,2024-12-24,1,2024-12-24,2025-12-31,449
479,2025-04-23,Basic,Monthly,9.99,apple_pay,North America,1,,0,2025-12-31,2025-12-31,252
480,2025-03-06,Basic,Annual,9.99,paypal,Europe,1,,0,2025-12-31,2025-12-31,300
481,2025-07-25,Standard,Annual,19.99,paypal,Asia,1,,0,2025-12-31,2025-12-31,159
482,2025-09-24,Basic,Annual,9.99,credit_card,North America,1,,0,2025-12-31,2025-12-31,98
483,2024-05-25,Standard,Monthly,19.99,credit_card,North America,1,,0,2025-12-31,2025-12-31,585
484,2025-02-21,Basic,Monthly,9.99,credit_card,North America,1,,0,2025-12-31,2025-12-31,313
485,2024-04-07,Basic,Monthly,9.99,credit_card,North America,1,,0,2025-12-31,2025-12-31,633
486,2023-06-07,Premium,Annual,39.99,paypal,South America,0,2024-11-15,1,2024-11-15,2025-12-31,527
487,2023-01-31,Basic,Monthly,9.99,credit_card,Asia,1,,0,2025-12-31,2025-12-31,1065
488,2023-08-05,Standard,Monthly,19.99,credit_card,North America,1,,0,2025-12-31,2025-12-31,879
489,2023-08-08,Premium,Annual,39.99,paypal,North America,1,,0,2025-12-31,2025-12-31,876
490,2023-07-19,Standard,Monthly,19.99,credit_card,North America,1,,0,2025-12-31,2025-12-31,896
491,2025-02-23,Basic,Monthly,9.99,apple_pay,North America,1,,0,2025-12-31,2025-12-31,311
492,2024-10-30,Standard,Annual,19.99,credit_card,North America,1,,0,2025-12-31,2025-12-31,427
493,2024-05-20,Premium,Annual,39.99,credit_card,Oceania,1,,0,2025-12-31,2025-12-31,590
494,2024-04-08,Basic,Annual,9.99,credit_card,North America,1,,0,2025-12-31,2025-12-31,632
495,2023-06-15,Basic,Monthly,9.99,credit_card,Europe,0,2024-09-25,1,2024-09-25,2025-12-31,468
496,2024-12-13,Standard,Annual,19.99,credit_card,South America,1,,0,2025-12-31,2025-12-31,383
497,2024-02-24,Standard,Annual,19.99,credit_card,Europe,1,,0,2025-12-31,2025-12-31,676
498,2025-05-20,Standard,Monthly,19.99,credit_card,North America,1,,0,2025-12-31,2025-12-31,225
499,2025-04-18,Basic,Monthly,9.99,credit_card,North America,1,,0,2025-12-31,2025-12-31,257
500,2023-02-14,Standard,Monthly,19.99,apple_pay,Asia,1,,0,2025-12-31,2025-12-31,1051
501,2024-06-05,Premium,Monthly,39.99,credit_card,Oceania,1,,0,2025-12-31,2025-12-31,574
502,2025-07-04,Basic,Monthly,9.99,paypal,North America,1,,0,2025-12-31,2025-12-31,180
503,2023-03-11,Standard,Monthly,19.99,credit_card,Asia,0,2024-02-04,1,2024-02-04,2025-12-31,330
504,2025-08-05,Basic,Monthly,9.99,paypal,Asia,1,,0,2025-12-31,2025-12-31,148
505,2025-08-24,Basic,Annual,9.99,paypal,North America,1,,0,2025-12-31,2025-12-31,129
506,2023-02-27,Basic,Monthly,9.99,credit_card,Europe,1,,0,2025-12-31,2025-12-31,1038
507,2025-04-17,Standard,Monthly,19.99,bank_transfer,North America,1,,0,2025-12-31,2025-12-31,258
508,2025-07-17,Standard,Monthly,19.99,bank_transfer,North America,0,2025-11-03,1,2025-11-03,2025-12-31,109
509,2025-07-04,Basic,Monthly,9.99,credit_card,Europe,1,,0,2025-12-31,2025-12-31,180
510,2023-05-22,Standard,Monthly,19.99,credit_card,Europe,1,,0,2025-12-31,2025-12-31,954
511,2024-02-23,Standard,Monthly,19.99,credit_card,Europe,1,,0,2025-12-31,2025-12-31,677
512,2024-02-07,Premium,Monthly,39.99,paypal,Europe,1,,0,2025-12-31,2025-12-31,693
513,2025-10-22,Premium,Monthly,39.99,bank_transfer,South America,1,,0,2025-12-31,2025-12-31,70
514,2025-06-07,Standard,Monthly,19.99,apple_pay,Europe,0,2025-09-08,1,2025-09-08,2025-12-31,93
515,2023-06-04,Premium,Monthly,39.99,paypal,South America,0,2024-03-17,1,2024-03-17,2025-12-31,287
516,2024-06-04,Standard,Monthly,19.99,bank_transfer,Europe,1,,0,2025-12-31,2025-12-31,575
517,2023-04-07,Standard,Monthly,19.99,paypal,North America,1,,0,2025-12-31,2025-12-31,999
518,2024-08-08,Standard,Monthly,19.99,credit_card,North America,1,,0,2025-12-31,2025-12-31,510
519,2024-01-29,Premium,Annual,39.99,credit_card,Europe,1,,0,2025-12-31,2025-12-31,702
520,2024-08-15,Standard,Monthly,19.99,bank_transfer,South America,1,,0,2025-12-31,2025-12-31,503
521,2023-07-04,Premium,Monthly,39.99,credit_card,Europe,1,,0,2025-12-31,2025-12-31,911
522,2025-09-14,Basic,Monthly,9.99,credit_card,North America,1,,0,2025-12-31,2025-12-31,108
523,2025-09-21,Basic,Monthly,9.99,bank_transfer,North America,1,,0,2025-12-31,2025-12-31,101
524,2024-01-14,Standard,Monthly,19.99,credit_card,Oceania,1,,0,2025-12-31,2025-12-31,717
525,2023-08-14,Basic,Annual,9.99,credit_card,Asia,0,2024-11-25,1,2024-11-25,2025-12-31,469
526,2025-01-07,Standard,Monthly,19.99,credit_card,North America,1,,0,2025-12-31,2025-12-31,358
527,2023-11-19,Basic,Monthly,9.99,credit_card,Europe,1,,0,2025-12-31,2025-12-31,773
528,2024-08-11,Premium,Monthly,39.99,credit_card,Asia,1,,0,2025-12-31,2025-12-31,507
529,2023-08-05,Standard,Annual,19.99,paypal,Asia,1,,0,2025-12-31,2025-12-31,879
530,2025-03-30,Basic,Annual,9.99,paypal,North America,1,,0,2025-12-31,2025-12-31,276
531,2023-02-01,Standard,Monthly,19.99,bank_transfer,Europe,0,2025-01-22,1,2025-01-22,2025-12-31,721
532,2024-02-07,Standard,Monthly,19.99,credit_card,Asia,1,,0,2025-12-31,2025-12-31,693
533,2023-11-27,Standard,Annual,19.99,apple_pay,South America,1,,0,2025-12-31,2025-12-31,765
534,2024-02-09,Basic,Monthly,9.99,bank_transfer,Europe,0,2025-10-24,1,2025-10-24,2025-12-31,623
535,2024-10-06,Standard,Monthly,19.99,credit_card,North America,1,,0,2025-12-31,2025-12-31,451
536,2023-06-18,Basic,Monthly,9.99,credit_card,Asia,1,,0,2025-12-31,2025-12-31,927
537,2023-10-05,Standard,Monthly,19.99,credit_card,South America,1,,0,2025-12-31,2025-12-31,818
538,2024-04-17,Basic,Monthly,9.99,credit_card,Oceania,0,2025-01-11,1,2025-01-11,2025-12-31,269
539,2023-06-03,Standard,Monthly,19.99,paypal,North America,1,,0,2025-12-31,2025-12-31,942
540,2024-02-15,Premium,Monthly,39.99,paypal,Asia,1,,0,2025-12-31,2025-12-31,685
541,2024-05-28,Premium,Annual,39.99,bank_transfer,Europe,1,,0,2025-12-31,2025-12-31,582
542,2025-01-13,Standard,Monthly,19.99,credit_card,Europe,1,,0,2025-12-31,2025-12-31,352
543,2024-12-03,Basic,Annual,9.99,credit_card,Asia,1,,0,2025-12-31,2025-12-31,393
544,2025-07-06,Standard,Annual,19.99,bank_transfer,North America,1,,0,2025-12-31,2025-12-31,178
545,2024-06-18,Premium,Monthly,39.99,bank_transfer,North America,0,2025-05-24,1,2025-05-24,2025-12-31,340
546,2023-01-03,Premium,Annual,39.99,credit_card,North America,1,,0,2025-12-31,2025-12-31,1093
547,2025-02-19,Basic,Annual,9.99,credit_card,North America,1,,0,2025-12-31,2025-12-31,315
548,2025-02-19,Standard,Monthly,19.99,paypal,South America,1,,0,2025-12-31,2025-12-31,315
549,2024-05-26,Basic,Monthly,9.99,credit_card,Oceania,1,,0,2025-12-31,2025-12-31,584
550,2024-01-27,Premium,Monthly,39.99,paypal,South America,1,,0,2025-12-31,2025-12-31,704
551,2023-08-23,Basic,Monthly,9.99,apple_pay,Europe,1,,0,2025-12-31,2025-12-31,861
552,2024-08-28,Premium,Monthly,39.99,bank_transfer,Europe,1,,0,2025-12-31,2025-12-31,490
553,2025-01-17,Premium,Monthly,39.99,credit_card,Asia,1,,0,2025-12-31,2025-12-31,348
554,2024-11-04,Premium,Monthly,39.99,credit_card,North America,1,,0,2025-12-31,2025-12-31,422
555,2024-04-26,Basic,Monthly,9.99,credit_card,Asia,0,2024-10-22,1,2024-10-22,2025-12-31,179
556,2024-11-15,Premium,Monthly,39.99,credit_card,Europe,0,2025-05-01,1,2025-05-01,2025-12-31,167
557,2025-09-24,Standard,Monthly,19.99,paypal,North America,1,,0,2025-12-31,2025-12-31,98
558,2024-11-08,Basic,Monthly,9.99,credit_card,North America,1,,0,2025-12-31,2025-12-31,418
559,2024-02-24,Basic,Monthly,9.99,credit_card,North America,1,,0,2025-12-31,2025-12-31,676
560,2024-11-06,Basic,Monthly,9.99,paypal,North America,1,,0,2025-12-31,2025-12-31,420
561,2025-09-23,Basic,Monthly,9.99,credit_card,North America,1,,0,2025-12-31,2025-12-31,99
562,2024-08-13,Standard,Monthly,19.99,credit_card,North America,1,,0,2025-12-31,2025-12-31,505
563,2023-02-13,Basic,Annual,9.99,bank_transfer,Asia,1,,0,2025-12-31,2025-12-31,1052
564,2023-01-09,Premium,Annual,39.99,bank_transfer,South America,1,,0,2025-12-31,2025-12-31,1087
565,2023-08-18,Standard,Annual,19.99,credit_card,Asia,1,,0,2025-12-31,2025-12-31,866
566,2023-07-27,Standard,Annual,19.99,apple_pay,South America,1,,0,2025-12-31,2025-12-31,888
567,2023-02-12,Basic,Annual,9.99,credit_card,Asia,1,,0,2025-12-31,2025-12-31,1053
568,2023-07-31,Basic,Annual,9.99,paypal,North America,1,,0,2025-12-31,2025-12-31,884
569,2023-09-22,Premium,Monthly,39.99,credit_card,North America,1,,0,2025-12-31,2025-12-31,831
570,2024-05-21,Standard,Monthly,19.99,credit_card,North America,1,,0,2025-12-31,2025-12-31,589
571,2023-07-23,Premium,Monthly,39.99,credit_card,North America,1,,0,2025-12-31,2025-12-31,892
572,2025-09-02,Basic,Monthly,9.99,paypal,South America,1,,0,2025-12-31,2025-12-31,120
573,2024-01-31,Premium,Annual,39.99,credit_card,Asia,1,,0,2025-12-31,2025-12-31,700
574,2025-08-12,Basic,Annual,9.99,apple_pay,North America,1,,0,2025-12-31,2025-12-31,141
575,2025-10-19,Premium,Monthly,39.99,credit_card,Europe,1,,0,2025-12-31,2025-12-31,73
576,2025-03-17,Basic,Monthly,9.99,paypal,Europe,1,,0,2025-12-31,2025-12-31,289
577,2024-05-26,Basic,Monthly,9.99,credit_card,North America,0,2025-01-05,1,2025-01-05,2025-12-31,224
578,2023-03-07,Standard,Monthly,19.99,apple_pay,Asia,0,2025-01-31,1,2025-01-31,2025-12-31,696
579,2025-08-12,Basic,Monthly,9.99,credit_card,Europe,1,,0,2025-12-31,2025-12-31,141
580,2025-01-16,Standard,Monthly,19.99,paypal,North America,1,,0,2025-12-31,2025-12-31,349
581,2024-02-05,Basic,Monthly,9.99,apple_pay,Europe,1,,0,2025-12-31,2025-12-31,695
582,2024-06-26,Standard,Monthly,19.99,credit_card,Europe,0,2025-09-23,1,2025-09-23,2025-12-31,454
583,2023-08-01,Standard,Monthly,19.99,paypal,Europe,1,,0,2025-12-31,2025-12-31,883
584,2024-05-02,Standard,Annual,19.99,credit_card,North America,1,,0,2025-12-31,2025-12-31,608
585,2024-08-19,Basic,Monthly,9.99,credit_card,Asia,1,,0,2025-12-31,2025-12-31,499
586,2025-10-24,Basic,Monthly,9.99,credit_card,Europe,1,,0,2025-12-31,2025-12-31,68
587,2024-11-10,Standard,Monthly,19.99,paypal,Europe,1,,0,2025-12-31,2025-12-31,416
588,2025-04-01,Basic,Monthly,9.99,apple_pay,Europe,1,,0,2025-12-31,2025-12-31,274
589,2025-10-31,Basic,Annual,9.99,apple_pay,Asia,1,,0,2025-12-31,2025-12-31,61
590,2024-08-22,Basic,Annual,9.99,bank_transfer,South America,1,,0,2025-12-31,2025-12-31,496
591,2025-02-11,Standard,Monthly,19.99,apple_pay,Europe,1,,0,2025-12-31,2025-12-31,323
592,2023-09-08,Basic,Monthly,9.99,credit_card,Asia,1,,0,2025-12-31,2025-12-31,845
593,2023-11-02,Standard,Annual,19.99,bank_transfer,Europe,1,,0,2025-12-31,2025-12-31,790
594,2025-05-01,Standard,Annual,19.99,credit_card,North America,1,,0,2025-12-31,2025-12-31,244
595,2024-12-21,Standard,Monthly,19.99,credit_card,Asia,1,,0,2025-12-31,2025-12-31,375
596,2025-07-22,Basic,Monthly,9.99,paypal,Asia,1,,0,2025-12-31,2025-12-31,162
597,2025-06-11,Standard,Monthly,19.99,credit_card,Europe,1,,0,2025-12-31,2025-12-31,203
598,2023-03-17,Standard,Monthly,19.99,credit_card,North America,0,2024-04-17,1,2024-04-17,2025-12-31,397
599,2023-05-18,Basic,Annual,9.99,credit_card,North America,1,,0,2025-12-31,2025-12-31,958
600,2023-05-09,Premium,Annual,39.99,paypal,North America,1,,0,2025-12-31,2025-12-31,967
601,2024-05-03,Premium,Monthly,39.99,credit_card,North America,1,,0,2025-12-31,2025-12-31,607
602,2025-06-20,Basic,Monthly,9.99,credit_card,North America,1,,0,2025-12-31,2025-12-31,194
603,2024-03-12,Premium,Monthly,39.99,paypal,North America,1,,0,2025-12-31,2025-12-31,659
604,2025-08-14,Basic,Monthly,9.99,paypal,North America,1,,0,2025-12-31,2025-12-31,139
605,2025-06-16,Basic,Monthly,9.99,credit_card,North America,1,,0,2025-12-31,2025-12-31,198
606,2024-07-06,Premium,Monthly,39.99,credit_card,North America,1,,0,2025-12-31,2025-12-31,543
607,2024-01-02,Basic,Monthly,9.99,credit_card,North America,1,,0,2025-12-31,2025-12-31,729
608,2023-10-22,Basic,Monthly,9.99,credit_card,Europe,0,2025-01-09,1,2025-01-09,2025-12-31,445
609,2025-05-18,Basic,Monthly,9.99,apple_pay,North America,1,,0,2025-12-31,2025-12-31,227
610,2023-04-19,Basic,Monthly,9.99,credit_card,Asia,0,2024-06-02,1,2024-06-02,2025-12-31,410
611,2023-11-10,Premium,Annual,39.99,apple_pay,Europe,1,,0,2025-12-31,2025-12-31,782
612,2023-12-16,Standard,Monthly,19.99,paypal,Europe,0,2024-07-23,1,2024-07-23,2025-12-31,220
613,2024-09-21,Premium,Monthly,39.99,bank_transfer,Europe,1,,0,2025-12-31,2025-12-31,466
614,2024-11-12,Premium,Monthly,39.99,credit_card,North America,1,,0,2025-12-31,2025-12-31,414
615,2025-01-31,Premium,Monthly,39.99,paypal,Europe,1,,0,2025-12-31,2025-12-31,334
616,2024-06-16,Basic,Annual,9.99,credit_card,Asia,1,,0,2025-12-31,2025-12-31,563
617,2023-02-04,Standard,Monthly,19.99,bank_transfer,North America,1,,0,2025-12-31,2025-12-31,1061
618,2023-01-01,Basic,Monthly,9.99,paypal,Europe,0,2024-02-21,1,2024-02-21,2025-12-31,416
619,2025-05-12,Standard,Monthly,19.99,credit_card,Europe,1,,0,2025-12-31,2025-12-31,233
620,2024-10-15,Basic,Monthly,9.99,apple_pay,Europe,1,,0,2025-12-31,2025-12-31,442
621,2024-08-06,Basic,Monthly,9.99,bank_transfer,Asia,0,2025-02-21,1,2025-02-21,2025-12-31,199
622,2024-08-03,Standard,Monthly,19.99,paypal,South America,1,,0,2025-12-31,2025-12-31,515
623,2024-12-31,Basic,Annual,9.99,credit_card,Asia,1,,0,2025-12-31,2025-12-31,365
624,2024-02-09,Standard,Monthly,19.99,bank_transfer,Asia,1,,0,2025-12-31,2025-12-31,691
625,2024-06-01,Standard,Annual,19.99,credit_card,Europe,1,,0,2025-12-31,2025-12-31,578
626,2025-09-20,Premium,Monthly,39.99,apple_pay,North America,1,,0,2025-12-31,2025-12-31,102
627,2024-05-13,Premium,Annual,39.99,paypal,Europe,1,,0,2025-12-31,2025-12-31,597
628,2025-05-07,Basic,Monthly,9.99,bank_transfer,Asia,1,,0,2025-12-31,2025-12-31,238
629,2023-07-31,Basic,Monthly,9.99,credit_card,North America,0,2024-05-12,1,2024-05-12,2025-12-31,286
630,2023-11-17,Basic,Monthly,9.99,paypal,Europe,1,,0,2025-12-31,2025-12-31,775
631,2025-03-08,Basic,Annual,9.99,credit_card,Europe,1,,0,2025-12-31,2025-12-31,298
632,2025-04-01,Premium,Monthly,39.99,paypal,North America,0,2025-12-29,1,2025-12-29,2025-12-31,272
633,2024-09-09,Standard,Annual,19.99,paypal,Oceania,1,,0,2025-12-31,2025-12-31,478
634,2023-11-29,Standard,Monthly,19.99,apple_pay,Europe,1,,0,2025-12-31,2025-12-31,763
635,2023-04-15,Standard,Monthly,19.99,apple_pay,Asia,0,2025-10-29,1,2025-10-29,2025-12-31,928
636,2025-06-16,Standard,Monthly,19.99,paypal,Europe,1,,0,2025-12-31,2025-12-31,198
637,2023-04-19,Standard,Monthly,19.99,bank_transfer,North America,1,,0,2025-12-31,2025-12-31,987
638,2025-07-18,Basic,Monthly,9.99,paypal,Asia,0,2025-11-23,1,2025-11-23,2025-12-31,128
639,2025-08-30,Basic,Monthly,9.99,credit_card,Europe,0,2025-11-27,1,2025-11-27,2025-12-31,89
640,2024-03-24,Standard,Monthly,19.99,apple_pay,Europe,0,2025-01-28,1,2025-01-28,2025-12-31,310
641,2025-10-18,Basic,Monthly,9.99,bank_transfer,Europe,0,2025-12-30,1,2025-12-30,2025-12-31,73
642,2024-04-04,Premium,Monthly,39.99,paypal,Asia,0,2025-06-03,1,2025-06-03,2025-12-31,425
643,2025-05-07,Premium,Monthly,39.99,paypal,Asia,1,,0,2025-12-31,2025-12-31,238
644,2024-12-14,Standard,Annual,19.99,credit_card,Asia,1,,0,2025-12-31,2025-12-31,382
645,2025-10-11,Basic,Monthly,9.99,credit_card,Europe,1,,0,2025-12-31,2025-12-31,81
646,2024-03-11,Basic,Monthly,9.99,apple_pay,North America,1,,0,2025-12-31,2025-12-31,660
647,2023-02-12,Premium,Monthly,39.99,paypal,Europe,1,,0,2025-12-31,2025-12-31,1053
648,2023-11-06,Standard,Annual,19.99,credit_card,Asia,1,,0,2025-12-31,2025-12-31,786
649,2023-05-23,Basic,Annual,9.99,credit_card,Asia,0,2025-12-15,1,2025-12-15,2025-12-31,937
650,2024-10-29,Basic,Annual,9.99,credit_card,South America,1,,0,2025-12-31,2025-12-31,428
651,2023-09-04,Standard,Monthly,19.99,credit_card,North America,1,,0,2025-12-31,2025-12-31,849
652,2024-02-29,Basic,Monthly,9.99,paypal,Europe,1,,0,2025-12-31,2025-12-31,671
653,2024-09-22,Premium,Monthly,39.99,credit_card,North America,1,,0,2025-12-31,2025-12-31,465
654,2024-04-07,Standard,Monthly,19.99,bank_transfer,North America,1,,0,2025-12-31,2025-12-31,633
655,2023-09-11,Standard,Annual,19.99,bank_transfer,Asia,1,,0,2025-12-31,2025-12-31,842
656,2024-09-16,Standard,Monthly,19.99,credit_card,Europe,0,2025-01-17,1,2025-01-17,2025-12-31,123
657,2023-09-25,Premium,Monthly,39.99,apple_pay,North America,1,,0,2025-12-31,2025-12-31,828
658,2024-03-08,Basic,Monthly,9.99,credit_card,Europe,0,2025-09-28,1,2025-09-28,2025-12-31,569
659,2023-01-09,Standard,Monthly,19.99,paypal,South America,1,,0,2025-12-31,2025-12-31,1087
660,2023-08-31,Premium,Monthly,39.99,credit_card,Europe,0,2025-02-09,1,2025-02-09,2025-12-31,528
661,2023-04-22,Premium,Monthly,39.99,credit_card,Asia,1,,0,2025-12-31,2025-12-31,984
662,2024-09-27,Standard,Annual,19.99,paypal,North America,1,,0,2025-12-31,2025-12-31,460
663,2024-06-27,Basic,Monthly,9.99,credit_card,Europe,0,2025-12-07,1,2025-12-07,2025-12-31,528
664,2024-02-29,Standard,Monthly,19.99,bank_transfer,North America,1,,0,2025-12-31,2025-12-31,671
665,2024-05-30,Basic,Monthly,9.99,bank_transfer,South America,0,2025-03-03,1,2025-03-03,2025-12-31,277
666,2025-02-18,Standard,Monthly,19.99,bank_transfer,Europe,1,,0,2025-12-31,2025-12-31,316
667,2023-12-26,Basic,Annual,9.99,credit_card,Asia,1,,0,2025-12-31,2025-12-31,736
668,2024-04-10,Basic,Monthly,9.99,credit_card,Europe,1,,0,2025-12-31,2025-12-31,630
669,2023-03-25,Basic,Monthly,9.99,credit_card,Asia,0,2025-03-23,1,2025-03-23,2025-12-31,729
670,2025-02-08,Standard,Monthly,19.99,credit_card,Europe,1,,0,2025-12-31,2025-12-31,326
671,2024-04-17,Standard,Monthly,19.99,paypal,North America,0,2024-12-15,1,2024-12-15,2025-12-31,242
672,2025-07-21,Basic,Monthly,9.99,apple_pay,Asia,1,,0,2025-12-31,2025-12-31,163
673,2024-10-12,Premium,Monthly,39.99,credit_card,North America,0,2025-05-03,1,2025-05-03,2025-12-31,203
674,2024-12-10,Premium,Monthly,39.99,credit_card,North America,1,,0,2025-12-31,2025-12-31,386
675,2023-04-15,Basic,Annual,9.99,apple_pay,Europe,1,,0,2025-12-31,2025-12-31,991
676,2023-12-18,Basic,Monthly,9.99,credit_card,Asia,1,,0,2025-12-31,2025-12-31,744
677,2024-02-25,Basic,Annual,9.99,credit_card,North America,1,,0,2025-12-31,2025-12-31,675
678,2025-05-14,Basic,Annual,9.99,credit_card,Europe,0,2025-12-21,1,2025-12-21,2025-12-31,221
679,2024-06-06,Standard,Monthly,19.99,bank_transfer,Oceania,1,,0,2025-12-31,2025-12-31,573
680,2024-11-27,Standard,Monthly,19.99,bank_transfer,North America,0,2025-10-25,1,2025-10-25,2025-12-31,332
681,2023-09-21,Standard,Monthly,19.99,bank_transfer,Oceania,1,,0,2025-12-31,2025-12-31,832
682,2025-07-13,Standard,Monthly,19.99,bank_transfer,Asia,0,2025-11-20,1,2025-11-20,2025-12-31,130
683,2024-07-18,Standard,Monthly,19.99,credit_card,Europe,0,2025-04-29,1,2025-04-29,2025-12-31,285
684,2023-09-10,Standard,Monthly,19.99,bank_transfer,North America,0,2024-08-30,1,2024-08-30,2025-12-31,355
685,2024-12-25,Basic,Annual,9.99,credit_card,North America,1,,0,2025-12-31,2025-12-31,371
686,2023-02-04,Premium,Annual,39.99,paypal,Asia,1,,0,2025-12-31,2025-12-31,1061
687,2023-11-27,Standard,Monthly,19.99,paypal,Europe,1,,0,2025-12-31,2025-12-31,765
688,2023-03-23,Standard,Annual,19.99,credit_card,North America,0,2024-01-07,1,2024-01-07,2025-12-31,290
689,2025-04-02,Standard,Monthly,19.99,credit_card,Oceania,1,,0,2025-12-31,2025-12-31,273
690,2025-02-13,Basic,Monthly,9.99,credit_card,Europe,1,,0,2025-12-31,2025-12-31,321
691,2024-01-01,Standard,Annual,19.99,credit_card,Asia,1,,0,2025-12-31,2025-12-31,730
692,2023-01-11,Premium,Monthly,39.99,paypal,Asia,0,2025-03-08,1,2025-03-08,2025-12-31,787
693,2024-04-07,Basic,Annual,9.99,credit_card,North America,1,,0,2025-12-31,2025-12-31,633
694,2023-11-28,Premium,Monthly,39.99,credit_card,North America,1,,0,2025-12-31,2025-12-31,764
695,2023-11-30,Premium,Monthly,39.99,bank_transfer,Europe,1,,0,2025-12-31,2025-12-31,762
696,2025-09-27,Premium,Monthly,39.99,credit_card,Asia,1,,0,2025-12-31,2025-12-31,95
697,2025-04-05,Basic,Monthly,9.99,credit_card,North America,1,,0,2025-12-31,2025-12-31,270
698,2023-03-06,Premium,Monthly,39.99,paypal,North America,1,,0,2025-12-31,2025-12-31,1031
699,2023-05-28,Premium,Annual,39.99,credit_card,Europe,1,,0,2025-12-31,2025-12-31,948
700,2024-01-05,Basic,Monthly,9.99,paypal,Europe,0,2025-04-09,1,2025-04-09,2025-12-31,460
701,2025-01-18,Standard,Annual,19.99,credit_card,Europe,1,,0,2025-12-31,2025-12-31,347
702,2023-06-05,Basic,Monthly,9.99,credit_card,North America,1,,0,2025-12-31,2025-12-31,940
703,2023-01-22,Basic,Monthly,9.99,paypal,North America,0,2024-04-12,1,2024-04-12,2025-12-31,446
704,2023-11-16,Standard,Monthly,19.99,credit_card,Oceania,1,,0,2025-12-31,2025-12-31,776
705,2023-03-26,Standard,Annual,19.99,bank_transfer,North America,1,,0,2025-12-31,2025-12-31,1011
706,2024-07-23,Premium,Annual,39.99,credit_card,Europe,1,,0,2025-12-31,2025-12-31,526
707,2025-05-24,Standard,Monthly,19.99,paypal,Europe,1,,0,2025-12-31,2025-12-31,221
708,2023-01-08,Premium,Monthly,39.99,credit_card,North America,1,,0,2025-12-31,2025-12-31,1088
709,2025-09-26,Basic,Monthly,9.99,credit_card,North America,1,,0,2025-12-31,2025-12-31,96
710,2024-11-25,Basic,Annual,9.99,paypal,Oceania,1,,0,2025-12-31,2025-12-31,401
711,2024-11-06,Premium,Annual,39.99,credit_card,North America,1,,0,2025-12-31,2025-12-31,420
712,2025-03-01,Basic,Monthly,9.99,credit_card,Europe,1,,0,2025-12-31,2025-12-31,305
713,2024-05-07,Basic,Monthly,9.99,credit_card,North America,1,,0,2025-12-31,2025-12-31,603
714,2024-07-10,Basic,Monthly,9.99,credit_card,Asia,1,,0,2025-12-31,2025-12-31,539
715,2025-02-20,Standard,Monthly,19.99,credit_card,Europe,1,,0,2025-12-31,2025-12-31,314
716,2023-08-24,Basic,Monthly,9.99,credit_card,Europe,1,,0,2025-12-31,2025-12-31,860
717,2025-08-21,Basic,Monthly,9.99,credit_card,North America,1,,0,2025-12-31,2025-12-31,132
718,2025-04-22,Basic,Annual,9.99,paypal,Europe,1,,0,2025-12-31,2025-12-31,253
719,2025-09-11,Basic,Monthly,9.99,bank_transfer,North America,0,2025-11-10,1,2025-11-10,2025-12-31,60
720,2025-09-25,Standard,Annual,19.99,credit_card,North America,1,,0,2025-12-31,2025-12-31,97
721,2024-01-16,Standard,Annual,19.99,paypal,Europe,0,2025-12-26,1,2025-12-26,2025-12-31,710
722,2025-05-18,Standard,Monthly,19.99,apple_pay,Europe,1,,0,2025-12-31,2025-12-31,227
723,2024-08-04,Standard,Monthly,19.99,paypal,Europe,1,,0,2025-12-31,2025-12-31,514
724,2024-07-05,Basic,Monthly,9.99,credit_card,Europe,1,,0,2025-12-31,2025-12-31,544
725,2025-08-09,Basic,Annual,9.99,apple_pay,Europe,1,,0,2025-12-31,2025-12-31,144
726,2024-07-19,Basic,Annual,9.99,credit_card,Europe,0,2025-06-11,1,2025-06-11,2025-12-31,327
727,2024-07-27,Premium,Monthly,39.99,credit_card,North America,1,,0,2025-12-31,2025-12-31,522
728,2024-06-23,Basic,Monthly,9.99,credit_card,Europe,1,,0,2025-12-31,2025-12-31,556
729,2025-04-30,Basic,Monthly,9.99,credit_card,Europe,1,,0,2025-12-31,2025-12-31,245
730,2024-05-14,Premium,Monthly,39.99,credit_card,North America,1,,0,2025-12-31,2025-12-31,596
731,2024-10-08,Standard,Annual,19.99,credit_card,Europe,1,,0,2025-12-31,2025-12-31,449
732,2023-11-03,Basic,Monthly,9.99,bank_transfer,South America,1,,0,2025-12-31,2025-12-31,789
733,2023-04-29,Standard,Annual,19.99,credit_card,Asia,0,2024-02-21,1,2024-02-21,2025-12-31,298
734,2023-11-17,Basic,Annual,9.99,credit_card,North America,1,,0,2025-12-31,2025-12-31,775
735,2024-08-14,Basic,Monthly,9.99,credit_card,Asia,0,2025-05-07,1,2025-05-07,2025-12-31,266
736,2023-10-06,Basic,Monthly,9.99,apple_pay,Europe,1,,0,2025-12-31,2025-12-31,817
737,2023-03-08,Basic,Monthly,9.99,bank_transfer,North America,1,,0,2025-12-31,2025-12-31,1029
738,2023-08-21,Basic,Monthly,9.99,credit_card,Europe,1,,0,2025-12-31,2025-12-31,863
739,2023-08-03,Standard,Monthly,19.99,paypal,Europe,1,,0,2025-12-31,2025-12-31,881
740,2025-03-17,Basic,Monthly,9.99,paypal,Europe,1,,0,2025-12-31,2025-12-31,289
741,2024-01-08,Premium,Monthly,39.99,paypal,North America,1,,0,2025-12-31,2025-12-31,723
742,2023-01-01,Basic,Monthly,9.99,paypal,Europe,0,2025-12-21,1,2025-12-21,2025-12-31,1085
743,2024-05-26,Standard,Monthly,19.99,credit_card,North America,1,,0,2025-12-31,2025-12-31,584
744,2024-07-18,Standard,Annual,19.99,credit_card,Europe,1,,0,2025-12-31,2025-12-31,531
745,2025-03-22,Basic,Annual,9.99,credit_card,Asia,1,,0,2025-12-31,2025-12-31,284
746,2023-10-09,Premium,Monthly,39.99,credit_card,North America,1,,0,2025-12-31,2025-12-31,814
747,2025-01-20,Basic,Monthly,9.99,credit_card,Asia,1,,0,2025-12-31,2025-12-31,345
748,2024-01-02,Standard,Annual,19.99,credit_card,Europe,1,,0,2025-12-31,2025-12-31,729
749,2025-05-26,Standard,Monthly,19.99,bank_transfer,North America,1,,0,2025-12-31,2025-12-31,219
750,2023-07-26,Standard,Annual,19.99,paypal,Asia,1,,0,2025-12-31,2025-12-31,889
751,2023-12-23,Standard,Monthly,19.99,apple_pay,North America,1,,0,2025-12-31,2025-12-31,739
752,2023-11-06,Basic,Monthly,9.99,paypal,North America,1,,0,2025-12-31,2025-12-31,786
753,2025-05-21,Basic,Monthly,9.99,credit_card,North America,0,2025-10-28,1,2025-10-28,2025-12-31,160
754,2024-01-28,Basic,Monthly,9.99,bank_transfer,Europe,1,,0,2025-12-31,2025-12-31,703
755,2023-08-29,Basic,Annual,9.99,apple_pay,South America,1,,0,2025-12-31,2025-12-31,855
756,2025-03-15,Basic,Monthly,9.99,paypal,North America,1,,0,2025-12-31,2025-12-31,291
757,2023-12-17,Basic,Annual,9.99,paypal,North America,1,,0,2025-12-31,2025-12-31,745
758,2024-02-24,Standard,Monthly,19.99,paypal,North America,1,,0,2025-12-31,2025-12-31,676
759,2023-11-21,Basic,Monthly,9.99,credit_card,Asia,1,,0,2025-12-31,2025-12-31,771
760,2023-12-28,Basic,Monthly,9.99,credit_card,Asia,0,2024-08-02,1,2024-08-02,2025-12-31,218
761,2025-01-04,Standard,Monthly,19.99,credit_card,South America,1,,0,2025-12-31,2025-12-31,361
762,2024-08-14,Standard,Monthly,19.99,paypal,Europe,1,,0,2025-12-31,2025-12-31,504
763,2024-12-03,Basic,Annual,9.99,credit_card,Europe,1,,0,2025-12-31,2025-12-31,393
764,2025-06-21,Premium,Monthly,39.99,bank_transfer,Asia,0,2025-09-12,1,2025-09-12,2025-12-31,83
765,2023-07-16,Basic,Monthly,9.99,apple_pay,North America,0,2025-09-08,1,2025-09-08,2025-12-31,785
766,2024-04-22,Basic,Monthly,9.99,paypal,North America,1,,0,2025-12-31,2025-12-31,618
767,2023-07-09,Standard,Monthly,19.99,credit_card,North America,0,2025-10-29,1,2025-10-29,2025-12-31,843
768,2024-12-24,Premium,Monthly,39.99,paypal,North America,1,,0,2025-12-31,2025-12-31,372
769,2024-02-21,Basic,Monthly,9.99,credit_card,Europe,0,2025-12-23,1,2025-12-23,2025-12-31,671
770,2024-08-29,Basic,Monthly,9.99,paypal,North America,1,,0,2025-12-31,2025-12-31,489
771,2024-03-09,Premium,Monthly,39.99,bank_transfer,Europe,1,,0,2025-12-31,2025-12-31,662
772,2025-07-03,Basic,Annual,9.99,credit_card,North America,1,,0,2025-12-31,2025-12-31,181
773,2023-01-06,Standard,Annual,19.99,bank_transfer,Europe,1,,0,2025-12-31,2025-12-31,1090
774,2023-07-03,Standard,Annual,19.99,credit_card,North America,1,,0,2025-12-31,2025-12-31,912
775,2025-01-07,Basic,Monthly,9.99,bank_transfer,South America,0,2025-04-12,1,2025-04-12,2025-12-31,95
776,2023-03-18,Standard,Monthly,19.99,paypal,Europe,1,,0,2025-12-31,2025-12-31,1019
777,2025-06-26,Standard,Monthly,19.99,credit_card,Europe,1,,0,2025-12-31,2025-12-31,188
778,2025-03-25,Basic,Monthly,9.99,credit_card,Europe,1,,0,2025-12-31,2025-12-31,281
779,2023-10-25,Basic,Monthly,9.99,credit_card,Asia,1,,0,2025-12-31,2025-12-31,798
780,2024-01-28,Premium,Monthly,39.99,bank_transfer,South America,1,,0,2025-12-31,2025-12-31,703
781,2023-12-28,Basic,Monthly,9.99,credit_card,Europe,0,2024-10-25,1,2024-10-25,2025-12-31,302
782,2023-01-23,Basic,Monthly,9.99,credit_card,North America,1,,0,2025-12-31,2025-12-31,1073
783,2023-01-10,Basic,Monthly,9.99,paypal,North America,1,,0,2025-12-31,2025-12-31,1086
784,2023-02-28,Basic,Annual,9.99,paypal,Asia,1,,0,2025-12-31,2025-12-31,1037
785,2025-09-14,Basic,Monthly,9.99,paypal,Europe,1,,0,2025-12-31,2025-12-31,108
786,2024-11-25,Basic,Monthly,9.99,credit_card,Asia,1,,0,2025-12-31,2025-12-31,401
787,2025-10-09,Standard,Monthly,19.99,paypal,North America,1,,0,2025-12-31,2025-12-31,83
788,2025-03-30,Premium,Monthly,39.99,credit_card,Asia,1,,0,2025-12-31,2025-12-31,276
789,2024-04-18,Basic,Monthly,9.99,credit_card,North America,0,2025-02-23,1,2025-02-23,2025-12-31,311
790,2023-03-14,Basic,Monthly,9.99,credit_card,Oceania,1,,0,2025-12-31,2025-12-31,1023
791,2025-08-21,Basic,Monthly,9.99,credit_card,North America,0,2025-10-15,1,2025-10-15,2025-12-31,55
792,2023-03-08,Basic,Monthly,9.99,credit_card,Europe,0,2024-03-05,1,2024-03-05,2025-12-31,363
793,2024-11-27,Basic,Annual,9.99,apple_pay,Europe,1,,0,2025-12-31,2025-12-31,399
794,2024-09-08,Basic,Monthly,9.99,credit_card,Europe,0,2025-12-22,1,2025-12-22,2025-12-31,470
795,2025-01-02,Basic,Monthly,9.99,paypal,Europe,0,2025-08-30,1,2025-08-30,2025-12-31,240
796,2025-07-18,Standard,Monthly,19.99,credit_card,Asia,1,,0,2025-12-31,2025-12-31,166
797,2023-01-11,Standard,Monthly,19.99,credit_card,North America,1,,0,2025-12-31,2025-12-31,1085
798,2023-12-28,Premium,Monthly,39.99,credit_card,North America,1,,0,2025-12-31,2025-12-31,734
799,2023-06-03,Standard,Annual,19.99,bank_transfer,Asia,1,,0,2025-12-31,2025-12-31,942
800,2023-05-26,Standard,Annual,19.99,credit_card,Asia,1,,0,2025-12-31,2025-12-31,950
801,2025-05-01,Premium,Monthly,39.99,credit_card,North America,1,,0,2025-12-31,2025-12-31,244
802,2023-08-11,Standard,Monthly,19.99,credit_card,Asia,1,,0,2025-12-31,2025-12-31,873
803,2023-06-22,Standard,Annual,19.99,credit_card,North America,1,,0,2025-12-31,2025-12-31,923
804,2025-07-29,Standard,Monthly,19.99,credit_card,Europe,1,,0,2025-12-31,2025-12-31,155
805,2023-01-29,Basic,Monthly,9.99,credit_card,North America,1,,0,2025-12-31,2025-12-31,1067
806,2024-11-07,Basic,Monthly,9.99,apple_pay,Europe,1,,0,2025-12-31,2025-12-31,419
807,2024-04-28,Standard,Annual,19.99,credit_card,North America,1,,0,2025-12-31,2025-12-31,612
808,2025-06-03,Basic,Monthly,9.99,bank_transfer,Asia,1,,0,2025-12-31,2025-12-31,211
809,2025-01-26,Basic,Annual,9.99,paypal,Europe,1,,0,2025-12-31,2025-12-31,339
810,2023-06-26,Basic,Annual,9.99,paypal,North America,0,2025-06-06,1,2025-06-06,2025-12-31,711
811,2023-10-14,Standard,Monthly,19.99,apple_pay,Asia,1,,0,2025-12-31,2025-12-31,809
812,2023-12-27,Premium,Annual,39.99,paypal,Europe,1,,0,2025-12-31,2025-12-31,735
813,2024-10-21,Basic,Monthly,9.99,apple_pay,South America,1,,0,2025-12-31,2025-12-31,436
814,2024-06-12,Standard,Annual,19.99,credit_card,North America,0,2025-12-30,1,2025-12-30,2025-12-31,566
815,2025-05-18,Standard,Monthly,19.99,credit_card,Asia,1,,0,2025-12-31,2025-12-31,227
816,2025-03-22,Standard,Annual,19.99,credit_card,North America,1,,0,2025-12-31,2025-12-31,284
817,2024-08-05,Basic,Monthly,9.99,apple_pay,Europe,1,,0,2025-12-31,2025-12-31,513
818,2024-09-26,Basic,Monthly,9.99,credit_card,North America,1,,0,2025-12-31,2025-12-31,461
819,2025-06-29,Standard,Monthly,19.99,credit_card,North America,1,,0,2025-12-31,2025-12-31,185
820,2024-04-08,Basic,Monthly,9.99,bank_transfer,North America,1,,0,2025-12-31,2025-12-31,632
821,2025-06-23,Basic,Annual,9.99,credit_card,North America,1,,0,2025-12-31,2025-12-31,191
822,2023-02-11,Basic,Monthly,9.99,bank_transfer,North America,1,,0,2025-12-31,2025-12-31,1054
823,2025-10-07,Premium,Annual,39.99,apple_pay,Europe,1,,0,2025-12-31,2025-12-31,85
824,2024-10-27,Basic,Annual,9.99,credit_card,Asia,1,,0,2025-12-31,2025-12-31,430
825,2025-10-31,Basic,Monthly,9.99,bank_transfer,Asia,1,,0,2025-12-31,2025-12-31,61
826,2023-09-28,Premium,Monthly,39.99,paypal,Europe,0,2024-05-15,1,2024-05-15,2025-12-31,230
827,2024-03-16,Basic,Annual,9.99,paypal,North America,1,,0,2025-12-31,2025-12-31,655
828,2023-09-15,Basic,Monthly,9.99,credit_card,North America,0,2025-07-21,1,2025-07-21,2025-12-31,675
829,2024-10-12,Standard,Monthly,19.99,paypal,North America,0,2025-08-30,1,2025-08-30,2025-12-31,322
830,2025-07-24,Basic,Monthly,9.99,credit_card,North America,1,,0,2025-12-31,2025-12-31,160
831,2024-07-22,Basic,Monthly,9.99,credit_card,North America,1,,0,2025-12-31,2025-12-31,527
832,2024-06-01,Premium,Monthly,39.99,credit_card,Asia,1,,0,2025-12-31,2025-12-31,578
833,2024-12-13,Basic,Annual,9.99,credit_card,Oceania,1,,0,2025-12-31,2025-12-31,383
834,2024-07-06,Basic,Monthly,9.99,paypal,North America,1,,0,2025-12-31,2025-12-31,543
835,2024-01-23,Basic,Monthly,9.99,bank_transfer,Europe,0,2025-07-07,1,2025-07-07,2025-12-31,531
836,2024-04-24,Basic,Monthly,9.99,apple_pay,North America,0,2025-04-17,1,2025-04-17,2025-12-31,358
837,2025-06-04,Basic,Monthly,9.99,credit_card,Europe,1,,0,2025-12-31,2025-12-31,210
838,2023-10-07,Basic,Monthly,9.99,apple_pay,Asia,1,,0,2025-12-31,2025-12-31,816
839,2024-11-11,Basic,Annual,9.99,bank_transfer,North America,1,,0,2025-12-31,2025-12-31,415
840,2024-08-08,Basic,Annual,9.99,paypal,Europe,1,,0,2025-12-31,2025-12-31,510
841,2024-02-19,Premium,Monthly,39.99,paypal,Europe,1,,0,2025-12-31,2025-12-31,681
842,2023-05-15,Basic,Monthly,9.99,paypal,Asia,1,,0,2025-12-31,2025-12-31,961
843,2024-12-23,Basic,Annual,9.99,credit_card,North America,1,,0,2025-12-31,2025-12-31,373
844,2024-03-22,Basic,Monthly,9.99,credit_card,North America,0,2025-11-03,1,2025-11-03,2025-12-31,591
845,2025-07-13,Standard,Annual,19.99,credit_card,North America,1,,0,2025-12-31,2025-12-31,171
846,2023-01-19,Standard,Monthly,19.99,credit_card,North America,1,,0,2025-12-31,2025-12-31,1077
847,2023-03-02,Premium,Monthly,39.99,credit_card,Europe,1,,0,2025-12-31,2025-12-31,1035
848,2024-02-05,Standard,Monthly,19.99,paypal,Europe,1,,0,2025-12-31,2025-12-31,695
849,2025-01-05,Standard,Monthly,19.99,paypal,North America,1,,0,2025-12-31,2025-12-31,360
850,2023-04-17,Standard,Monthly,19.99,paypal,Europe,1,,0,2025-12-31,2025-12-31,989
851,2023-05-14,Standard,Monthly,19.99,paypal,Europe,1,,0,2025-12-31,2025-12-31,962
852,2025-03-11,Standard,Monthly,19.99,credit_card,North America,1,,0,2025-12-31,2025-12-31,295
853,2025-08-09,Basic,Monthly,9.99,paypal,Asia,1,,0,2025-12-31,2025-12-31,144
854,2025-09-01,Basic,Monthly,9.99,credit_card,North America,1,,0,2025-12-31,2025-12-31,121
855,2025-06-25,Standard,Monthly,19.99,paypal,North America,1,,0,2025-12-31,2025-12-31,189
856,2023-07-30,Standard,Monthly,19.99,paypal,North America,1,,0,2025-12-31,2025-12-31,885
857,2024-10-16,Premium,Monthly,39.99,paypal,North America,1,,0,2025-12-31,2025-12-31,441
858,2025-01-06,Standard,Monthly,19.99,paypal,Europe,0,2025-06-22,1,2025-06-22,2025-12-31,167
859,2024-05-03,Basic,Monthly,9.99,credit_card,South America,1,,0,2025-12-31,2025-12-31,607
860,2025-03-10,Standard,Annual,19.99,credit_card,Europe,1,,0,2025-12-31,2025-12-31,296
861,2024-05-16,Standard,Annual,19.99,credit_card,Asia,1,,0,2025-12-31,2025-12-31,594
862,2024-01-06,Standard,Monthly,19.99,credit_card,North America,1,,0,2025-12-31,2025-12-31,725
863,2025-04-13,Standard,Monthly,19.99,paypal,Asia,1,,0,2025-12-31,2025-12-31,262
864,2024-11-08,Basic,Annual,9.99,bank_transfer,North America,0,2025-11-06,1,2025-11-06,2025-12-31,363
865,2024-07-26,Standard,Monthly,19.99,credit_card,South America,0,2025-10-29,1,2025-10-29,2025-12-31,460
866,2024-01-08,Standard,Monthly,19.99,apple_pay,Europe,0,2024-08-31,1,2024-08-31,2025-12-31,236
867,2024-11-25,Premium,Monthly,39.99,credit_card,Asia,0,2025-03-24,1,2025-03-24,2025-12-31,119
868,2024-08-31,Premium,Annual,39.99,paypal,North America,1,,0,2025-12-31,2025-12-31,487
869,2023-04-08,Premium,Monthly,39.99,bank_transfer,North America,1,,0,2025-12-31,2025-12-31,998
870,2025-10-01,Standard,Annual,19.99,credit_card,Asia,1,,0,2025-12-31,2025-12-31,91
871,2024-01-08,Standard,Monthly,19.99,credit_card,South America,1,,0,2025-12-31,2025-12-31,723
872,2025-04-13,Basic,Monthly,9.99,bank_transfer,Asia,1,,0,2025-12-31,2025-12-31,262
873,2025-08-04,Standard,Monthly,19.99,credit_card,North America,1,,0,2025-12-31,2025-12-31,149
874,2023-06-19,Premium,Monthly,39.99,credit_card,North America,1,,0,2025-12-31,2025-12-31,926
875,2024-02-02,Premium,Annual,39.99,credit_card,Europe,1,,0,2025-12-31,2025-12-31,698
876,2024-10-01,Standard,Monthly,19.99,paypal,North America,1,,0,2025-12-31,2025-12-31,456
877,2023-01-05,Premium,Monthly,39.99,paypal,Asia,1,,0,2025-12-31,2025-12-31,1091
878,2025-05-09,Standard,Annual,19.99,paypal,North America,1,,0,2025-12-31,2025-12-31,236
879,2025-07-06,Standard,Annual,19.99,paypal,North America,1,,0,2025-12-31,2025-12-31,178
880,2023-05-06,Standard,Monthly,19.99,paypal,Asia,1,,0,2025-12-31,2025-12-31,970
881,2023-11-02,Standard,Monthly,19.99,credit_card,Europe,1,,0,2025-12-31,2025-12-31,790
882,2024-12-11,Standard,Monthly,19.99,credit_card,North America,1,,0,2025-12-31,2025-12-31,385
883,2024-09-03,Standard,Monthly,19.99,credit_card,North America,1,,0,2025-12-31,2025-12-31,484
884,2023-07-03,Standard,Annual,19.99,paypal,North America,1,,0,2025-12-31,2025-12-31,912
885,2024-11-22,Basic,Annual,9.99,paypal,Europe,1,,0,2025-12-31,2025-12-31,404
886,2025-07-15,Basic,Monthly,9.99,paypal,Europe,1,,0,2025-12-31,2025-12-31,169
887,2023-04-25,Basic,Annual,9.99,apple_pay,Asia,0,2025-12-03,1,2025-12-03,2025-12-31,953
888,2025-02-14,Premium,Monthly,39.99,paypal,Europe,1,,0,2025-12-31,2025-12-31,320
889,2024-03-11,Basic,Monthly,9.99,paypal,Europe,1,,0,2025-12-31,2025-12-31,660
890,2024-11-22,Basic,Monthly,9.99,paypal,North America,0,2025-07-24,1,2025-07-24,2025-12-31,244
891,2025-05-25,Standard,Monthly,19.99,credit_card,Asia,1,,0,2025-12-31,2025-12-31,220
892,2024-10-03,Basic,Annual,9.99,apple_pay,Europe,1,,0,2025-12-31,2025-12-31,454
893,2025-09-19,Premium,Monthly,39.99,apple_pay,Europe,1,,0,2025-12-31,2025-12-31,103
894,2024-07-26,Basic,Annual,9.99,credit_card,Asia,0,2025-06-29,1,2025-06-29,2025-12-31,338
895,2025-01-28,Basic,Monthly,9.99,bank_transfer,Europe,1,,0,2025-12-31,2025-12-31,337
896,2023-05-03,Basic,Monthly,9.99,apple_pay,North America,1,,0,2025-12-31,2025-12-31,973
897,2023-07-31,Basic,Monthly,9.99,bank_transfer,Asia,1,,0,2025-12-31,2025-12-31,884
898,2023-05-16,Basic,Annual,9.99,credit_card,Europe,1,,0,2025-12-31,2025-12-31,960
899,2024-01-08,Premium,Annual,39.99,credit_card,Oceania,1,,0,2025-12-31,2025-12-31,723
900,2025-02-18,Basic,Monthly,9.99,credit_card,North America,1,,0,2025-12-31,2025-12-31,316
901,2023-04-22,Standard,Monthly,19.99,credit_card,Asia,1,,0,2025-12-31,2025-12-31,984
902,2025-09-24,Standard,Monthly,19.99,paypal,North America,1,,0,2025-12-31,2025-12-31,98
903,2025-08-05,Basic,Monthly,9.99,paypal,Europe,1,,0,2025-12-31,2025-12-31,148
904,2025-08-16,Basic,Monthly,9.99,credit_card,North America,1,,0,2025-12-31,2025-12-31,137
905,2024-12-29,Standard,Monthly,19.99,paypal,Asia,0,2025-07-14,1,2025-07-14,2025-12-31,197
906,2024-10-22,Premium,Annual,39.99,credit_card,Asia,1,,0,2025-12-31,2025-12-31,435
907,2024-11-09,Standard,Monthly,19.99,bank_transfer,North America,1,,0,2025-12-31,2025-12-31,417
908,2024-01-02,Basic,Monthly,9.99,apple_pay,Europe,1,,0,2025-12-31,2025-12-31,729
909,2025-07-12,Premium,Monthly,39.99,credit_card,Europe,1,,0,2025-12-31,2025-12-31,172
910,2024-04-06,Premium,Monthly,39.99,credit_card,Europe,0,2024-11-24,1,2024-11-24,2025-12-31,232
911,2024-09-27,Standard,Annual,19.99,bank_transfer,Asia,1,,0,2025-12-31,2025-12-31,460
912,2023-09-06,Standard,Monthly,19.99,credit_card,North America,1,,0,2025-12-31,2025-12-31,847
913,2024-01-05,Premium,Annual,39.99,bank_transfer,North America,1,,0,2025-12-31,2025-12-31,726
914,2023-05-06,Basic,Monthly,9.99,apple_pay,North America,1,,0,2025-12-31,2025-12-31,970
915,2024-07-12,Basic,Monthly,9.99,apple_pay,Asia,1,,0,2025-12-31,2025-12-31,537
916,2023-04-01,Basic,Monthly,9.99,credit_card,Asia,1,,0,2025-12-31,2025-12-31,1005
917,2024-08-08,Basic,Monthly,9.99,credit_card,North America,1,,0,2025-12-31,2025-12-31,510
918,2024-05-30,Premium,Monthly,39.99,credit_card,North America,0,2025-08-05,1,2025-08-05,2025-12-31,432
919,2024-03-20,Premium,Monthly,39.99,credit_card,North America,1,,0,2025-12-31,2025-12-31,651
920,2024-02-29,Premium,Monthly,39.99,credit_card,North America,1,,0,2025-12-31,2025-12-31,671
921,2025-06-13,Basic,Monthly,9.99,bank_transfer,Europe,1,,0,2025-12-31,2025-12-31,201
922,2025-07-03,Basic,Annual,9.99,credit_card,North America,0,2025-11-03,1,2025-11-03,2025-12-31,123
923,2025-09-27,Premium,Monthly,39.99,credit_card,North America,0,2025-12-18,1,2025-12-18,2025-12-31,82
924,2024-08-14,Standard,Monthly,19.99,apple_pay,North America,1,,0,2025-12-31,2025-12-31,504
925,2025-08-26,Basic,Monthly,9.99,credit_card,Asia,1,,0,2025-12-31,2025-12-31,127
926,2023-03-07,Premium,Annual,39.99,credit_card,North America,1,,0,2025-12-31,2025-12-31,1030
927,2024-02-19,Basic,Annual,9.99,credit_card,Asia,1,,0,2025-12-31,2025-12-31,681
928,2025-06-17,Premium,Monthly,39.99,credit_card,North America,1,,0,2025-12-31,2025-12-31,197
929,2023-11-21,Basic,Monthly,9.99,credit_card,Europe,0,2024-07-29,1,2024-07-29,2025-12-31,251
930,2025-01-08,Standard,Monthly,19.99,credit_card,North America,1,,0,2025-12-31,2025-12-31,357
931,2023-08-15,Basic,Monthly,9.99,credit_card,North America,1,,0,2025-12-31,2025-12-31,869
932,2025-07-25,Standard,Annual,19.99,credit_card,South America,1,,0,2025-12-31,2025-12-31,159
933,2025-03-29,Standard,Monthly,19.99,credit_card,Europe,1,,0,2025-12-31,2025-12-31,277
934,2025-07-24,Basic,Annual,9.99,paypal,Europe,1,,0,2025-12-31,2025-12-31,160
935,2023-02-01,Premium,Monthly,39.99,paypal,Europe,1,,0,2025-12-31,2025-12-31,1064
936,2024-11-08,Basic,Monthly,9.99,credit_card,Europe,1,,0,2025-12-31,2025-12-31,418
937,2023-01-28,Basic,Monthly,9.99,credit_card,North America,1,,0,2025-12-31,2025-12-31,1068
938,2024-05-04,Basic,Annual,9.99,paypal,North America,1,,0,2025-12-31,2025-12-31,606
939,2023-08-27,Premium,Monthly,39.99,credit_card,Europe,1,,0,2025-12-31,2025-12-31,857
940,2025-09-17,Basic,Monthly,9.99,apple_pay,Europe,1,,0,2025-12-31,2025-12-31,105
941,2025-08-12,Basic,Monthly,9.99,paypal,North America,0,2025-10-24,1,2025-10-24,2025-12-31,73
942,2023-04-11,Basic,Annual,9.99,credit_card,Europe,1,,0,2025-12-31,2025-12-31,995
943,2025-02-18,Standard,Monthly,19.99,credit_card,Europe,1,,0,2025-12-31,2025-12-31,316
944,2025-05-25,Basic,Monthly,9.99,credit_card,Europe,1,,0,2025-12-31,2025-12-31,220
945,2024-12-14,Premium,Monthly,39.99,bank_transfer,North America,1,,0,2025-12-31,2025-12-31,382
946,2023-02-05,Basic,Monthly,9.99,bank_transfer,Europe,0,2025-03-20,1,2025-03-20,2025-12-31,774
947,2024-01-17,Standard,Monthly,19.99,credit_card,South America,1,,0,2025-12-31,2025-12-31,714
948,2023-02-07,Premium,Monthly,39.99,credit_card,North America,1,,0,2025-12-31,2025-12-31,1058
949,2025-07-26,Standard,Monthly,19.99,credit_card,North America,0,2025-12-18,1,2025-12-18,2025-12-31,145
950,2025-05-23,Standard,Monthly,19.99,bank_transfer,North America,0,2025-11-28,1,2025-11-28,2025-12-31,189
951,2025-08-22,Standard,Monthly,19.99,paypal,North America,1,,0,2025-12-31,2025-12-31,131
952,2025-09-26,Standard,Annual,19.99,credit_card,Asia,1,,0,2025-12-31,2025-12-31,96
953,2025-03-28,Basic,Annual,9.99,paypal,Europe,1,,0,2025-12-31,2025-12-31,278
954,2023-02-02,Standard,Annual,19.99,apple_pay,Oceania,1,,0,2025-12-31,2025-12-31,1063
955,2023-07-09,Premium,Monthly,39.99,credit_card,Oceania,1,,0,2025-12-31,2025-12-31,906
956,2025-04-04,Basic,Annual,9.99,credit_card,Europe,1,,0,2025-12-31,2025-12-31,271
957,2023-04-28,Standard,Monthly,19.99,bank_transfer,South America,1,,0,2025-12-31,2025-12-31,978
958,2025-05-27,Standard,Annual,19.99,credit_card,Europe,1,,0,2025-12-31,2025-12-31,218
959,2023-06-05,Premium,Monthly,39.99,paypal,North America,1,,0,2025-12-31,2025-12-31,940
960,2023-06-08,Basic,Monthly,9.99,apple_pay,Europe,1,,0,2025-12-31,2025-12-31,937
961,2024-03-07,Basic,Monthly,9.99,credit_card,North America,1,,0,2025-12-31,2025-12-31,664
962,2023-10-24,Premium,Monthly,39.99,credit_card,Europe,1,,0,2025-12-31,2025-12-31,799
963,2025-07-18,Standard,Monthly,19.99,bank_transfer,South America,1,,0,2025-12-31,2025-12-31,166
964,2023-09-03,Standard,Monthly,19.99,apple_pay,Europe,1,,0,2025-12-31,2025-12-31,850
965,2023-04-12,Standard,Monthly,19.99,credit_card,Asia,1,,0,2025-12-31,2025-12-31,994
966,2024-10-26,Standard,Annual,19.99,bank_transfer,North America,1,,0,2025-12-31,2025-12-31,431
967,2025-02-13,Basic,Monthly,9.99,credit_card,Asia,1,,0,2025-12-31,2025-12-31,321
968,2025-01-04,Premium,Monthly,39.99,bank_transfer,North America,1,,0,2025-12-31,2025-12-31,361
969,2024-04-11,Basic,Annual,9.99,credit_card,North America,1,,0,2025-12-31,2025-12-31,629
970,2024-01-23,Standard,Annual,19.99,bank_transfer,North America,1,,0,2025-12-31,2025-12-31,708
971,2025-05-28,Basic,Monthly,9.99,credit_card,Europe,1,,0,2025-12-31,2025-12-31,217
972,2025-04-14,Basic,Monthly,9.99,credit_card,North America,1,,0,2025-12-31,2025-12-31,261
973,2024-12-06,Premium,Monthly,39.99,credit_card,Europe,1,,0,2025-12-31,2025-12-31,390
974,2025-04-05,Basic,Monthly,9.99,paypal,Asia,0,2025-12-14,1,2025-12-14,2025-12-31,253
975,2025-10-09,Basic,Monthly,9.99,credit_card,Europe,1,,0,2025-12-31,2025-12-31,83
976,2023-05-16,Premium,Monthly,39.99,credit_card,Europe,1,,0,2025-12-31,2025-12-31,960
977,2024-12-11,Standard,Annual,19.99,bank_transfer,Asia,1,,0,2025-12-31,2025-12-31,385
978,2025-07-08,Standard,Monthly,19.99,paypal,Asia,1,,0,2025-12-31,2025-12-31,176
979,2024-12-31,Basic,Monthly,9.99,paypal,Europe,1,,0,2025-12-31,2025-12-31,365
980,2023-11-04,Standard,Monthly,19.99,paypal,Asia,1,,0,2025-12-31,2025-12-31,788
981,2025-01-29,Basic,Annual,9.99,apple_pay,Asia,1,,0,2025-12-31,2025-12-31,336
982,2023-04-09,Premium,Monthly,39.99,credit_card,North America,1,,0,2025-12-31,2025-12-31,997
983,2023-08-06,Basic,Annual,9.99,credit_card,Asia,1,,0,2025-12-31,2025-12-31,878
984,2025-01-25,Premium,Monthly,39.99,paypal,North America,1,,0,2025-12-31,2025-12-31,340
985,2023-01-10,Premium,Monthly,39.99,bank_transfer,North America,1,,0,2025-12-31,2025-12-31,1086
986,2025-02-01,Basic,Monthly,9.99,apple_pay,North America,1,,0,2025-12-31,2025-12-31,333
987,2024-03-11,Basic,Annual,9.99,credit_card,Europe,1,,0,2025-12-31,2025-12-31,660
988,2025-10-19,Basic,Monthly,9.99,bank_transfer,North America,1,,0,2025-12-31,2025-12-31,73
989,2024-07-03,Basic,Monthly,9.99,apple_pay,Europe,0,2025-11-22,1,2025-11-22,2025-12-31,507
990,2025-03-19,Premium,Monthly,39.99,credit_card,Europe,0,2025-07-31,1,2025-07-31,2025-12-31,134
991,2025-01-22,Standard,Monthly,19.99,credit_card,North America,0,2025-12-17,1,2025-12-17,2025-12-31,329
992,2024-03-03,Standard,Annual,19.99,credit_card,South America,1,,0,2025-12-31,2025-12-31,668
993,2023-02-26,Premium,Monthly,39.99,paypal,Asia,1,,0,2025-12-31,2025-12-31,1039
994,2025-01-15,Premium,Monthly,39.99,credit_card,North America,1,,0,2025-12-31,2025-12-31,350
995,2025-07-11,Premium,Monthly,39.99,credit_card,North America,1,,0,2025-12-31,2025-12-31,173
996,2025-07-02,Standard,Monthly,19.99,paypal,Europe,1,,0,2025-12-31,2025-12-31,182
997,2025-03-10,Standard,Monthly,19.99,paypal,Europe,1,,0,2025-12-31,2025-12-31,296
998,2024-01-24,Premium,Annual,39.99,bank_transfer,Europe,1,,0,2025-12-31,2025-12-31,707
999,2023-06-05,Standard,Monthly,19.99,credit_card,Oceania,1,,0,2025-12-31,2025-12-31,940
1000,2023-05-22,Standard,Monthly,19.99,bank_transfer,Oceania,1,,0,2025-12-31,2025-12-31,954
1001,2023-06-09,Basic,Monthly,9.99,credit_card,North America,1,,0,2025-12-31,2025-12-31,936
1002,2025-07-06,Standard,Monthly,19.99,bank_transfer,North America,0,2025-09-29,1,2025-09-29,2025-12-31,85
1003,2025-10-22,Basic,Monthly,9.99,credit_card,Oceania,0,2025-12-13,1,2025-12-13,2025-12-31,52
1004,2024-09-01,Basic,Monthly,9.99,bank_transfer,North America,0,2025-01-05,1,2025-01-05,2025-12-31,126
1005,2024-08-15,Premium,Monthly,39.99,paypal,North America,1,,0,2025-12-31,2025-12-31,503
1006,2024-07-22,Basic,Annual,9.99,paypal,Asia,1,,0,2025-12-31,2025-12-31,527
1007,2025-02-02,Standard,Monthly,19.99,credit_card,Asia,1,,0,2025-12-31,2025-12-31,332
1008,2023-03-05,Standard,Monthly,19.99,credit_card,North America,1,,0,2025-12-31,2025-12-31,1032
1009,2023-03-28,Premium,Monthly,39.99,paypal,Europe,1,,0,2025-12-31,2025-12-31,1009
1010,2023-10-22,Premium,Annual,39.99,credit_card,North America,1,,0,2025-12-31,2025-12-31,801
1011,2023-05-01,Basic,Annual,9.99,bank_transfer,Europe,1,,0,2025-12-31,2025-12-31,975
1012,2024-01-07,Basic,Monthly,9.99,paypal,Europe,0,2025-07-12,1,2025-07-12,2025-12-31,552
1013,2025-06-07,Premium,Monthly,39.99,credit_card,Europe,1,,0,2025-12-31,2025-12-31,207
1014,2023-04-27,Basic,Monthly,9.99,apple_pay,South America,1,,0,2025-12-31,2025-12-31,979
1015,2024-10-15,Standard,Monthly,19.99,bank_transfer,Asia,1,,0,2025-12-31,2025-12-31,442
1016,2024-07-17,Basic,Annual,9.99,paypal,North America,1,,0,2025-12-31,2025-12-31,532
1017,2024-08-09,Basic,Monthly,9.99,credit_card,North America,1,,0,2025-12-31,2025-12-31,509
1018,2024-04-30,Basic,Annual,9.99,credit_card,Europe,1,,0,2025-12-31,2025-12-31,610
1019,2023-06-15,Standard,Annual,19.99,paypal,Europe,1,,0,2025-12-31,2025-12-31,930
1020,2024-09-20,Basic,Monthly,9.99,credit_card,North America,1,,0,2025-12-31,2025-12-31,467
1021,2025-03-28,Standard,Annual,19.99,paypal,Asia,1,,0,2025-12-31,2025-12-31,278
1022,2023-07-31,Basic,Monthly,9.99,bank_transfer,North America,1,,0,2025-12-31,2025-12-31,884
1023,2024-10-17,Basic,Monthly,9.99,credit_card,North America,1,,0,2025-12-31,2025-12-31,440
1024,2024-02-08,Standard,Monthly,19.99,credit_card,Asia,1,,0,2025-12-31,2025-12-31,692
1025,2023-04-17,Basic,Annual,9.99,bank_transfer,Europe,0,2024-06-17,1,2024-06-17,2025-12-31,427
1026,2025-10-08,Premium,Monthly,39.99,credit_card,Europe,1,,0,2025-12-31,2025-12-31,84
1027,2023-06-23,Basic,Monthly,9.99,paypal,Europe,1,,0,2025-12-31,2025-12-31,922
1028,2024-05-31,Basic,Monthly,9.99,paypal,North America,1,,0,2025-12-31,2025-12-31,579
1029,2023-10-15,Standard,Monthly,19.99,paypal,Europe,1,,0,2025-12-31,2025-12-31,808
1030,2025-08-16,Standard,Annual,19.99,credit_card,North America,1,,0,2025-12-31,2025-12-31,137
1031,2023-10-23,Standard,Annual,19.99,credit_card,Europe,1,,0,2025-12-31,2025-12-31,800
1032,2025-01-21,Standard,Monthly,19.99,credit_card,South America,1,,0,2025-12-31,2025-12-31,344
1033,2023-08-24,Basic,Annual,9.99,credit_card,North America,1,,0,2025-12-31,2025-12-31,860
1034,2025-06-27,Standard,Monthly,19.99,paypal,North America,1,,0,2025-12-31,2025-12-31,187
1035,2025-06-27,Premium,Monthly,39.99,credit_card,Europe,1,,0,2025-12-31,2025-12-31,187
1036,2024-03-08,Premium,Monthly,39.99,paypal,Europe,1,,0,2025-12-31,2025-12-31,663
1037,2024-01-31,Basic,Monthly,9.99,credit_card,Europe,1,,0,2025-12-31,2025-12-31,700
1038,2025-02-10,Standard,Annual,19.99,paypal,North America,0,2025-09-25,1,2025-09-25,2025-12-31,227
1039,2023-06-21,Basic,Monthly,9.99,apple_pay,Oceania,1,,0,2025-12-31,2025-12-31,924
1040,2024-10-13,Basic,Monthly,9.99,credit_card,North America,0,2025-04-15,1,2025-04-15,2025-12-31,184
1041,2025-07-08,Premium,Monthly,39.99,credit_card,Europe,1,,0,2025-12-31,2025-12-31,176
1042,2024-10-06,Basic,Monthly,9.99,paypal,Europe,1,,0,2025-12-31,2025-12-31,451
1043,2024-03-24,Basic,Monthly,9.99,credit_card,North America,1,,0,2025-12-31,2025-12-31,647
1044,2023-10-09,Basic,Monthly,9.99,credit_card,Asia,1,,0,2025-12-31,2025-12-31,814
1045,2023-03-06,Basic,Monthly,9.99,paypal,Europe,1,,0,2025-12-31,2025-12-31,1031
1046,2024-03-06,Basic,Monthly,9.99,credit_card,South America,1,,0,2025-12-31,2025-12-31,665
1047,2025-10-18,Basic,Monthly,9.99,paypal,North America,1,,0,2025-12-31,2025-12-31,74
1048,2024-08-06,Standard,Annual,19.99,apple_pay,North America,1,,0,2025-12-31,2025-12-31,512
1049,2023-09-20,Standard,Annual,19.99,bank_transfer,North America,1,,0,2025-12-31,2025-12-31,833
1050,2024-07-09,Standard,Annual,19.99,bank_transfer,Europe,1,,0,2025-12-31,2025-12-31,540
1051,2024-05-23,Basic,Annual,9.99,credit_card,Oceania,1,,0,2025-12-31,2025-12-31,587
1052,2025-10-12,Standard,Monthly,19.99,paypal,Asia,1,,0,2025-12-31,2025-12-31,80
1053,2023-04-08,Basic,Annual,9.99,credit_card,Europe,1,,0,2025-12-31,2025-12-31,998
1054,2023-06-18,Standard,Annual,19.99,paypal,Asia,1,,0,2025-12-31,2025-12-31,927
1055,2023-04-24,Basic,Monthly,9.99,paypal,Europe,1,,0,2025-12-31,2025-12-31,982
1056,2023-08-16,Basic,Annual,9.99,credit_card,North America,1,,0,2025-12-31,2025-12-31,868
1057,2024-03-14,Standard,Monthly,19.99,credit_card,Europe,1,,0,2025-12-31,2025-12-31,657
1058,2023-07-04,Basic,Monthly,9.99,apple_pay,Europe,1,,0,2025-12-31,2025-12-31,911
1059,2025-10-04,Standard,Annual,19.99,apple_pay,Oceania,1,,0,2025-12-31,2025-12-31,88
1060,2025-08-12,Basic,Monthly,9.99,paypal,North America,0,2025-09-26,1,2025-09-26,2025-12-31,45
1061,2025-05-27,Basic,Annual,9.99,paypal,Asia,1,,0,2025-12-31,2025-12-31,218
1062,2023-06-17,Premium,Annual,39.99,paypal,South America,1,,0,2025-12-31,2025-12-31,928
1063,2025-02-12,Premium,Monthly,39.99,bank_transfer,North America,1,,0,2025-12-31,2025-12-31,322
1064,2025-10-31,Premium,Monthly,39.99,paypal,North America,1,,0,2025-12-31,2025-12-31,61
1065,2024-05-25,Basic,Monthly,9.99,paypal,Oceania,1,,0,2025-12-31,2025-12-31,585
1066,2023-01-21,Basic,Monthly,9.99,paypal,North America,1,,0,2025-12-31,2025-12-31,1075
1067,2024-04-30,Basic,Monthly,9.99,credit_card,North America,1,,0,2025-12-31,2025-12-31,610
1068,2025-05-13,Standard,Annual,19.99,apple_pay,Europe,1,,0,2025-12-31,2025-12-31,232
1069,2024-11-27,Basic,Annual,9.99,apple_pay,North America,1,,0,2025-12-31,2025-12-31,399
1070,2024-11-29,Premium,Monthly,39.99,credit_card,Europe,0,2025-03-30,1,2025-03-30,2025-12-31,121
1071,2024-10-01,Basic,Monthly,9.99,credit_card,North America,0,2025-02-15,1,2025-02-15,2025-12-31,137
1072,2025-01-22,Basic,Annual,9.99,paypal,South America,1,,0,2025-12-31,2025-12-31,343
1073,2025-02-16,Standard,Monthly,19.99,credit_card,Europe,1,,0,2025-12-31,2025-12-31,318
1074,2023-07-30,Premium,Monthly,39.99,apple_pay,Asia,1,,0,2025-12-31,2025-12-31,885
1075,2025-03-26,Basic,Monthly,9.99,bank_transfer,Asia,0,2025-07-31,1,2025-07-31,2025-12-31,127
1076,2023-04-03,Standard,Monthly,19.99,bank_transfer,Asia,1,,0,2025-12-31,2025-12-31,1003
1077,2023-12-02,Basic,Monthly,9.99,credit_card,North America,1,,0,2025-12-31,2025-12-31,760
1078,2023-01-20,Basic,Monthly,9.99,credit_card,Europe,1,,0,2025-12-31,2025-12-31,1076
1079,2024-03-23,Premium,Monthly,39.99,paypal,Europe,1,,0,2025-12-31,2025-12-31,648
1080,2023-09-02,Basic,Monthly,9.99,credit_card,Europe,0,2024-12-12,1,2024-12-12,2025-12-31,467
1081,2023-07-25,Premium,Monthly,39.99,apple_pay,North America,1,,0,2025-12-31,2025-12-31,890
1082,2024-07-14,Standard,Monthly,19.99,credit_card,Europe,1,,0,2025-12-31,2025-12-31,535
1083,2024-02-16,Basic,Monthly,9.99,paypal,North America,1,,0,2025-12-31,2025-12-31,684
1084,2024-08-21,Basic,Annual,9.99,paypal,North America,1,,0,2025-12-31,2025-12-31,497
1085,2023-06-16,Standard,Monthly,19.99,paypal,Oceania,1,,0,2025-12-31,2025-12-31,929
1086,2024-03-12,Premium,Annual,39.99,credit_card,North America,1,,0,2025-12-31,2025-12-31,659
1087,2024-11-14,Standard,Annual,19.99,apple_pay,Europe,1,,0,2025-12-31,2025-12-31,412
1088,2023-10-20,Basic,Monthly,9.99,paypal,Asia,1,,0,2025-12-31,2025-12-31,803
1089,2024-03-04,Basic,Monthly,9.99,apple_pay,South America,1,,0,2025-12-31,2025-12-31,667
1090,2024-11-30,Standard,Monthly,19.99,credit_card,Europe,1,,0,2025-12-31,2025-12-31,396
1091,2023-11-16,Basic,Monthly,9.99,paypal,North America,1,,0,2025-12-31,2025-12-31,776
1092,2024-04-07,Premium,Monthly,39.99,bank_transfer,Asia,1,,0,2025-12-31,2025-12-31,633
1093,2023-01-03,Basic,Monthly,9.99,apple_pay,Europe,1,,0,2025-12-31,2025-12-31,1093
1094,2024-09-11,Basic,Monthly,9.99,paypal,Asia,1,,0,2025-12-31,2025-12-31,476
1095,2023-03-17,Premium,Monthly,39.99,paypal,Asia,1,,0,2025-12-31,2025-12-31,1020
1096,2025-01-20,Basic,Monthly,9.99,credit_card,Europe,0,2025-10-23,1,2025-10-23,2025-12-31,276
1097,2025-10-05,Basic,Annual,9.99,credit_card,North America,1,,0,2025-12-31,2025-12-31,87
1098,2023-07-03,Standard,Annual,19.99,credit_card,Europe,1,,0,2025-12-31,2025-12-31,912
1099,2024-06-20,Basic,Annual,9.99,bank_transfer,Europe,1,,0,2025-12-31,2025-12-31,559
1100,2024-05-20,Basic,Annual,9.99,paypal,Europe,1,,0,2025-12-31,2025-12-31,590
1101,2024-05-18,Standard,Monthly,19.99,credit_card,South America,1,,0,2025-12-31,2025-12-31,592
1102,2023-09-09,Premium,Annual,39.99,paypal,North America,0,2025-03-29,1,2025-03-29,2025-12-31,567
1103,2024-02-27,Standard,Annual,19.99,credit_card,Asia,0,2025-11-20,1,2025-11-20,2025-12-31,632
1104,2024-04-27,Standard,Annual,19.99,credit_card,Europe,1,,0,2025-12-31,2025-12-31,613
1105,2024-02-06,Basic,Monthly,9.99,credit_card,South America,1,,0,2025-12-31,2025-12-31,694
1106,2025-04-04,Basic,Monthly,9.99,credit_card,North America,1,,0,2025-12-31,2025-12-31,271
1107,2025-01-29,Standard,Annual,19.99,paypal,North America,1,,0,2025-12-31,2025-12-31,336
1108,2024-11-13,Standard,Monthly,19.99,bank_transfer,Europe,1,,0,2025-12-31,2025-12-31,413
1109,2024-04-30,Standard,Monthly,19.99,credit_card,North America,1,,0,2025-12-31,2025-12-31,610
1110,2025-10-06,Standard,Monthly,19.99,credit_card,Asia,1,,0,2025-12-31,2025-12-31,86
1111,2023-01-31,Basic,Monthly,9.99,credit_card,South America,1,,0,2025-12-31,2025-12-31,1065
1112,2024-03-05,Premium,Monthly,39.99,credit_card,Europe,1,,0,2025-12-31,2025-12-31,666
1113,2025-03-27,Standard,Monthly,19.99,apple_pay,Europe,1,,0,2025-12-31,2025-12-31,279
1114,2025-02-27,Premium,Monthly,39.99,credit_card,Asia,1,,0,2025-12-31,2025-12-31,307
1115,2025-09-06,Basic,Monthly,9.99,credit_card,North America,0,2025-12-04,1,2025-12-04,2025-12-31,89
1116,2025-05-22,Standard,Monthly,19.99,credit_card,Asia,0,2025-07-18,1,2025-07-18,2025-12-31,57
1117,2025-01-19,Standard,Annual,19.99,bank_transfer,Asia,1,,0,2025-12-31,2025-12-31,346
1118,2024-06-05,Basic,Annual,9.99,apple_pay,South America,1,,0,2025-12-31,2025-12-31,574
1119,2024-12-28,Premium,Monthly,39.99,credit_card,North America,1,,0,2025-12-31,2025-12-31,368
1120,2025-04-02,Basic,Monthly,9.99,credit_card,South America,0,2025-06-21,1,2025-06-21,2025-12-31,80
1121,2023-04-02,Standard,Monthly,19.99,credit_card,North America,0,2024-06-22,1,2024-06-22,2025-12-31,447
1122,2023-12-30,Standard,Annual,19.99,bank_transfer,North America,1,,0,2025-12-31,2025-12-31,732
1123,2024-12-06,Standard,Monthly,19.99,credit_card,Europe,1,,0,2025-12-31,2025-12-31,390
1124,2023-07-16,Premium,Monthly,39.99,paypal,North America,1,,0,2025-12-31,2025-12-31,899
1125,2023-09-01,Standard,Monthly,19.99,bank_transfer,North America,1,,0,2025-12-31,2025-12-31,852
1126,2023-11-08,Basic,Monthly,9.99,credit_card,North America,1,,0,2025-12-31,2025-12-31,784
1127,2024-06-05,Premium,Monthly,39.99,paypal,South America,1,,0,2025-12-31,2025-12-31,574
1128,2023-01-05,Standard,Monthly,19.99,credit_card,Europe,1,,0,2025-12-31,2025-12-31,1091
1129,2025-08-01,Premium,Annual,39.99,bank_transfer,Asia,1,,0,2025-12-31,2025-12-31,152
1130,2024-11-14,Standard,Monthly,19.99,credit_card,Europe,1,,0,2025-12-31,2025-12-31,412
1131,2024-06-13,Basic,Monthly,9.99,apple_pay,Europe,1,,0,2025-12-31,2025-12-31,566
1132,2023-09-26,Basic,Monthly,9.99,credit_card,Europe,1,,0,2025-12-31,2025-12-31,827
1133,2025-09-23,Basic,Monthly,9.99,credit_card,Asia,1,,0,2025-12-31,2025-12-31,99
1134,2024-07-27,Premium,Monthly,39.99,credit_card,North America,1,,0,2025-12-31,2025-12-31,522
1135,2024-05-10,Basic,Annual,9.99,paypal,South America,1,,0,2025-12-31,2025-12-31,600
1136,2024-07-04,Basic,Annual,9.99,credit_card,North America,0,2025-01-21,1,2025-01-21,2025-12-31,201
1137,2023-12-07,Premium,Annual,39.99,credit_card,South America,1,,0,2025-12-31,2025-12-31,755
1138,2023-09-23,Standard,Monthly,19.99,paypal,Asia,0,2024-12-01,1,2024-12-01,2025-12-31,435
1139,2024-07-30,Standard,Annual,19.99,bank_transfer,Europe,1,,0,2025-12-31,2025-12-31,519
1140,2023-08-17,Standard,Monthly,19.99,paypal,Asia,1,,0,2025-12-31,2025-12-31,867
1141,2024-05-20,Basic,Monthly,9.99,credit_card,North America,1,,0,2025-12-31,2025-12-31,590
1142,2023-10-22,Basic,Monthly,9.99,bank_transfer,Asia,0,2024-12-25,1,2024-12-25,2025-12-31,430
1143,2023-10-06,Basic,Monthly,9.99,credit_card,North America,1,,0,2025-12-31,2025-12-31,817
1144,2023-02-09,Basic,Monthly,9.99,apple_pay,North America,1,,0,2025-12-31,2025-12-31,1056
1145,2025-01-12,Standard,Monthly,19.99,paypal,North America,0,2025-05-09,1,2025-05-09,2025-12-31,117
1146,2023-05-09,Standard,Monthly,19.99,credit_card,Europe,1,,0,2025-12-31,2025-12-31,967
1147,2023-03-25,Premium,Annual,39.99,apple_pay,North America,1,,0,2025-12-31,2025-12-31,1012
1148,2025-06-17,Basic,Annual,9.99,credit_card,Europe,1,,0,2025-12-31,2025-12-31,197
1149,2023-04-08,Premium,Monthly,39.99,credit_card,North America,1,,0,2025-12-31,2025-12-31,998
1150,2023-11-25,Basic,Monthly,9.99,credit_card,North America,0,2025-10-04,1,2025-10-04,2025-12-31,679
1151,2023-09-27,Standard,Monthly,19.99,credit_card,Oceania,1,,0,2025-12-31,2025-12-31,826
1152,2024-01-31,Premium,Annual,39.99,bank_transfer,Europe,1,,0,2025-12-31,2025-12-31,700
1153,2025-07-19,Standard,Monthly,19.99,paypal,Oceania,1,,0,2025-12-31,2025-12-31,165
1154,2023-01-17,Premium,Annual,39.99,bank_transfer,North America,1,,0,2025-12-31,2025-12-31,1079
1155,2025-01-19,Standard,Annual,19.99,paypal,Europe,1,,0,2025-12-31,2025-12-31,346
1156,2024-09-10,Standard,Annual,19.99,bank_transfer,North America,1,,0,2025-12-31,2025-12-31,477
1157,2024-04-24,Basic,Monthly,9.99,credit_card,South America,0,2025-11-16,1,2025-11-16,2025-12-31,571
1158,2024-10-24,Standard,Annual,19.99,bank_transfer,Europe,0,2025-03-18,1,2025-03-18,2025-12-31,145
1159,2023-10-14,Premium,Monthly,39.99,credit_card,North America,1,,0,2025-12-31,2025-12-31,809
1160,2023-03-30,Standard,Monthly,19.99,credit_card,North America,1,,0,2025-12-31,2025-12-31,1007
1161,2024-06-26,Premium,Monthly,39.99,paypal,North America,1,,0,2025-12-31,2025-12-31,553
1162,2025-03-25,Standard,Monthly,19.99,paypal,Europe,1,,0,2025-12-31,2025-12-31,281
1163,2024-07-01,Premium,Monthly,39.99,credit_card,Asia,1,,0,2025-12-31,2025-12-31,548
1164,2024-10-16,Premium,Monthly,39.99,apple_pay,Europe,1,,0,2025-12-31,2025-12-31,441
1165,2024-10-02,Basic,Annual,9.99,apple_pay,Oceania,1,,0,2025-12-31,2025-12-31,455
1166,2023-01-04,Premium,Monthly,39.99,bank_transfer,Europe,1,,0,2025-12-31,2025-12-31,1092
1167,2023-02-16,Basic,Monthly,9.99,credit_card,Europe,1,,0,2025-12-31,2025-12-31,1049
1168,2025-03-14,Basic,Annual,9.99,credit_card,Europe,1,,0,2025-12-31,2025-12-31,292
1169,2025-04-14,Standard,Monthly,19.99,credit_card,Europe,1,,0,2025-12-31,2025-12-31,261
1170,2025-04-28,Standard,Monthly,19.99,bank_transfer,Europe,1,,0,2025-12-31,2025-12-31,247
1171,2024-07-16,Basic,Monthly,9.99,bank_transfer,Asia,0,2025-05-20,1,2025-05-20,2025-12-31,308
1172,2023-04-12,Basic,Monthly,9.99,bank_transfer,North America,1,,0,2025-12-31,2025-12-31,994
1173,2025-07-02,Basic,Monthly,9.99,credit_card,North America,1,,0,2025-12-31,2025-12-31,182
1174,2025-09-25,Basic,Annual,9.99,credit_card,North America,1,,0,2025-12-31,2025-12-31,97
1175,2024-08-02,Premium,Annual,39.99,bank_transfer,Europe,1,,0,2025-12-31,2025-12-31,516
1176,2025-04-14,Basic,Annual,9.99,bank_transfer,North America,1,,0,2025-12-31,2025-12-31,261
1177,2023-04-11,Premium,Monthly,39.99,credit_card,North America,1,,0,2025-12-31,2025-12-31,995
1178,2025-01-02,Premium,Monthly,39.99,credit_card,Europe,1,,0,2025-12-31,2025-12-31,363
1179,2025-10-28,Premium,Monthly,39.99,credit_card,North America,0,2025-12-25,1,2025-12-25,2025-12-31,58
1180,2023-02-19,Basic,Monthly,9.99,bank_transfer,North America,1,,0,2025-12-31,2025-12-31,1046
1181,2023-05-28,Basic,Monthly,9.99,credit_card,North America,1,,0,2025-12-31,2025-12-31,948
1182,2023-02-06,Standard,Monthly,19.99,paypal,Europe,0,2025-07-28,1,2025-07-28,2025-12-31,903
1183,2024-08-31,Standard,Monthly,19.99,bank_transfer,North America,1,,0,2025-12-31,2025-12-31,487
1184,2023-09-18,Premium,Monthly,39.99,credit_card,North America,1,,0,2025-12-31,2025-12-31,835
1185,2023-11-22,Premium,Monthly,39.99,credit_card,Europe,1,,0,2025-12-31,2025-12-31,770
1186,2024-10-20,Standard,Monthly,19.99,paypal,Europe,1,,0,2025-12-31,2025-12-31,437
1187,2023-01-29,Standard,Monthly,19.99,credit_card,Oceania,1,,0,2025-12-31,2025-12-31,1067
1188,2024-07-26,Basic,Annual,9.99,credit_card,Oceania,0,2025-08-30,1,2025-08-30,2025-12-31,400
1189,2024-11-17,Standard,Monthly,19.99,credit_card,Asia,1,,0,2025-12-31,2025-12-31,409
1190,2023-09-25,Basic,Monthly,9.99,paypal,North America,1,,0,2025-12-31,2025-12-31,828
1191,2023-11-25,Basic,Monthly,9.99,paypal,Europe,1,,0,2025-12-31,2025-12-31,767
1192,2023-06-16,Basic,Annual,9.99,credit_card,North America,1,,0,2025-12-31,2025-12-31,929
1193,2025-07-30,Standard,Monthly,19.99,credit_card,Europe,1,,0,2025-12-31,2025-12-31,154
1194,2023-09-20,Basic,Monthly,9.99,paypal,North America,0,2025-12-31,1,2025-12-31,2025-12-31,833
1195,2025-02-04,Standard,Monthly,19.99,paypal,Asia,1,,0,2025-12-31,2025-12-31,330
1196,2025-08-04,Basic,Monthly,9.99,credit_card,Asia,1,,0,2025-12-31,2025-12-31,149
1197,2025-09-01,Basic,Annual,9.99,paypal,Europe,1,,0,2025-12-31,2025-12-31,121
1198,2025-04-26,Basic,Monthly,9.99,paypal,Europe,1,,0,2025-12-31,2025-12-31,249
1199,2025-08-17,Basic,Monthly,9.99,apple_pay,Europe,1,,0,2025-12-31,2025-12-31,136
1200,2023-02-28,Standard,Annual,19.99,paypal,North America,1,,0,2025-12-31,2025-12-31,1037
1201,2023-01-16,Premium,Annual,39.99,apple_pay,South America,0,2025-08-05,1,2025-08-05,2025-12-31,932
1202,2023-03-14,Standard,Monthly,19.99,bank_transfer,Europe,1,,0,2025-12-31,2025-12-31,1023
1203,2023-08-02,Basic,Monthly,9.99,credit_card,Europe,1,,0,2025-12-31,2025-12-31,882
1204,2024-12-30,Basic,Monthly,9.99,credit_card,North America,0,2025-04-12,1,2025-04-12,2025-12-31,103
1205,2025-03-24,Basic,Monthly,9.99,paypal,Europe,1,,0,2025-12-31,2025-12-31,282
1206,2023-02-02,Premium,Monthly,39.99,credit_card,South America,1,,0,2025-12-31,2025-12-31,1063
1207,2023-12-24,Basic,Annual,9.99,paypal,North America,1,,0,2025-12-31,2025-12-31,738
1208,2023-04-19,Premium,Monthly,39.99,credit_card,Europe,0,2025-05-30,1,2025-05-30,2025-12-31,772
1209,2024-09-29,Standard,Annual,19.99,credit_card,North America,1,,0,2025-12-31,2025-12-31,458
1210,2024-01-12,Basic,Annual,9.99,bank_transfer,Asia,1,,0,2025-12-31,2025-12-31,719
1211,2024-09-14,Basic,Monthly,9.99,bank_transfer,South America,1,,0,2025-12-31,2025-12-31,473
1212,2023-01-29,Premium,Annual,39.99,paypal,Asia,1,,0,2025-12-31,2025-12-31,1067
1213,2024-11-11,Basic,Annual,9.99,credit_card,North America,1,,0,2025-12-31,2025-12-31,415
1214,2025-06-14,Premium,Monthly,39.99,bank_transfer,North America,0,2025-12-01,1,2025-12-01,2025-12-31,170
1215,2023-08-21,Standard,Annual,19.99,bank_transfer,Europe,1,,0,2025-12-31,2025-12-31,863
1216,2024-05-19,Standard,Monthly,19.99,credit_card,North America,1,,0,2025-12-31,2025-12-31,591
1217,2023-09-02,Standard,Monthly,19.99,credit_card,South America,1,,0,2025-12-31,2025-12-31,851
1218,2023-05-20,Standard,Monthly,19.99,paypal,Oceania,1,,0,2025-12-31,2025-12-31,956
1219,2024-02-27,Standard,Monthly,19.99,credit_card,Asia,1,,0,2025-12-31,2025-12-31,673
1220,2024-02-24,Basic,Annual,9.99,credit_card,Europe,1,,0,2025-12-31,2025-12-31,676
1221,2023-06-15,Basic,Annual,9.99,apple_pay,Europe,1,,0,2025-12-31,2025-12-31,930
1222,2025-10-21,Standard,Annual,19.99,paypal,South America,1,,0,2025-12-31,2025-12-31,71
1223,2024-03-02,Standard,Annual,19.99,paypal,North America,1,,0,2025-12-31,2025-12-31,669
1224,2023-06-01,Premium,Monthly,39.99,credit_card,Europe,1,,0,2025-12-31,2025-12-31,944
1225,2025-06-24,Standard,Monthly,19.99,credit_card,Oceania,1,,0,2025-12-31,2025-12-31,190
1226,2023-11-15,Basic,Annual,9.99,apple_pay,North America,0,2025-05-21,1,2025-05-21,2025-12-31,553
1227,2024-03-15,Basic,Annual,9.99,apple_pay,North America,0,2025-04-11,1,2025-04-11,2025-12-31,392
1228,2025-10-20,Basic,Monthly,9.99,apple_pay,North America,0,2025-12-28,1,2025-12-28,2025-12-31,69
1229,2024-07-20,Standard,Annual,19.99,credit_card,North America,1,,0,2025-12-31,2025-12-31,529
1230,2023-09-18,Basic,Monthly,9.99,bank_transfer,Europe,1,,0,2025-12-31,2025-12-31,835
1231,2023-09-27,Basic,Annual,9.99,paypal,North America,1,,0,2025-12-31,2025-12-31,826
1232,2023-03-06,Basic,Annual,9.99,credit_card,Europe,1,,0,2025-12-31,2025-12-31,1031
1233,2025-03-26,Premium,Monthly,39.99,credit_card,Europe,1,,0,2025-12-31,2025-12-31,280
1234,2024-02-10,Premium,Annual,39.99,bank_transfer,North America,1,,0,2025-12-31,2025-12-31,690
1235,2024-12-27,Basic,Annual,9.99,credit_card,North America,1,,0,2025-12-31,2025-12-31,369
1236,2025-02-06,Standard,Monthly,19.99,credit_card,North America,1,,0,2025-12-31,2025-12-31,328
1237,2025-03-13,Standard,Monthly,19.99,paypal,South America,1,,0,2025-12-31,2025-12-31,293
1238,2024-01-25,Basic,Monthly,9.99,credit_card,North America,1,,0,2025-12-31,2025-12-31,706
1239,2024-04-09,Basic,Monthly,9.99,paypal,Europe,0,2025-12-20,1,2025-12-20,2025-12-31,620
1240,2025-04-15,Premium,Monthly,39.99,paypal,Europe,1,,0,2025-12-31,2025-12-31,260
1241,2025-08-15,Standard,Monthly,19.99,credit_card,North America,1,,0,2025-12-31,2025-12-31,138
1242,2023-12-10,Basic,Monthly,9.99,apple_pay,North America,1,,0,2025-12-31,2025-12-31,752
1243,2024-08-30,Standard,Annual,19.99,credit_card,South America,1,,0,2025-12-31,2025-12-31,488
1244,2024-11-28,Standard,Monthly,19.99,credit_card,North America,1,,0,2025-12-31,2025-12-31,398
1245,2025-10-10,Standard,Monthly,19.99,credit_card,North America,1,,0,2025-12-31,2025-12-31,82
1246,2023-06-22,Premium,Monthly,39.99,apple_pay,Europe,1,,0,2025-12-31,2025-12-31,923
1247,2024-02-12,Premium,Monthly,39.99,credit_card,Asia,1,,0,2025-12-31,2025-12-31,688
1248,2023-07-21,Basic,Annual,9.99,credit_card,North America,1,,0,2025-12-31,2025-12-31,894
1249,2023-11-09,Standard,Monthly,19.99,credit_card,South America,1,,0,2025-12-31,2025-12-31,783
1250,2023-09-16,Basic,Annual,9.99,paypal,Europe,0,2024-12-02,1,2024-12-02,2025-12-31,443
1251,2024-06-19,Premium,Monthly,39.99,apple_pay,North America,0,2025-01-10,1,2025-01-10,2025-12-31,205
1252,2024-02-11,Basic,Monthly,9.99,credit_card,Asia,1,,0,2025-12-31,2025-12-31,689
1253,2023-06-22,Standard,Monthly,19.99,bank_transfer,Europe,1,,0,2025-12-31,2025-12-31,923
1254,2024-02-09,Premium,Annual,39.99,paypal,Oceania,1,,0,2025-12-31,2025-12-31,691
1255,2023-03-10,Basic,Monthly,9.99,credit_card,Oceania,1,,0,2025-12-31,2025-12-31,1027
1256,2023-08-05,Basic,Monthly,9.99,paypal,South America,1,,0,2025-12-31,2025-12-31,879
1257,2024-12-03,Basic,Monthly,9.99,credit_card,North America,1,,0,2025-12-31,2025-12-31,393
1258,2025-07-11,Basic,Monthly,9.99,paypal,South America,0,2025-10-23,1,2025-10-23,2025-12-31,104
1259,2025-07-13,Basic,Monthly,9.99,credit_card,North America,1,,0,2025-12-31,2025-12-31,171
1260,2024-11-10,Basic,Monthly,9.99,bank_transfer,North America,1,,0,2025-12-31,2025-12-31,416
1261,2024-12-01,Basic,Annual,9.99,bank_transfer,North America,1,,0,2025-12-31,2025-12-31,395
1262,2025-09-30,Standard,Annual,19.99,bank_transfer,North America,1,,0,2025-12-31,2025-12-31,92
1263,2023-09-09,Standard,Monthly,19.99,apple_pay,Asia,1,,0,2025-12-31,2025-12-31,844
1264,2025-03-25,Premium,Monthly,39.99,credit_card,Europe,0,2025-10-29,1,2025-10-29,2025-12-31,218
1265,2024-03-06,Standard,Annual,19.99,credit_card,Europe,1,,0,2025-12-31,2025-12-31,665
1266,2025-03-29,Standard,Monthly,19.99,credit_card,Asia,1,,0,2025-12-31,2025-12-31,277
1267,2024-05-21,Basic,Monthly,9.99,apple_pay,South America,1,,0,2025-12-31,2025-12-31,589
1268,2024-08-29,Standard,Annual,19.99,paypal,North America,1,,0,2025-12-31,2025-12-31,489
1269,2023-04-19,Premium,Monthly,39.99,credit_card,Europe,1,,0,2025-12-31,2025-12-31,987
1270,2024-08-28,Standard,Monthly,19.99,credit_card,Europe,1,,0,2025-12-31,2025-12-31,490
1271,2024-04-12,Standard,Monthly,19.99,paypal,Asia,1,,0,2025-12-31,2025-12-31,628
1272,2024-02-24,Standard,Monthly,19.99,credit_card,North America,1,,0,2025-12-31,2025-12-31,676
1273,2025-05-07,Standard,Monthly,19.99,paypal,Europe,1,,0,2025-12-31,2025-12-31,238
1274,2023-10-17,Standard,Monthly,19.99,paypal,Europe,1,,0,2025-12-31,2025-12-31,806
1275,2023-09-10,Standard,Monthly,19.99,paypal,Asia,1,,0,2025-12-31,2025-12-31,843
1276,2023-02-19,Basic,Annual,9.99,bank_transfer,Europe,1,,0,2025-12-31,2025-12-31,1046
1277,2023-11-22,Basic,Monthly,9.99,bank_transfer,South America,1,,0,2025-12-31,2025-12-31,770
1278,2023-12-25,Basic,Monthly,9.99,bank_transfer,Europe,1,,0,2025-12-31,2025-12-31,737
1279,2023-02-04,Standard,Monthly,19.99,apple_pay,Europe,0,2024-04-11,1,2024-04-11,2025-12-31,432
1280,2025-10-06,Standard,Annual,19.99,bank_transfer,Europe,1,,0,2025-12-31,2025-12-31,86
1281,2024-07-06,Basic,Annual,9.99,credit_card,North America,1,,0,2025-12-31,2025-12-31,543
1282,2024-08-31,Basic,Monthly,9.99,credit_card,Asia,1,,0,2025-12-31,2025-12-31,487
1283,2024-12-09,Basic,Annual,9.99,credit_card,North America,1,,0,2025-12-31,2025-12-31,387
1284,2023-02-19,Standard,Annual,19.99,paypal,Europe,1,,0,2025-12-31,2025-12-31,1046
1285,2023-09-09,Standard,Monthly,19.99,paypal,Europe,1,,0,2025-12-31,2025-12-31,844
1286,2024-10-24,Basic,Monthly,9.99,credit_card,North America,1,,0,2025-12-31,2025-12-31,433
1287,2024-03-16,Basic,Annual,9.99,credit_card,North America,1,,0,2025-12-31,2025-12-31,655
1288,2023-06-29,Premium,Annual,39.99,credit_card,Asia,1,,0,2025-12-31,2025-12-31,916
1289,2024-01-20,Premium,Monthly,39.99,bank_transfer,Europe,0,2025-04-22,1,2025-04-22,2025-12-31,458
1290,2023-08-02,Standard,Monthly,19.99,credit_card,Asia,1,,0,2025-12-31,2025-12-31,882
1291,2025-05-18,Basic,Monthly,9.99,credit_card,South America,1,,0,2025-12-31,2025-12-31,227
1292,2025-10-22,Standard,Monthly,19.99,apple_pay,North America,1,,0,2025-12-31,2025-12-31,70
1293,2024-03-29,Standard,Monthly,19.99,paypal,North America,1,,0,2025-12-31,2025-12-31,642
1294,2023-02-20,Basic,Annual,9.99,bank_transfer,Europe,1,,0,2025-12-31,2025-12-31,1045
1295,2023-09-18,Basic,Monthly,9.99,apple_pay,Asia,1,,0,2025-12-31,2025-12-31,835
1296,2024-03-19,Premium,Monthly,39.99,credit_card,North America,1,,0,2025-12-31,2025-12-31,652
1297,2025-10-25,Basic,Monthly,9.99,paypal,Europe,1,,0,2025-12-31,2025-12-31,67
1298,2025-03-17,Standard,Monthly,19.99,bank_transfer,Asia,0,2025-11-16,1,2025-11-16,2025-12-31,244
1299,2024-08-06,Standard,Monthly,19.99,bank_transfer,North America,1,,0,2025-12-31,2025-12-31,512
1300,2025-02-22,Basic,Monthly,9.99,bank_transfer,Europe,1,,0,2025-12-31,2025-12-31,312
1301,2024-08-01,Standard,Annual,19.99,bank_transfer,Europe,1,,0,2025-12-31,2025-12-31,517
1302,2023-02-20,Basic,Monthly,9.99,credit_card,Europe,1,,0,2025-12-31,2025-12-31,1045
1303,2025-03-01,Basic,Annual,9.99,credit_card,North America,1,,0,2025-12-31,2025-12-31,305
1304,2024-08-05,Standard,Monthly,19.99,bank_transfer,Europe,0,2025-04-12,1,2025-04-12,2025-12-31,250
1305,2023-08-24,Standard,Monthly,19.99,credit_card,Europe,0,2024-08-03,1,2024-08-03,2025-12-31,345
1306,2024-12-27,Standard,Monthly,19.99,credit_card,Asia,1,,0,2025-12-31,2025-12-31,369
1307,2024-01-29,Basic,Annual,9.99,paypal,North America,1,,0,2025-12-31,2025-12-31,702
1308,2025-07-05,Standard,Monthly,19.99,paypal,South America,1,,0,2025-12-31,2025-12-31,179
1309,2024-01-29,Standard,Monthly,19.99,credit_card,North America,1,,0,2025-12-31,2025-12-31,702
1310,2023-04-08,Standard,Monthly,19.99,credit_card,Europe,0,2024-02-04,1,2024-02-04,2025-12-31,302
1311,2024-06-24,Basic,Monthly,9.99,credit_card,North America,1,,0,2025-12-31,2025-12-31,555
1312,2025-06-20,Basic,Monthly,9.99,credit_card,Europe,1,,0,2025-12-31,2025-12-31,194
1313,2025-02-18,Basic,Annual,9.99,apple_pay,North America,1,,0,2025-12-31,2025-12-31,316
1314,2024-12-06,Basic,Monthly,9.99,paypal,Europe,1,,0,2025-12-31,2025-12-31,390
1315,2025-01-23,Premium,Monthly,39.99,paypal,Europe,1,,0,2025-12-31,2025-12-31,342
1316,2024-07-18,Premium,Monthly,39.99,credit_card,Oceania,0,2025-02-07,1,2025-02-07,2025-12-31,204
1317,2025-04-21,Standard,Monthly,19.99,bank_transfer,Europe,1,,0,2025-12-31,2025-12-31,254
1318,2025-06-14,Premium,Monthly,39.99,credit_card,Asia,1,,0,2025-12-31,2025-12-31,200
1319,2023-12-06,Premium,Monthly,39.99,credit_card,North America,1,,0,2025-12-31,2025-12-31,756
1320,2025-09-26,Basic,Monthly,9.99,credit_card,North America,1,,0,2025-12-31,2025-12-31,96
1321,2024-03-08,Basic,Monthly,9.99,credit_card,Europe,0,2024-10-23,1,2024-10-23,2025-12-31,229
1322,2025-07-31,Basic,Annual,9.99,credit_card,Asia,0,2025-12-01,1,2025-12-01,2025-12-31,123
1323,2024-07-12,Basic,Monthly,9.99,paypal,North America,1,,0,2025-12-31,2025-12-31,537
1324,2023-07-24,Standard,Monthly,19.99,apple_pay,Oceania,1,,0,2025-12-31,2025-12-31,891
1325,2023-09-23,Basic,Monthly,9.99,paypal,North America,1,,0,2025-12-31,2025-12-31,830
1326,2024-06-22,Standard,Monthly,19.99,bank_transfer,Europe,0,2025-09-08,1,2025-09-08,2025-12-31,443
1327,2023-12-19,Standard,Monthly,19.99,credit_card,Europe,1,,0,2025-12-31,2025-12-31,743
1328,2025-04-01,Standard,Annual,19.99,credit_card,Asia,1,,0,2025-12-31,2025-12-31,274
1329,2023-06-27,Basic,Monthly,9.99,credit_card,North America,1,,0,2025-12-31,2025-12-31,918
1330,2025-07-12,Basic,Monthly,9.99,credit_card,Europe,1,,0,2025-12-31,2025-12-31,172
1331,2023-07-29,Basic,Monthly,9.99,apple_pay,Europe,1,,0,2025-12-31,2025-12-31,886
1332,2025-10-17,Basic,Monthly,9.99,bank_transfer,Asia,1,,0,2025-12-31,2025-12-31,75
1333,2025-03-01,Premium,Monthly,39.99,paypal,North America,1,,0,2025-12-31,2025-12-31,305
1334,2025-05-03,Basic,Annual,9.99,bank_transfer,Asia,1,,0,2025-12-31,2025-12-31,242
1335,2024-11-24,Standard,Monthly,19.99,paypal,North America,1,,0,2025-12-31,2025-12-31,402
1336,2025-04-07,Basic,Monthly,9.99,credit_card,Asia,0,2025-10-02,1,2025-10-02,2025-12-31,178
1337,2024-11-08,Premium,Annual,39.99,bank_transfer,Oceania,1,,0,2025-12-31,2025-12-31,418
1338,2024-03-04,Basic,Annual,9.99,bank_transfer,Asia,1,,0,2025-12-31,2025-12-31,667
1339,2024-03-04,Basic,Monthly,9.99,paypal,Asia,1,,0,2025-12-31,2025-12-31,667
1340,2023-05-09,Basic,Annual,9.99,credit_card,Europe,0,2025-02-23,1,2025-02-23,2025-12-31,656
1341,2024-03-23,Basic,Monthly,9.99,paypal,North America,1,,0,2025-12-31,2025-12-31,648
1342,2025-10-13,Basic,Monthly,9.99,paypal,Asia,1,,0,2025-12-31,2025-12-31,79
1343,2024-02-22,Standard,Annual,19.99,credit_card,North America,1,,0,2025-12-31,2025-12-31,678
1344,2023-02-06,Standard,Monthly,19.99,bank_transfer,South America,1,,0,2025-12-31,2025-12-31,1059
1345,2025-02-12,Basic,Annual,9.99,paypal,North America,1,,0,2025-12-31,2025-12-31,322
1346,2025-05-14,Basic,Monthly,9.99,paypal,Europe,0,2025-12-10,1,2025-12-10,2025-12-31,210
1347,2024-02-16,Basic,Monthly,9.99,bank_transfer,Europe,1,,0,2025-12-31,2025-12-31,684
1348,2025-05-07,Premium,Monthly,39.99,credit_card,Europe,0,2025-11-09,1,2025-11-09,2025-12-31,186
1349,2025-09-13,Standard,Monthly,19.99,bank_transfer,Asia,1,,0,2025-12-31,2025-12-31,109
1350,2023-02-16,Basic,Monthly,9.99,credit_card,North America,0,2024-07-13,1,2024-07-13,2025-12-31,513
1351,2023-10-23,Premium,Annual,39.99,credit_card,South America,1,,0,2025-12-31,2025-12-31,800
1352,2025-02-27,Basic,Monthly,9.99,credit_card,Europe,1,,0,2025-12-31,2025-12-31,307
1353,2025-04-12,Basic,Monthly,9.99,paypal,North America,1,,0,2025-12-31,2025-12-31,263
1354,2023-05-18,Standard,Monthly,19.99,credit_card,Europe,1,,0,2025-12-31,2025-12-31,958
1355,2023-06-21,Premium,Monthly,39.99,credit_card,Europe,0,2024-08-20,1,2024-08-20,2025-12-31,426
1356,2024-02-27,Premium,Annual,39.99,credit_card,North America,1,,0,2025-12-31,2025-12-31,673
1357,2024-08-05,Basic,Monthly,9.99,bank_transfer,Asia,1,,0,2025-12-31,2025-12-31,513
1358,2025-10-26,Standard,Monthly,19.99,credit_card,North America,1,,0,2025-12-31,2025-12-31,66
1359,2024-05-31,Standard,Monthly,19.99,paypal,Europe,0,2025-07-27,1,2025-07-27,2025-12-31,422
1360,2024-01-31,Basic,Annual,9.99,paypal,North America,1,,0,2025-12-31,2025-12-31,700
1361,2023-05-29,Basic,Annual,9.99,paypal,Asia,1,,0,2025-12-31,2025-12-31,947
1362,2024-09-23,Basic,Monthly,9.99,credit_card,South America,1,,0,2025-12-31,2025-12-31,464
1363,2024-06-03,Standard,Monthly,19.99,paypal,Asia,1,,0,2025-12-31,2025-12-31,576
1364,2024-02-22,Premium,Monthly,39.99,credit_card,South America,1,,0,2025-12-31,2025-12-31,678
1365,2025-01-02,Basic,Monthly,9.99,apple_pay,Asia,1,,0,2025-12-31,2025-12-31,363
1366,2024-07-09,Premium,Monthly,39.99,credit_card,North America,0,2025-10-08,1,2025-10-08,2025-12-31,456
1367,2023-11-02,Standard,Monthly,19.99,credit_card,Europe,1,,0,2025-12-31,2025-12-31,790
1368,2025-07-31,Basic,Annual,9.99,bank_transfer,Europe,1,,0,2025-12-31,2025-12-31,153
1369,2024-09-21,Basic,Annual,9.99,apple_pay,Europe,1,,0,2025-12-31,2025-12-31,466
1370,2024-10-24,Standard,Annual,19.99,credit_card,North America,1,,0,2025-12-31,2025-12-31,433
1371,2024-11-18,Premium,Monthly,39.99,credit_card,South America,1,,0,2025-12-31,2025-12-31,408
1372,2023-11-02,Basic,Monthly,9.99,credit_card,North America,1,,0,2025-12-31,2025-12-31,790
1373,2024-02-11,Basic,Monthly,9.99,apple_pay,North America,0,2025-02-17,1,2025-02-17,2025-12-31,372
1374,2024-03-09,Standard,Annual,19.99,apple_pay,Europe,1,,0,2025-12-31,2025-12-31,662
1375,2025-04-28,Premium,Annual,39.99,apple_pay,Europe,1,,0,2025-12-31,2025-12-31,247
1376,2023-08-08,Basic,Monthly,9.99,paypal,North America,0,2024-04-28,1,2024-04-28,2025-12-31,264
1377,2024-12-03,Standard,Annual,19.99,credit_card,Asia,1,,0,2025-12-31,2025-12-31,393
1378,2023-04-18,Basic,Monthly,9.99,credit_card,North America,0,2024-05-22,1,2024-05-22,2025-12-31,400
1379,2023-03-19,Basic,Annual,9.99,paypal,Europe,1,,0,2025-12-31,2025-12-31,1018
1380,2023-12-16,Basic,Monthly,9.99,paypal,Europe,1,,0,2025-12-31,2025-12-31,746
1381,2025-02-11,Premium,Monthly,39.99,paypal,Europe,1,,0,2025-12-31,2025-12-31,323
1382,2023-10-21,Basic,Monthly,9.99,bank_transfer,North America,1,,0,2025-12-31,2025-12-31,802
1383,2025-06-02,Standard,Monthly,19.99,credit_card,Asia,1,,0,2025-12-31,2025-12-31,212
1384,2025-05-25,Premium,Monthly,39.99,apple_pay,Asia,1,,0,2025-12-31,2025-12-31,220
1385,2025-03-29,Premium,Monthly,39.99,paypal,North America,0,2025-10-19,1,2025-10-19,2025-12-31,204
1386,2025-07-11,Basic,Monthly,9.99,credit_card,Europe,1,,0,2025-12-31,2025-12-31,173
1387,2024-06-06,Basic,Monthly,9.99,apple_pay,North America,1,,0,2025-12-31,2025-12-31,573
1388,2025-03-21,Standard,Monthly,19.99,credit_card,North America,1,,0,2025-12-31,2025-12-31,285
1389,2025-07-08,Standard,Annual,19.99,credit_card,South America,1,,0,2025-12-31,2025-12-31,176
1390,2025-10-24,Basic,Monthly,9.99,credit_card,Asia,1,,0,2025-12-31,2025-12-31,68
1391,2023-11-29,Basic,Monthly,9.99,credit_card,North America,1,,0,2025-12-31,2025-12-31,763
1392,2023-02-08,Standard,Monthly,19.99,credit_card,South America,1,,0,2025-12-31,2025-12-31,1057
1393,2023-01-03,Standard,Monthly,19.99,credit_card,North America,1,,0,2025-12-31,2025-12-31,1093
1394,2024-09-29,Standard,Annual,19.99,paypal,Europe,1,,0,2025-12-31,2025-12-31,458
1395,2023-09-12,Basic,Monthly,9.99,credit_card,Europe,0,2024-12-14,1,2024-12-14,2025-12-31,459
1396,2024-03-26,Basic,Monthly,9.99,credit_card,Oceania,1,,0,2025-12-31,2025-12-31,645
1397,2025-02-11,Basic,Annual,9.99,paypal,Europe,1,,0,2025-12-31,2025-12-31,323
1398,2025-02-20,Basic,Monthly,9.99,credit_card,North America,1,,0,2025-12-31,2025-12-31,314
1399,2023-05-02,Premium,Annual,39.99,credit_card,Oceania,1,,0,2025-12-31,2025-12-31,974
1400,2024-11-27,Basic,Annual,9.99,apple_pay,Asia,1,,0,2025-12-31,2025-12-31,399
1401,2023-08-31,Basic,Annual,9.99,paypal,South America,1,,0,2025-12-31,2025-12-31,853
1402,2025-07-04,Standard,Annual,19.99,apple_pay,North America,1,,0,2025-12-31,2025-12-31,180
1403,2023-02-21,Basic,Monthly,9.99,paypal,Europe,1,,0,2025-12-31,2025-12-31,1044
1404,2024-10-20,Basic,Monthly,9.99,paypal,Asia,1,,0,2025-12-31,2025-12-31,437
1405,2024-09-09,Standard,Annual,19.99,credit_card,Europe,1,,0,2025-12-31,2025-12-31,478
1406,2023-01-16,Premium,Monthly,39.99,paypal,Europe,1,,0,2025-12-31,2025-12-31,1080
1407,2025-07-19,Premium,Monthly,39.99,bank_transfer,South America,1,,0,2025-12-31,2025-12-31,165
1408,2024-01-28,Premium,Monthly,39.99,credit_card,South America,1,,0,2025-12-31,2025-12-31,703
1409,2024-02-14,Standard,Monthly,19.99,credit_card,North America,1,,0,2025-12-31,2025-12-31,686
1410,2023-05-13,Basic,Monthly,9.99,bank_transfer,Asia,0,2024-06-14,1,2024-06-14,2025-12-31,398
1411,2025-05-20,Basic,Annual,9.99,paypal,North America,1,,0,2025-12-31,2025-12-31,225
1412,2024-04-16,Basic,Monthly,9.99,credit_card,Europe,1,,0,2025-12-31,2025-12-31,624
1413,2023-06-11,Standard,Monthly,19.99,paypal,North America,1,,0,2025-12-31,2025-12-31,934
1414,2025-06-22,Premium,Annual,39.99,credit_card,Asia,1,,0,2025-12-31,2025-12-31,192
1415,2025-07-26,Basic,Monthly,9.99,credit_card,Europe,1,,0,2025-12-31,2025-12-31,158
1416,2023-01-23,Basic,Monthly,9.99,paypal,North America,1,,0,2025-12-31,2025-12-31,1073
1417,2024-10-05,Premium,Monthly,39.99,paypal,Europe,1,,0,2025-12-31,2025-12-31,452
1418,2025-10-17,Basic,Annual,9.99,credit_card,Europe,1,,0,2025-12-31,2025-12-31,75
1419,2024-03-14,Standard,Monthly,19.99,bank_transfer,Europe,1,,0,2025-12-31,2025-12-31,657
1420,2024-03-21,Standard,Monthly,19.99,apple_pay,Europe,0,2025-06-22,1,2025-06-22,2025-12-31,458
1421,2025-09-26,Basic,Monthly,9.99,paypal,Asia,1,,0,2025-12-31,2025-12-31,96
1422,2025-02-02,Standard,Annual,19.99,bank_transfer,North America,1,,0,2025-12-31,2025-12-31,332
1423,2025-06-03,Standard,Monthly,19.99,apple_pay,North America,0,2025-09-16,1,2025-09-16,2025-12-31,105
1424,2023-09-18,Basic,Monthly,9.99,apple_pay,Europe,1,,0,2025-12-31,2025-12-31,835
1425,2024-05-17,Basic,Monthly,9.99,paypal,Asia,1,,0,2025-12-31,2025-12-31,593
1426,2025-10-21,Standard,Monthly,19.99,paypal,Asia,1,,0,2025-12-31,2025-12-31,71
1427,2023-08-12,Standard,Monthly,19.99,credit_card,Asia,1,,0,2025-12-31,2025-12-31,872
1428,2023-11-06,Basic,Annual,9.99,paypal,North America,1,,0,2025-12-31,2025-12-31,786
1429,2024-10-28,Premium,Monthly,39.99,credit_card,Asia,1,,0,2025-12-31,2025-12-31,429
1430,2025-01-11,Basic,Monthly,9.99,paypal,North America,1,,0,2025-12-31,2025-12-31,354
1431,2024-02-14,Basic,Monthly,9.99,bank_transfer,Europe,0,2025-08-30,1,2025-08-30,2025-12-31,563
1432,2024-03-05,Standard,Monthly,19.99,credit_card,Asia,1,,0,2025-12-31,2025-12-31,666
1433,2024-06-15,Standard,Annual,19.99,paypal,North America,1,,0,2025-12-31,2025-12-31,564
1434,2023-10-27,Standard,Monthly,19.99,credit_card,South America,1,,0,2025-12-31,2025-12-31,796
1435,2025-09-25,Standard,Monthly,19.99,credit_card,North America,1,,0,2025-12-31,2025-12-31,97
1436,2025-04-30,Premium,Monthly,39.99,credit_card,North America,1,,0,2025-12-31,2025-12-31,245
1437,2024-03-16,Basic,Monthly,9.99,paypal,North America,0,2025-07-22,1,2025-07-22,2025-12-31,493
1438,2023-04-26,Basic,Monthly,9.99,apple_pay,Europe,1,,0,2025-12-31,2025-12-31,980
1439,2023-09-12,Premium,Monthly,39.99,apple_pay,Europe,1,,0,2025-12-31,2025-12-31,841
1440,2024-02-16,Standard,Monthly,19.99,apple_pay,South America,1,,0,2025-12-31,2025-12-31,684
1441,2024-09-17,Standard,Monthly,19.99,credit_card,North America,0,2025-10-10,1,2025-10-10,2025-12-31,388
1442,2023-01-24,Standard,Monthly,19.99,paypal,North America,1,,0,2025-12-31,2025-12-31,1072
1443,2025-05-20,Standard,Monthly,19.99,paypal,North America,1,,0,2025-12-31,2025-12-31,225
1444,2024-02-28,Premium,Monthly,39.99,apple_pay,South America,1,,0,2025-12-31,2025-12-31,672
1445,2023-07-09,Basic,Annual,9.99,paypal,North America,0,2025-02-01,1,2025-02-01,2025-12-31,573
1446,2024-09-22,Standard,Monthly,19.99,bank_transfer,North America,1,,0,2025-12-31,2025-12-31,465
1447,2024-04-20,Standard,Annual,19.99,credit_card,Asia,1,,0,2025-12-31,2025-12-31,620
1448,2024-06-11,Basic,Annual,9.99,apple_pay,Europe,1,,0,2025-12-31,2025-12-31,568
1449,2024-05-08,Standard,Monthly,19.99,paypal,North America,1,,0,2025-12-31,2025-12-31,602
1450,2023-11-01,Standard,Monthly,19.99,credit_card,North America,1,,0,2025-12-31,2025-12-31,791
1451,2024-10-21,Standard,Monthly,19.99,credit_card,North America,1,,0,2025-12-31,2025-12-31,436
1452,2025-10-22,Standard,Monthly,19.99,bank_transfer,North America,0,2025-12-22,1,2025-12-22,2025-12-31,61
1453,2024-02-16,Basic,Annual,9.99,credit_card,Europe,1,,0,2025-12-31,2025-12-31,684
1454,2025-06-04,Basic,Annual,9.99,credit_card,North America,1,,0,2025-12-31,2025-12-31,210
1455,2023-01-02,Premium,Monthly,39.99,paypal,Asia,1,,0,2025-12-31,2025-12-31,1094
1456,2025-06-13,Premium,Monthly,39.99,credit_card,Europe,1,,0,2025-12-31,2025-12-31,201
1457,2025-03-06,Standard,Monthly,19.99,paypal,North America,1,,0,2025-12-31,2025-12-31,300
1458,2023-11-17,Premium,Monthly,39.99,paypal,Oceania,1,,0,2025-12-31,2025-12-31,775
1459,2025-05-28,Standard,Monthly,19.99,credit_card,North America,0,2025-09-30,1,2025-09-30,2025-12-31,125
1460,2024-09-22,Standard,Annual,19.99,credit_card,Asia,1,,0,2025-12-31,2025-12-31,465
1461,2023-02-22,Standard,Monthly,19.99,credit_card,South America,1,,0,2025-12-31,2025-12-31,1043
1462,2024-12-10,Premium,Monthly,39.99,credit_card,Europe,1,,0,2025-12-31,2025-12-31,386
1463,2025-10-07,Standard,Monthly,19.99,paypal,North America,1,,0,2025-12-31,2025-12-31,85
1464,2025-03-01,Premium,Monthly,39.99,credit_card,Europe,1,,0,2025-12-31,2025-12-31,305
1465,2025-04-08,Premium,Monthly,39.99,paypal,Asia,1,,0,2025-12-31,2025-12-31,267
1466,2024-10-25,Basic,Annual,9.99,credit_card,North America,1,,0,2025-12-31,2025-12-31,432
1467,2023-09-07,Basic,Annual,9.99,apple_pay,Oceania,1,,0,2025-12-31,2025-12-31,846
1468,2025-08-18,Basic,Annual,9.99,apple_pay,Europe,0,2025-11-07,1,2025-11-07,2025-12-31,81
1469,2025-01-26,Standard,Monthly,19.99,credit_card,Europe,1,,0,2025-12-31,2025-12-31,339
1470,2025-10-04,Basic,Monthly,9.99,bank_transfer,Asia,0,2025-11-18,1,2025-11-18,2025-12-31,45
1471,2025-05-28,Basic,Annual,9.99,credit_card,Europe,1,,0,2025-12-31,2025-12-31,217
1472,2024-02-08,Basic,Monthly,9.99,credit_card,North America,1,,0,2025-12-31,2025-12-31,692
1473,2025-07-05,Basic,Monthly,9.99,bank_transfer,South America,1,,0,2025-12-31,2025-12-31,179
1474,2023-11-30,Premium,Monthly,39.99,bank_transfer,Asia,1,,0,2025-12-31,2025-12-31,762
1475,2025-10-31,Basic,Annual,9.99,credit_card,Asia,1,,0,2025-12-31,2025-12-31,61
1476,2025-01-21,Basic,Monthly,9.99,bank_transfer,North America,1,,0,2025-12-31,2025-12-31,344
1477,2025-02-15,Basic,Monthly,9.99,apple_pay,North America,0,2025-10-05,1,2025-10-05,2025-12-31,232
1478,2024-03-01,Basic,Monthly,9.99,paypal,Europe,1,,0,2025-12-31,2025-12-31,670
1479,2023-01-17,Standard,Annual,19.99,bank_transfer,Europe,1,,0,2025-12-31,2025-12-31,1079
1480,2023-04-20,Premium,Annual,39.99,credit_card,North America,1,,0,2025-12-31,2025-12-31,986
1481,2024-05-26,Standard,Monthly,19.99,credit_card,North America,0,2025-11-10,1,2025-11-10,2025-12-31,533
1482,2023-02-10,Basic,Monthly,9.99,paypal,North America,1,,0,2025-12-31,2025-12-31,1055
1483,2023-12-27,Basic,Annual,9.99,paypal,Europe,1,,0,2025-12-31,2025-12-31,735
1484,2024-09-07,Basic,Monthly,9.99,paypal,Asia,1,,0,2025-12-31,2025-12-31,480
1485,2025-04-28,Basic,Monthly,9.99,paypal,North America,1,,0,2025-12-31,2025-12-31,247
1486,2023-06-07,Premium,Monthly,39.99,credit_card,North America,1,,0,2025-12-31,2025-12-31,938
1487,2025-09-16,Basic,Monthly,9.99,credit_card,Europe,0,2025-12-03,1,2025-12-03,2025-12-31,78
1488,2024-02-11,Standard,Monthly,19.99,bank_transfer,Europe,0,2024-08-20,1,2024-08-20,2025-12-31,191
1489,2024-08-02,Basic,Monthly,9.99,paypal,North America,1,,0,2025-12-31,2025-12-31,516
1490,2023-09-25,Basic,Monthly,9.99,credit_card,South America,1,,0,2025-12-31,2025-12-31,828
1491,2023-07-06,Basic,Monthly,9.99,credit_card,South America,1,,0,2025-12-31,2025-12-31,909
1492,2023-02-17,Standard,Annual,19.99,credit_card,Asia,1,,0,2025-12-31,2025-12-31,1048
1493,2023-10-27,Basic,Monthly,9.99,bank_transfer,Oceania,1,,0,2025-12-31,2025-12-31,796
1494,2023-01-17,Basic,Monthly,9.99,credit_card,Europe,1,,0,2025-12-31,2025-12-31,1079
1495,2023-06-21,Basic,Monthly,9.99,paypal,North America,0,2024-12-31,1,2024-12-31,2025-12-31,559
1496,2025-07-15,Standard,Monthly,19.99,paypal,Europe,0,2025-11-10,1,2025-11-10,2025-12-31,118
1497,2024-06-01,Premium,Monthly,39.99,credit_card,North America,1,,0,2025-12-31,2025-12-31,578
1498,2025-02-07,Premium,Monthly,39.99,bank_transfer,Europe,1,,0,2025-12-31,2025-12-31,327
1499,2025-02-16,Premium,Annual,39.99,credit_card,North America,1,,0,2025-12-31,2025-12-31,318
1500,2025-02-25,Standard,Monthly,19.99,credit_card,Asia,1,,0,2025-12-31,2025-12-31,309
1501,2023-09-18,Premium,Monthly,39.99,paypal,North America,1,,0,2025-12-31,2025-12-31,835
1502,2024-11-26,Premium,Monthly,39.99,bank_transfer,Europe,1,,0,2025-12-31,2025-12-31,400
1503,2023-03-23,Standard,Monthly,19.99,paypal,Asia,1,,0,2025-12-31,2025-12-31,1014
1504,2023-03-10,Basic,Annual,9.99,credit_card,Europe,1,,0,2025-12-31,2025-12-31,1027
1505,2023-04-24,Basic,Monthly,9.99,credit_card,North America,1,,0,2025-12-31,2025-12-31,982
1506,2025-05-25,Standard,Monthly,19.99,credit_card,North America,1,,0,2025-12-31,2025-12-31,220
1507,2023-01-30,Standard,Monthly,19.99,credit_card,Europe,1,,0,2025-12-31,2025-12-31,1066
1508,2023-10-14,Premium,Monthly,39.99,credit_card,North America,1,,0,2025-12-31,2025-12-31,809
1509,2023-08-29,Basic,Annual,9.99,paypal,North America,0,2025-07-24,1,2025-07-24,2025-12-31,695
1510,2023-07-07,Standard,Monthly,19.99,credit_card,Oceania,1,,0,2025-12-31,2025-12-31,908
1511,2025-08-24,Standard,Monthly,19.99,paypal,North America,1,,0,2025-12-31,2025-12-31,129
1512,2024-07-27,Standard,Monthly,19.99,apple_pay,North America,0,2025-01-03,1,2025-01-03,2025-12-31,160
1513,2024-10-11,Basic,Monthly,9.99,paypal,North America,1,,0,2025-12-31,2025-12-31,446
1514,2025-08-26,Standard,Monthly,19.99,paypal,Asia,0,2025-10-18,1,2025-10-18,2025-12-31,53
1515,2023-09-11,Basic,Annual,9.99,paypal,Europe,1,,0,2025-12-31,2025-12-31,842
1516,2023-02-12,Basic,Monthly,9.99,credit_card,North America,1,,0,2025-12-31,2025-12-31,1053
1517,2025-05-17,Basic,Monthly,9.99,credit_card,North America,1,,0,2025-12-31,2025-12-31,228
1518,2024-10-11,Standard,Monthly,19.99,credit_card,North America,0,2025-06-01,1,2025-06-01,2025-12-31,233
1519,2024-09-17,Basic,Monthly,9.99,paypal,Europe,0,2025-02-13,1,2025-02-13,2025-12-31,149
1520,2025-05-18,Basic,Monthly,9.99,bank_transfer,North America,1,,0,2025-12-31,2025-12-31,227
1521,2025-11-01,Basic,Monthly,9.99,apple_pay,North America,1,,0,2025-12-31,2025-12-31,60
1522,2025-06-21,Premium,Monthly,39.99,paypal,Asia,1,,0,2025-12-31,2025-12-31,193
1523,2023-11-03,Premium,Annual,39.99,bank_transfer,Europe,1,,0,2025-12-31,2025-12-31,789
1524,2024-05-09,Standard,Monthly,19.99,paypal,North America,1,,0,2025-12-31,2025-12-31,601
1525,2024-01-15,Basic,Annual,9.99,paypal,North America,1,,0,2025-12-31,2025-12-31,716
1526,2025-10-08,Premium,Monthly,39.99,credit_card,North America,1,,0,2025-12-31,2025-12-31,84
1527,2025-01-13,Premium,Monthly,39.99,bank_transfer,North America,1,,0,2025-12-31,2025-12-31,352
1528,2024-03-19,Premium,Monthly,39.99,credit_card,Europe,1,,0,2025-12-31,2025-12-31,652
1529,2024-03-28,Premium,Monthly,39.99,paypal,Europe,1,,0,2025-12-31,2025-12-31,643
1530,2025-05-04,Standard,Monthly,19.99,credit_card,South America,1,,0,2025-12-31,2025-12-31,241
1531,2023-12-20,Standard,Annual,19.99,credit_card,Europe,1,,0,2025-12-31,2025-12-31,742
1532,2023-12-11,Standard,Annual,19.99,paypal,North America,1,,0,2025-12-31,2025-12-31,751
1533,2023-03-24,Basic,Annual,9.99,bank_transfer,South America,1,,0,2025-12-31,2025-12-31,1013
1534,2023-07-20,Basic,Annual,9.99,bank_transfer,North America,1,,0,2025-12-31,2025-12-31,895
1535,2023-12-31,Basic,Annual,9.99,credit_card,Europe,1,,0,2025-12-31,2025-12-31,731
1536,2023-03-01,Basic,Monthly,9.99,credit_card,North America,0,2024-09-03,1,2024-09-03,2025-12-31,552
1537,2025-05-16,Basic,Annual,9.99,credit_card,North America,1,,0,2025-12-31,2025-12-31,229
1538,2024-12-12,Standard,Annual,19.99,paypal,North America,1,,0,2025-12-31,2025-12-31,384
1539,2023-10-02,Basic,Monthly,9.99,bank_transfer,North America,0,2025-06-11,1,2025-06-11,2025-12-31,618
1540,2024-05-13,Basic,Monthly,9.99,credit_card,Europe,1,,0,2025-12-31,2025-12-31,597
1541,2025-01-05,Basic,Monthly,9.99,credit_card,North America,1,,0,2025-12-31,2025-12-31,360
1542,2024-06-14,Standard,Monthly,19.99,paypal,North America,1,,0,2025-12-31,2025-12-31,565
1543,2025-05-31,Premium,Annual,39.99,bank_transfer,South America,1,,0,2025-12-31,2025-12-31,214
1544,2025-06-03,Premium,Monthly,39.99,credit_card,Europe,0,2025-10-16,1,2025-10-16,2025-12-31,135
1545,2023-10-05,Standard,Annual,19.99,paypal,North America,0,2024-12-12,1,2024-12-12,2025-12-31,434
1546,2025-09-16,Standard,Monthly,19.99,credit_card,North America,1,,0,2025-12-31,2025-12-31,106
1547,2024-09-19,Basic,Monthly,9.99,credit_card,South America,1,,0,2025-12-31,2025-12-31,468
1548,2025-07-22,Premium,Monthly,39.99,bank_transfer,Europe,1,,0,2025-12-31,2025-12-31,162
1549,2025-09-04,Standard,Monthly,19.99,credit_card,North America,0,2025-11-14,1,2025-11-14,2025-12-31,71
1550,2025-09-23,Basic,Monthly,9.99,paypal,Europe,0,2025-12-15,1,2025-12-15,2025-12-31,83
1551,2023-06-28,Standard,Annual,19.99,paypal,Europe,1,,0,2025-12-31,2025-12-31,917
1552,2023-10-31,Standard,Monthly,19.99,credit_card,North America,1,,0,2025-12-31,2025-12-31,792
1553,2024-01-27,Basic,Monthly,9.99,bank_transfer,North America,0,2025-09-28,1,2025-09-28,2025-12-31,610
1554,2023-09-03,Basic,Monthly,9.99,credit_card,North America,1,,0,2025-12-31,2025-12-31,850
1555,2024-11-17,Basic,Monthly,9.99,credit_card,South America,1,,0,2025-12-31,2025-12-31,409
1556,2025-07-22,Premium,Monthly,39.99,paypal,North America,1,,0,2025-12-31,2025-12-31,162
1557,2023-04-26,Premium,Annual,39.99,apple_pay,North America,1,,0,2025-12-31,2025-12-31,980
1558,2024-03-04,Basic,Monthly,9.99,credit_card,Asia,1,,0,2025-12-31,2025-12-31,667
1559,2025-03-15,Standard,Monthly,19.99,credit_card,North America,1,,0,2025-12-31,2025-12-31,291
1560,2023-08-12,Basic,Annual,9.99,paypal,Asia,1,,0,2025-12-31,2025-12-31,872
1561,2024-08-05,Basic,Annual,9.99,bank_transfer,Europe,1,,0,2025-12-31,2025-12-31,513
1562,2024-08-13,Standard,Annual,19.99,credit_card,North America,1,,0,2025-12-31,2025-12-31,505
1563,2023-12-13,Standard,Annual,19.99,credit_card,Europe,1,,0,2025-12-31,2025-12-31,749
1564,2025-03-27,Premium,Monthly,39.99,paypal,North America,0,2025-10-30,1,2025-10-30,2025-12-31,217
1565,2025-08-11,Standard,Monthly,19.99,apple_pay,Asia,1,,0,2025-12-31,2025-12-31,142
1566,2023-06-06,Premium,Monthly,39.99,bank_transfer,Europe,1,,0,2025-12-31,2025-12-31,939
1567,2024-07-07,Basic,Monthly,9.99,credit_card,North America,1,,0,2025-12-31,2025-12-31,542
1568,2024-10-13,Premium,Monthly,39.99,credit_card,North America,1,,0,2025-12-31,2025-12-31,444
1569,2024-06-30,Premium,Monthly,39.99,paypal,Asia,0,2025-12-21,1,2025-12-21,2025-12-31,539
1570,2023-12-12,Basic,Annual,9.99,paypal,Europe,1,,0,2025-12-31,2025-12-31,750
1571,2024-10-25,Standard,Monthly,19.99,paypal,Europe,1,,0,2025-12-31,2025-12-31,432
1572,2024-04-29,Standard,Monthly,19.99,paypal,Asia,0,2025-06-03,1,2025-06-03,2025-12-31,400
1573,2025-10-06,Basic,Monthly,9.99,bank_transfer,Europe,1,,0,2025-12-31,2025-12-31,86
1574,2024-06-04,Basic,Monthly,9.99,credit_card,Asia,1,,0,2025-12-31,2025-12-31,575
1575,2024-06-07,Basic,Monthly,9.99,credit_card,Europe,0,2025-07-19,1,2025-07-19,2025-12-31,407
1576,2023-10-26,Standard,Monthly,19.99,paypal,Europe,0,2024-08-05,1,2024-08-05,2025-12-31,284
1577,2024-02-27,Premium,Monthly,39.99,paypal,Europe,0,2025-03-23,1,2025-03-23,2025-12-31,390
1578,2024-01-09,Premium,Annual,39.99,apple_pay,North America,1,,0,2025-12-31,2025-12-31,722
1579,2024-05-26,Basic,Annual,9.99,paypal,Europe,1,,0,2025-12-31,2025-12-31,584
1580,2024-02-12,Basic,Monthly,9.99,paypal,North America,1,,0,2025-12-31,2025-12-31,688
1581,2023-02-05,Basic,Annual,9.99,credit_card,North America,1,,0,2025-12-31,2025-12-31,1060
1582,2024-08-22,Standard,Monthly,19.99,credit_card,Asia,1,,0,2025-12-31,2025-12-31,496
1583,2024-08-17,Standard,Monthly,19.99,credit_card,North America,1,,0,2025-12-31,2025-12-31,501
1584,2024-04-17,Premium,Annual,39.99,credit_card,North America,1,,0,2025-12-31,2025-12-31,623
1585,2024-10-03,Standard,Monthly,19.99,bank_transfer,North America,0,2025-12-03,1,2025-12-03,2025-12-31,426
1586,2025-01-21,Premium,Annual,39.99,credit_card,North America,1,,0,2025-12-31,2025-12-31,344
1587,2023-10-31,Basic,Monthly,9.99,paypal,Oceania,0,2025-06-13,1,2025-06-13,2025-12-31,591
1588,2024-12-08,Basic,Annual,9.99,credit_card,North America,1,,0,2025-12-31,2025-12-31,388
1589,2024-07-05,Standard,Annual,19.99,bank_transfer,North America,0,2025-06-06,1,2025-06-06,2025-12-31,336
1590,2024-06-18,Basic,Annual,9.99,apple_pay,North America,1,,0,2025-12-31,2025-12-31,561
1591,2025-01-13,Basic,Monthly,9.99,credit_card,North America,1,,0,2025-12-31,2025-12-31,352
1592,2023-01-07,Standard,Annual,19.99,credit_card,South America,1,,0,2025-12-31,2025-12-31,1089
1593,2023-10-31,Standard,Monthly,19.99,bank_transfer,North America,0,2024-06-16,1,2024-06-16,2025-12-31,229
1594,2024-10-29,Standard,Annual,19.99,paypal,North America,1,,0,2025-12-31,2025-12-31,428
1595,2025-10-15,Standard,Monthly,19.99,credit_card,South America,0,2025-12-22,1,2025-12-22,2025-12-31,68
1596,2025-08-30,Standard,Annual,19.99,apple_pay,Asia,0,2025-12-10,1,2025-12-10,2025-12-31,102
1597,2024-06-22,Basic,Annual,9.99,paypal,North America,1,,0,2025-12-31,2025-12-31,557
1598,2023-02-07,Basic,Monthly,9.99,paypal,North America,1,,0,2025-12-31,2025-12-31,1058
1599,2024-11-06,Standard,Annual,19.99,apple_pay,Europe,1,,0,2025-12-31,2025-12-31,420
1600,2025-05-29,Basic,Annual,9.99,paypal,North America,1,,0,2025-12-31,2025-12-31,216
1601,2024-04-04,Basic,Annual,9.99,credit_card,Asia,1,,0,2025-12-31,2025-12-31,636
1602,2023-02-25,Basic,Annual,9.99,bank_transfer,North America,1,,0,2025-12-31,2025-12-31,1040
1603,2024-05-13,Standard,Monthly,19.99,credit_card,Asia,1,,0,2025-12-31,2025-12-31,597
1604,2023-12-23,Standard,Monthly,19.99,credit_card,Europe,1,,0,2025-12-31,2025-12-31,739
1605,2023-07-08,Basic,Monthly,9.99,credit_card,Asia,1,,0,2025-12-31,2025-12-31,907
1606,2025-06-20,Standard,Monthly,19.99,paypal,Europe,0,2025-12-27,1,2025-12-27,2025-12-31,190
1607,2024-10-03,Basic,Annual,9.99,paypal,Europe,1,,0,2025-12-31,2025-12-31,454
1608,2023-07-24,Standard,Monthly,19.99,bank_transfer,Asia,1,,0,2025-12-31,2025-12-31,891
1609,2023-02-17,Standard,Monthly,19.99,credit_card,North America,1,,0,2025-12-31,2025-12-31,1048
1610,2023-03-10,Basic,Monthly,9.99,bank_transfer,North America,1,,0,2025-12-31,2025-12-31,1027
1611,2023-04-04,Basic,Monthly,9.99,apple_pay,Asia,1,,0,2025-12-31,2025-12-31,1002
1612,2024-06-16,Standard,Monthly,19.99,paypal,North America,0,2025-03-18,1,2025-03-18,2025-12-31,275
1613,2023-05-31,Basic,Monthly,9.99,apple_pay,Europe,1,,0,2025-12-31,2025-12-31,945
1614,2023-10-18,Premium,Annual,39.99,paypal,North America,1,,0,2025-12-31,2025-12-31,805
1615,2023-11-09,Premium,Monthly,39.99,credit_card,Europe,1,,0,2025-12-31,2025-12-31,783
1616,2024-05-07,Basic,Annual,9.99,credit_card,Asia,1,,0,2025-12-31,2025-12-31,603
1617,2025-06-06,Standard,Annual,19.99,credit_card,Europe,1,,0,2025-12-31,2025-12-31,208
1618,2024-04-26,Premium,Annual,39.99,credit_card,Europe,0,2025-02-09,1,2025-02-09,2025-12-31,289
1619,2025-08-16,Basic,Monthly,9.99,bank_transfer,North America,1,,0,2025-12-31,2025-12-31,137
1620,2023-09-09,Standard,Annual,19.99,credit_card,Europe,1,,0,2025-12-31,2025-12-31,844
1621,2025-04-04,Premium,Annual,39.99,paypal,Europe,1,,0,2025-12-31,2025-12-31,271
1622,2023-06-28,Premium,Annual,39.99,paypal,North America,1,,0,2025-12-31,2025-12-31,917
1623,2025-07-05,Basic,Monthly,9.99,paypal,Asia,1,,0,2025-12-31,2025-12-31,179
1624,2023-06-08,Basic,Monthly,9.99,credit_card,Europe,1,,0,2025-12-31,2025-12-31,937
1625,2024-07-16,Standard,Monthly,19.99,bank_transfer,Europe,0,2025-06-13,1,2025-06-13,2025-12-31,332
1626,2024-09-27,Basic,Monthly,9.99,bank_transfer,North America,0,2025-08-03,1,2025-08-03,2025-12-31,310
1627,2025-10-12,Basic,Monthly,9.99,apple_pay,Oceania,1,,0,2025-12-31,2025-12-31,80
1628,2023-10-18,Premium,Monthly,39.99,credit_card,Asia,1,,0,2025-12-31,2025-12-31,805
1629,2023-12-13,Standard,Monthly,19.99,credit_card,Asia,1,,0,2025-12-31,2025-12-31,749
1630,2024-10-05,Basic,Annual,9.99,bank_transfer,Europe,1,,0,2025-12-31,2025-12-31,452
1631,2023-01-02,Basic,Monthly,9.99,credit_card,North America,0,2025-04-13,1,2025-04-13,2025-12-31,832
1632,2024-11-29,Standard,Annual,19.99,credit_card,South America,1,,0,2025-12-31,2025-12-31,397
1633,2023-04-14,Basic,Annual,9.99,paypal,North America,1,,0,2025-12-31,2025-12-31,992
1634,2025-04-24,Premium,Annual,39.99,credit_card,North America,1,,0,2025-12-31,2025-12-31,251
1635,2024-08-20,Basic,Annual,9.99,credit_card,Asia,1,,0,2025-12-31,2025-12-31,498
1636,2024-05-21,Standard,Monthly,19.99,credit_card,Oceania,1,,0,2025-12-31,2025-12-31,589
1637,2023-05-16,Basic,Monthly,9.99,apple_pay,Asia,1,,0,2025-12-31,2025-12-31,960
1638,2025-01-24,Basic,Monthly,9.99,credit_card,North America,1,,0,2025-12-31,2025-12-31,341
1639,2023-03-04,Basic,Monthly,9.99,credit_card,Europe,1,,0,2025-12-31,2025-12-31,1033
1640,2024-08-08,Basic,Monthly,9.99,apple_pay,North America,1,,0,2025-12-31,2025-12-31,510
1641,2024-03-05,Basic,Monthly,9.99,paypal,Asia,1,,0,2025-12-31,2025-12-31,666
1642,2023-09-21,Premium,Monthly,39.99,credit_card,Europe,1,,0,2025-12-31,2025-12-31,832
1643,2025-01-13,Standard,Monthly,19.99,credit_card,Asia,0,2025-05-17,1,2025-05-17,2025-12-31,124
1644,2024-12-12,Basic,Monthly,9.99,credit_card,Asia,0,2025-12-16,1,2025-12-16,2025-12-31,369
1645,2023-10-13,Standard,Monthly,19.99,bank_transfer,North America,1,,0,2025-12-31,2025-12-31,810
1646,2025-02-24,Basic,Annual,9.99,paypal,Europe,1,,0,2025-12-31,2025-12-31,310
1647,2024-08-23,Premium,Monthly,39.99,paypal,Europe,1,,0,2025-12-31,2025-12-31,495
1648,2024-09-11,Basic,Annual,9.99,credit_card,North America,1,,0,2025-12-31,2025-12-31,476
1649,2024-04-15,Basic,Monthly,9.99,apple_pay,Europe,0,2025-07-11,1,2025-07-11,2025-12-31,452
1650,2023-07-08,Premium,Monthly,39.99,credit_card,Europe,1,,0,2025-12-31,2025-12-31,907
1651,2024-10-11,Basic,Annual,9.99,bank_transfer,Asia,1,,0,2025-12-31,2025-12-31,446
1652,2023-04-19,Premium,Monthly,39.99,credit_card,North America,1,,0,2025-12-31,2025-12-31,987
1653,2024-12-16,Standard,Monthly,19.99,apple_pay,North America,0,2025-10-24,1,2025-10-24,2025-12-31,312
1654,2023-01-31,Basic,Monthly,9.99,credit_card,Europe,0,2024-05-07,1,2024-05-07,2025-12-31,462
1655,2024-09-10,Basic,Annual,9.99,apple_pay,Asia,1,,0,2025-12-31,2025-12-31,477
1656,2024-02-23,Premium,Annual,39.99,credit_card,Europe,1,,0,2025-12-31,2025-12-31,677
1657,2023-08-25,Standard,Monthly,19.99,paypal,North America,0,2024-10-02,1,2024-10-02,2025-12-31,404
1658,2023-12-21,Premium,Annual,39.99,credit_card,North America,1,,0,2025-12-31,2025-12-31,741
1659,2023-08-07,Basic,Monthly,9.99,bank_transfer,Europe,1,,0,2025-12-31,2025-12-31,877
1660,2024-08-18,Standard,Annual,19.99,credit_card,Europe,1,,0,2025-12-31,2025-12-31,500
1661,2023-03-07,Premium,Monthly,39.99,credit_card,North America,1,,0,2025-12-31,2025-12-31,1030
1662,2024-02-05,Standard,Annual,19.99,apple_pay,South America,1,,0,2025-12-31,2025-12-31,695
1663,2024-04-05,Basic,Monthly,9.99,apple_pay,Europe,1,,0,2025-12-31,2025-12-31,635
1664,2025-10-12,Standard,Annual,19.99,paypal,Europe,1,,0,2025-12-31,2025-12-31,80
1665,2024-04-10,Basic,Monthly,9.99,credit_card,Europe,0,2025-04-12,1,2025-04-12,2025-12-31,367
1666,2024-04-30,Basic,Monthly,9.99,credit_card,North America,1,,0,2025-12-31,2025-12-31,610
1667,2024-04-14,Basic,Annual,9.99,credit_card,South America,1,,0,2025-12-31,2025-12-31,626
1668,2024-02-09,Basic,Annual,9.99,bank_transfer,North America,1,,0,2025-12-31,2025-12-31,691
1669,2025-03-17,Premium,Annual,39.99,credit_card,Asia,1,,0,2025-12-31,2025-12-31,289
1670,2023-02-02,Premium,Monthly,39.99,credit_card,South America,1,,0,2025-12-31,2025-12-31,1063
1671,2023-11-27,Standard,Monthly,19.99,apple_pay,Europe,1,,0,2025-12-31,2025-12-31,765
1672,2024-05-15,Standard,Monthly,19.99,apple_pay,Oceania,1,,0,2025-12-31,2025-12-31,595
1673,2025-06-27,Standard,Monthly,19.99,bank_transfer,Europe,1,,0,2025-12-31,2025-12-31,187
1674,2023-03-07,Premium,Monthly,39.99,bank_transfer,South America,1,,0,2025-12-31,2025-12-31,1030
1675,2025-09-24,Standard,Annual,19.99,apple_pay,North America,1,,0,2025-12-31,2025-12-31,98
1676,2023-09-28,Premium,Annual,39.99,credit_card,North America,1,,0,2025-12-31,2025-12-31,825
1677,2023-03-27,Basic,Annual,9.99,credit_card,North America,1,,0,2025-12-31,2025-12-31,1010
1678,2023-09-28,Premium,Monthly,39.99,credit_card,Europe,1,,0,2025-12-31,2025-12-31,825
1679,2025-01-07,Basic,Monthly,9.99,bank_transfer,Europe,1,,0,2025-12-31,2025-12-31,358
1680,2024-08-26,Basic,Annual,9.99,credit_card,South America,1,,0,2025-12-31,2025-12-31,492
1681,2023-01-12,Standard,Monthly,19.99,bank_transfer,Europe,0,2025-04-20,1,2025-04-20,2025-12-31,829
1682,2024-05-21,Basic,Annual,9.99,paypal,Europe,1,,0,2025-12-31,2025-12-31,589
1683,2023-05-18,Basic,Monthly,9.99,credit_card,North America,1,,0,2025-12-31,2025-12-31,958
1684,2024-04-12,Standard,Monthly,19.99,credit_card,Asia,1,,0,2025-12-31,2025-12-31,628
1685,2025-07-27,Premium,Monthly,39.99,bank_transfer,Europe,1,,0,2025-12-31,2025-12-31,157
1686,2025-01-08,Basic,Monthly,9.99,credit_card,Europe,1,,0,2025-12-31,2025-12-31,357
1687,2023-12-27,Basic,Monthly,9.99,paypal,South America,1,,0,2025-12-31,2025-12-31,735
1688,2025-10-27,Basic,Annual,9.99,credit_card,North America,0,2025-12-15,1,2025-12-15,2025-12-31,49
1689,2024-11-02,Basic,Monthly,9.99,credit_card,Oceania,1,,0,2025-12-31,2025-12-31,424
1690,2023-08-15,Premium,Monthly,39.99,credit_card,North America,1,,0,2025-12-31,2025-12-31,869
1691,2023-10-15,Basic,Monthly,9.99,paypal,North America,0,2024-06-02,1,2024-06-02,2025-12-31,231
1692,2023-07-08,Basic,Monthly,9.99,credit_card,Asia,0,2024-07-04,1,2024-07-04,2025-12-31,362
1693,2025-04-26,Premium,Monthly,39.99,credit_card,North America,1,,0,2025-12-31,2025-12-31,249
1694,2023-10-18,Premium,Monthly,39.99,credit_card,South America,1,,0,2025-12-31,2025-12-31,805
1695,2023-04-20,Basic,Annual,9.99,bank_transfer,South America,1,,0,2025-12-31,2025-12-31,986
1696,2024-03-10,Standard,Annual,19.99,paypal,North America,0,2025-04-19,1,2025-04-19,2025-12-31,405
1697,2024-01-30,Basic,Monthly,9.99,apple_pay,Europe,0,2025-05-18,1,2025-05-18,2025-12-31,474
1698,2024-10-31,Basic,Monthly,9.99,paypal,Europe,1,,0,2025-12-31,2025-12-31,426
1699,2025-03-21,Basic,Monthly,9.99,credit_card,Asia,1,,0,2025-12-31,2025-12-31,285
1700,2025-06-30,Basic,Monthly,9.99,paypal,Europe,1,,0,2025-12-31,2025-12-31,184
1701,2024-12-11,Standard,Annual,19.99,credit_card,North America,1,,0,2025-12-31,2025-12-31,385
1702,2025-05-24,Basic,Monthly,9.99,bank_transfer,North America,1,,0,2025-12-31,2025-12-31,221
1703,2023-06-22,Standard,Monthly,19.99,credit_card,North America,1,,0,2025-12-31,2025-12-31,923
1704,2023-10-20,Basic,Annual,9.99,credit_card,Asia,1,,0,2025-12-31,2025-12-31,803
1705,2025-07-06,Basic,Annual,9.99,paypal,North America,0,2025-12-04,1,2025-12-04,2025-12-31,151
1706,2023-06-01,Standard,Annual,19.99,credit_card,North America,1,,0,2025-12-31,2025-12-31,944
1707,2024-06-11,Standard,Annual,19.99,credit_card,North America,1,,0,2025-12-31,2025-12-31,568
1708,2023-10-21,Basic,Monthly,9.99,credit_card,North America,1,,0,2025-12-31,2025-12-31,802
1709,2024-03-31,Basic,Monthly,9.99,credit_card,Europe,1,,0,2025-12-31,2025-12-31,640
1710,2025-09-12,Basic,Monthly,9.99,credit_card,South America,0,2025-11-09,1,2025-11-09,2025-12-31,58
1711,2023-09-12,Basic,Monthly,9.99,credit_card,North America,1,,0,2025-12-31,2025-12-31,841
1712,2025-07-29,Basic,Annual,9.99,credit_card,Oceania,1,,0,2025-12-31,2025-12-31,155
1713,2023-12-15,Basic,Annual,9.99,credit_card,North America,1,,0,2025-12-31,2025-12-31,747
1714,2024-04-09,Standard,Annual,19.99,paypal,Europe,1,,0,2025-12-31,2025-12-31,631
1715,2024-06-16,Premium,Annual,39.99,bank_transfer,Europe,1,,0,2025-12-31,2025-12-31,563
1716,2025-02-05,Basic,Monthly,9.99,paypal,Europe,0,2025-12-01,1,2025-12-01,2025-12-31,299
1717,2025-07-16,Basic,Monthly,9.99,paypal,North America,1,,0,2025-12-31,2025-12-31,168
1718,2025-07-23,Standard,Annual,19.99,credit_card,North America,0,2025-11-25,1,2025-11-25,2025-12-31,125
1719,2023-02-05,Premium,Monthly,39.99,apple_pay,Europe,0,2024-09-22,1,2024-09-22,2025-12-31,595
1720,2024-06-28,Basic,Monthly,9.99,paypal,North America,0,2025-07-24,1,2025-07-24,2025-12-31,391
1721,2025-05-28,Basic,Monthly,9.99,paypal,Asia,1,,0,2025-12-31,2025-12-31,217
1722,2025-09-03,Basic,Monthly,9.99,credit_card,North America,1,,0,2025-12-31,2025-12-31,119
1723,2023-05-13,Standard,Annual,19.99,credit_card,North America,1,,0,2025-12-31,2025-12-31,963
1724,2023-07-01,Basic,Monthly,9.99,apple_pay,North America,1,,0,2025-12-31,2025-12-31,914
1725,2025-01-24,Premium,Monthly,39.99,credit_card,North America,0,2025-12-21,1,2025-12-21,2025-12-31,331
1726,2024-11-28,Premium,Monthly,39.99,paypal,North America,1,,0,2025-12-31,2025-12-31,398
1727,2023-12-30,Standard,Monthly,19.99,credit_card,North America,1,,0,2025-12-31,2025-12-31,732
1728,2023-07-06,Basic,Monthly,9.99,credit_card,Asia,1,,0,2025-12-31,2025-12-31,909
1729,2024-08-15,Premium,Annual,39.99,credit_card,Oceania,1,,0,2025-12-31,2025-12-31,503
1730,2024-09-10,Basic,Monthly,9.99,paypal,Europe,1,,0,2025-12-31,2025-12-31,477
1731,2023-12-02,Basic,Monthly,9.99,credit_card,Asia,1,,0,2025-12-31,2025-12-31,760
1732,2024-10-04,Standard,Annual,19.99,paypal,Asia,1,,0,2025-12-31,2025-12-31,453
1733,2023-03-02,Standard,Monthly,19.99,credit_card,Europe,1,,0,2025-12-31,2025-12-31,1035
1734,2024-06-12,Basic,Annual,9.99,credit_card,North America,1,,0,2025-12-31,2025-12-31,567
1735,2023-10-16,Standard,Monthly,19.99,credit_card,Asia,1,,0,2025-12-31,2025-12-31,807
1736,2024-06-07,Basic,Monthly,9.99,credit_card,North America,1,,0,2025-12-31,2025-12-31,572
1737,2025-10-06,Standard,Monthly,19.99,bank_transfer,Oceania,1,,0,2025-12-31,2025-12-31,86
1738,2025-08-28,Standard,Monthly,19.99,credit_card,North America,0,2025-12-23,1,2025-12-23,2025-12-31,117
1739,2025-09-12,Basic,Monthly,9.99,credit_card,Asia,1,,0,2025-12-31,2025-12-31,110
1740,2023-10-03,Premium,Annual,39.99,credit_card,North America,0,2024-05-02,1,2024-05-02,2025-12-31,212
1741,2025-08-09,Basic,Monthly,9.99,bank_transfer,Asia,1,,0,2025-12-31,2025-12-31,144
1742,2023-08-26,Standard,Monthly,19.99,paypal,North America,1,,0,2025-12-31,2025-12-31,858
1743,2024-05-13,Basic,Annual,9.99,credit_card,North America,0,2025-12-20,1,2025-12-20,2025-12-31,586
1744,2025-05-09,Basic,Monthly,9.99,apple_pay,Europe,1,,0,2025-12-31,2025-12-31,236
1745,2025-03-12,Standard,Monthly,19.99,paypal,South America,1,,0,2025-12-31,2025-12-31,294
1746,2024-12-24,Premium,Monthly,39.99,credit_card,Oceania,1,,0,2025-12-31,2025-12-31,372
1747,2024-08-28,Basic,Monthly,9.99,apple_pay,Europe,1,,0,2025-12-31,2025-12-31,490
1748,2025-03-08,Basic,Annual,9.99,credit_card,South America,1,,0,2025-12-31,2025-12-31,298
1749,2023-08-26,Standard,Annual,19.99,paypal,Europe,0,2024-04-28,1,2024-04-28,2025-12-31,246
1750,2023-12-30,Basic,Monthly,9.99,credit_card,North America,1,,0,2025-12-31,2025-12-31,732
1751,2023-08-06,Basic,Monthly,9.99,bank_transfer,North America,1,,0,2025-12-31,2025-12-31,878
1752,2025-09-26,Basic,Monthly,9.99,paypal,North America,1,,0,2025-12-31,2025-12-31,96
1753,2023-05-25,Standard,Monthly,19.99,credit_card,Oceania,1,,0,2025-12-31,2025-12-31,951
1754,2024-09-11,Premium,Monthly,39.99,credit_card,North America,1,,0,2025-12-31,2025-12-31,476
1755,2025-05-27,Standard,Monthly,19.99,paypal,Asia,1,,0,2025-12-31,2025-12-31,218
1756,2023-04-06,Premium,Annual,39.99,credit_card,North America,1,,0,2025-12-31,2025-12-31,1000
1757,2025-03-20,Standard,Annual,19.99,credit_card,North America,1,,0,2025-12-31,2025-12-31,286
1758,2023-08-11,Standard,Monthly,19.99,credit_card,North America,1,,0,2025-12-31,2025-12-31,873
1759,2024-08-21,Standard,Monthly,19.99,credit_card,North America,1,,0,2025-12-31,2025-12-31,497
1760,2023-01-22,Basic,Annual,9.99,credit_card,North America,1,,0,2025-12-31,2025-12-31,1074
1761,2023-01-07,Standard,Monthly,19.99,credit_card,North America,0,2024-05-22,1,2024-05-22,2025-12-31,501
1762,2024-05-09,Standard,Annual,19.99,credit_card,North America,1,,0,2025-12-31,2025-12-31,601
1763,2023-03-03,Basic,Annual,9.99,credit_card,Europe,1,,0,2025-12-31,2025-12-31,1034
1764,2023-12-04,Basic,Annual,9.99,credit_card,Europe,1,,0,2025-12-31,2025-12-31,758
1765,2025-05-18,Basic,Monthly,9.99,credit_card,Europe,1,,0,2025-12-31,2025-12-31,227
1766,2023-08-23,Premium,Annual,39.99,credit_card,Europe,1,,0,2025-12-31,2025-12-31,861
1767,2024-09-09,Basic,Monthly,9.99,credit_card,North America,1,,0,2025-12-31,2025-12-31,478
1768,2023-06-21,Standard,Monthly,19.99,credit_card,Europe,1,,0,2025-12-31,2025-12-31,924
1769,2025-09-09,Basic,Annual,9.99,bank_transfer,Europe,1,,0,2025-12-31,2025-12-31,113
1770,2024-12-24,Standard,Annual,19.99,bank_transfer,Europe,1,,0,2025-12-31,2025-12-31,372
1771,2024-05-26,Standard,Monthly,19.99,bank_transfer,North America,1,,0,2025-12-31,2025-12-31,584
1772,2025-03-23,Standard,Monthly,19.99,credit_card,Europe,1,,0,2025-12-31,2025-12-31,283
1773,2024-12-21,Premium,Annual,39.99,credit_card,North America,1,,0,2025-12-31,2025-12-31,375
1774,2024-02-23,Standard,Monthly,19.99,credit_card,North America,1,,0,2025-12-31,2025-12-31,677
1775,2024-01-15,Standard,Annual,19.99,bank_transfer,North America,1,,0,2025-12-31,2025-12-31,716
1776,2023-08-15,Basic,Monthly,9.99,paypal,North America,1,,0,2025-12-31,2025-12-31,869
1777,2023-10-06,Standard,Monthly,19.99,credit_card,North America,1,,0,2025-12-31,2025-12-31,817
1778,2023-06-12,Standard,Monthly,19.99,apple_pay,North America,1,,0,2025-12-31,2025-12-31,933
1779,2023-01-02,Basic,Monthly,9.99,credit_card,Europe,1,,0,2025-12-31,2025-12-31,1094
1780,2023-11-15,Premium,Monthly,39.99,apple_pay,North America,1,,0,2025-12-31,2025-12-31,777
1781,2025-08-23,Premium,Annual,39.99,credit_card,Asia,1,,0,2025-12-31,2025-12-31,130
1782,2024-03-11,Basic,Monthly,9.99,apple_pay,North America,0,2025-06-15,1,2025-06-15,2025-12-31,461
1783,2024-12-15,Premium,Monthly,39.99,paypal,Europe,1,,0,2025-12-31,2025-12-31,381
1784,2023-10-09,Premium,Monthly,39.99,credit_card,Europe,1,,0,2025-12-31,2025-12-31,814
1785,2024-08-14,Basic,Annual,9.99,credit_card,Europe,1,,0,2025-12-31,2025-12-31,504
1786,2023-05-06,Basic,Monthly,9.99,paypal,North America,0,2025-04-20,1,2025-04-20,2025-12-31,715
1787,2023-08-31,Basic,Monthly,9.99,credit_card,South America,1,,0,2025-12-31,2025-12-31,853
1788,2025-09-16,Standard,Monthly,19.99,credit_card,Europe,1,,0,2025-12-31,2025-12-31,106
1789,2023-06-07,Basic,Annual,9.99,paypal,Europe,1,,0,2025-12-31,2025-12-31,938
1790,2025-05-03,Standard,Monthly,19.99,credit_card,North America,1,,0,2025-12-31,2025-12-31,242
1791,2023-10-29,Standard,Annual,19.99,paypal,Europe,1,,0,2025-12-31,2025-12-31,794
1792,2024-02-08,Premium,Annual,39.99,credit_card,South America,1,,0,2025-12-31,2025-12-31,692
1793,2023-02-09,Standard,Monthly,19.99,credit_card,North America,1,,0,2025-12-31,2025-12-31,1056
1794,2024-07-20,Standard,Monthly,19.99,paypal,North America,1,,0,2025-12-31,2025-12-31,529
1795,2023-05-05,Basic,Monthly,9.99,credit_card,North America,1,,0,2025-12-31,2025-12-31,971
1796,2024-03-10,Premium,Monthly,39.99,apple_pay,Europe,0,2025-06-17,1,2025-06-17,2025-12-31,464
1797,2023-03-31,Standard,Monthly,19.99,credit_card,Europe,1,,0,2025-12-31,2025-12-31,1006
1798,2025-04-01,Basic,Monthly,9.99,credit_card,North America,1,,0,2025-12-31,2025-12-31,274
1799,2024-10-17,Basic,Monthly,9.99,paypal,Europe,1,,0,2025-12-31,2025-12-31,440
1800,2023-10-11,Premium,Annual,39.99,bank_transfer,North America,1,,0,2025-12-31,2025-12-31,812
1801,2024-03-11,Basic,Monthly,9.99,credit_card,Europe,1,,0,2025-12-31,2025-12-31,660
1802,2025-04-28,Standard,Monthly,19.99,bank_transfer,North America,1,,0,2025-12-31,2025-12-31,247
1803,2025-09-12,Premium,Monthly,39.99,apple_pay,North America,1,,0,2025-12-31,2025-12-31,110
1804,2025-06-21,Basic,Annual,9.99,credit_card,Europe,1,,0,2025-12-31,2025-12-31,193
1805,2025-05-27,Basic,Monthly,9.99,credit_card,North America,1,,0,2025-12-31,2025-12-31,218
1806,2023-01-11,Basic,Monthly,9.99,credit_card,North America,1,,0,2025-12-31,2025-12-31,1085
1807,2025-01-17,Premium,Monthly,39.99,paypal,South America,1,,0,2025-12-31,2025-12-31,348
1808,2024-01-22,Basic,Annual,9.99,bank_transfer,Asia,1,,0,2025-12-31,2025-12-31,709
1809,2023-12-11,Standard,Monthly,19.99,paypal,Asia,0,2025-12-27,1,2025-12-27,2025-12-31,747
1810,2024-11-05,Standard,Annual,19.99,bank_transfer,Asia,1,,0,2025-12-31,2025-12-31,421
1811,2023-05-17,Standard,Annual,19.99,paypal,South America,1,,0,2025-12-31,2025-12-31,959
1812,2023-01-01,Standard,Monthly,19.99,credit_card,North America,0,2024-08-05,1,2024-08-05,2025-12-31,582
1813,2024-01-17,Basic,Monthly,9.99,credit_card,Asia,1,,0,2025-12-31,2025-12-31,714
1814,2025-07-23,Premium,Annual,39.99,paypal,Asia,1,,0,2025-12-31,2025-12-31,161
1815,2025-06-22,Standard,Monthly,19.99,bank_transfer,North America,1,,0,2025-12-31,2025-12-31,192
1816,2023-07-15,Standard,Monthly,19.99,paypal,North America,1,,0,2025-12-31,2025-12-31,900
1817,2023-08-22,Basic,Monthly,9.99,credit_card,North America,1,,0,2025-12-31,2025-12-31,862
1818,2025-09-14,Premium,Monthly,39.99,credit_card,Europe,1,,0,2025-12-31,2025-12-31,108
1819,2025-04-12,Basic,Monthly,9.99,apple_pay,Europe,1,,0,2025-12-31,2025-12-31,263
1820,2024-04-08,Premium,Monthly,39.99,credit_card,Asia,1,,0,2025-12-31,2025-12-31,632
1821,2025-09-01,Standard,Monthly,19.99,credit_card,North America,1,,0,2025-12-31,2025-12-31,121
1822,2025-08-12,Basic,Monthly,9.99,apple_pay,Asia,1,,0,2025-12-31,2025-12-31,141
1823,2024-07-16,Premium,Monthly,39.99,credit_card,North America,1,,0,2025-12-31,2025-12-31,533
1824,2024-02-17,Standard,Monthly,19.99,credit_card,Europe,0,2025-01-17,1,2025-01-17,2025-12-31,335
1825,2023-01-28,Standard,Annual,19.99,credit_card,North America,1,,0,2025-12-31,2025-12-31,1068
1826,2024-05-21,Standard,Monthly,19.99,credit_card,Asia,1,,0,2025-12-31,2025-12-31,589
1827,2024-04-08,Standard,Monthly,19.99,credit_card,Asia,0,2025-11-25,1,2025-11-25,2025-12-31,596
1828,2024-03-11,Standard,Monthly,19.99,credit_card,Europe,1,,0,2025-12-31,2025-12-31,660
1829,2023-11-04,Basic,Monthly,9.99,apple_pay,Europe,1,,0,2025-12-31,2025-12-31,788
1830,2025-03-14,Basic,Monthly,9.99,credit_card,Asia,1,,0,2025-12-31,2025-12-31,292
1831,2023-11-07,Basic,Monthly,9.99,apple_pay,North America,1,,0,2025-12-31,2025-12-31,785
1832,2023-01-31,Basic,Monthly,9.99,credit_card,Europe,1,,0,2025-12-31,2025-12-31,1065
1833,2023-01-06,Basic,Monthly,9.99,apple_pay,Asia,1,,0,2025-12-31,2025-12-31,1090
1834,2025-07-10,Premium,Annual,39.99,paypal,North America,1,,0,2025-12-31,2025-12-31,174
1835,2025-08-18,Basic,Monthly,9.99,credit_card,Europe,1,,0,2025-12-31,2025-12-31,135
1836,2023-01-29,Basic,Annual,9.99,paypal,North America,1,,0,2025-12-31,2025-12-31,1067
1837,2024-08-19,Standard,Monthly,19.99,paypal,North America,1,,0,2025-12-31,2025-12-31,499
1838,2023-02-12,Standard,Monthly,19.99,paypal,North America,1,,0,2025-12-31,2025-12-31,1053
1839,2024-01-17,Standard,Monthly,19.99,credit_card,North America,1,,0,2025-12-31,2025-12-31,714
1840,2025-06-01,Premium,Annual,39.99,bank_transfer,North America,1,,0,2025-12-31,2025-12-31,213
1841,2023-12-15,Standard,Monthly,19.99,credit_card,Asia,1,,0,2025-12-31,2025-12-31,747
1842,2024-08-22,Standard,Annual,19.99,bank_transfer,Asia,1,,0,2025-12-31,2025-12-31,496
1843,2024-09-29,Basic,Monthly,9.99,credit_card,Europe,1,,0,2025-12-31,2025-12-31,458
1844,2024-07-26,Standard,Monthly,19.99,bank_transfer,Asia,1,,0,2025-12-31,2025-12-31,523
1845,2024-05-07,Premium,Annual,39.99,credit_card,Oceania,0,2024-10-11,1,2024-10-11,2025-12-31,157
1846,2024-01-20,Standard,Monthly,19.99,credit_card,Europe,1,,0,2025-12-31,2025-12-31,711
1847,2025-02-11,Standard,Monthly,19.99,bank_transfer,North America,1,,0,2025-12-31,2025-12-31,323
1848,2024-04-06,Basic,Annual,9.99,credit_card,North America,1,,0,2025-12-31,2025-12-31,634
1849,2025-06-08,Premium,Monthly,39.99,paypal,North America,1,,0,2025-12-31,2025-12-31,206
1850,2025-10-20,Basic,Monthly,9.99,credit_card,North America,1,,0,2025-12-31,2025-12-31,72
1851,2024-01-15,Basic,Monthly,9.99,credit_card,Europe,1,,0,2025-12-31,2025-12-31,716
1852,2023-09-08,Standard,Annual,19.99,paypal,Europe,1,,0,2025-12-31,2025-12-31,845
1853,2025-08-29,Basic,Monthly,9.99,bank_transfer,North America,1,,0,2025-12-31,2025-12-31,124
1854,2023-12-04,Basic,Monthly,9.99,credit_card,Oceania,1,,0,2025-12-31,2025-12-31,758
1855,2024-05-26,Standard,Annual,19.99,paypal,North America,0,2025-01-24,1,2025-01-24,2025-12-31,243
1856,2024-02-14,Premium,Monthly,39.99,paypal,South America,0,2024-10-30,1,2024-10-30,2025-12-31,259
1857,2025-07-10,Premium,Monthly,39.99,credit_card,Oceania,1,,0,2025-12-31,2025-12-31,174
1858,2023-09-01,Standard,Annual,19.99,bank_transfer,Europe,1,,0,2025-12-31,2025-12-31,852
1859,2023-05-12,Standard,Monthly,19.99,credit_card,North America,0,2025-07-11,1,2025-07-11,2025-12-31,791
1860,2023-11-17,Premium,Annual,39.99,credit_card,North America,1,,0,2025-12-31,2025-12-31,775
1861,2023-09-03,Standard,Monthly,19.99,paypal,North America,1,,0,2025-12-31,2025-12-31,850
1862,2023-03-23,Basic,Monthly,9.99,bank_transfer,North America,0,2024-06-30,1,2024-06-30,2025-12-31,465
1863,2023-04-30,Basic,Annual,9.99,paypal,Europe,0,2025-04-24,1,2025-04-24,2025-12-31,725
1864,2025-01-04,Premium,Monthly,39.99,paypal,North America,1,,0,2025-12-31,2025-12-31,361
1865,2024-04-13,Basic,Monthly,9.99,paypal,North America,1,,0,2025-12-31,2025-12-31,627
1866,2024-07-23,Standard,Annual,19.99,credit_card,North America,1,,0,2025-12-31,2025-12-31,526
1867,2025-06-04,Premium,Monthly,39.99,paypal,North America,1,,0,2025-12-31,2025-12-31,210
1868,2024-12-12,Standard,Monthly,19.99,apple_pay,Europe,1,,0,2025-12-31,2025-12-31,384
1869,2025-04-20,Basic,Annual,9.99,paypal,Europe,1,,0,2025-12-31,2025-12-31,255
1870,2023-01-04,Basic,Monthly,9.99,credit_card,North America,1,,0,2025-12-31,2025-12-31,1092
1871,2025-04-28,Basic,Monthly,9.99,credit_card,Europe,1,,0,2025-12-31,2025-12-31,247
1872,2023-10-22,Basic,Monthly,9.99,credit_card,Europe,1,,0,2025-12-31,2025-12-31,801
1873,2023-10-11,Premium,Monthly,39.99,bank_transfer,Asia,1,,0,2025-12-31,2025-12-31,812
1874,2023-06-22,Basic,Annual,9.99,credit_card,Asia,1,,0,2025-12-31,2025-12-31,923
1875,2024-05-29,Basic,Monthly,9.99,apple_pay,North America,1,,0,2025-12-31,2025-12-31,581
1876,2024-02-13,Basic,Monthly,9.99,credit_card,Europe,1,,0,2025-12-31,2025-12-31,687
1877,2023-01-11,Basic,Monthly,9.99,credit_card,South America,0,2025-05-22,1,2025-05-22,2025-12-31,862
1878,2025-05-26,Basic,Monthly,9.99,credit_card,Asia,1,,0,2025-12-31,2025-12-31,219
1879,2024-12-12,Standard,Monthly,19.99,bank_transfer,North America,1,,0,2025-12-31,2025-12-31,384
1880,2024-03-27,Standard,Annual,19.99,bank_transfer,North America,1,,0,2025-12-31,2025-12-31,644
1881,2024-04-16,Basic,Monthly,9.99,credit_card,North America,0,2025-03-13,1,2025-03-13,2025-12-31,331
1882,2023-11-07,Standard,Annual,19.99,paypal,North America,1,,0,2025-12-31,2025-12-31,785
1883,2023-03-09,Basic,Monthly,9.99,paypal,Europe,1,,0,2025-12-31,2025-12-31,1028
1884,2023-05-04,Premium,Monthly,39.99,apple_pay,South America,1,,0,2025-12-31,2025-12-31,972
1885,2025-10-30,Basic,Monthly,9.99,credit_card,North America,1,,0,2025-12-31,2025-12-31,62
1886,2025-09-02,Standard,Annual,19.99,apple_pay,Europe,1,,0,2025-12-31,2025-12-31,120
1887,2025-02-05,Premium,Annual,39.99,paypal,North America,0,2025-11-13,1,2025-11-13,2025-12-31,281
1888,2024-04-16,Premium,Monthly,39.99,credit_card,North America,1,,0,2025-12-31,2025-12-31,624
1889,2024-08-11,Standard,Monthly,19.99,bank_transfer,Europe,1,,0,2025-12-31,2025-12-31,507
1890,2025-01-17,Standard,Monthly,19.99,bank_transfer,North America,1,,0,2025-12-31,2025-12-31,348
1891,2023-05-16,Basic,Annual,9.99,credit_card,North America,1,,0,2025-12-31,2025-12-31,960
1892,2025-08-12,Basic,Monthly,9.99,credit_card,North America,1,,0,2025-12-31,2025-12-31,141
1893,2024-10-04,Basic,Monthly,9.99,paypal,Europe,1,,0,2025-12-31,2025-12-31,453
1894,2023-12-25,Standard,Annual,19.99,paypal,North America,1,,0,2025-12-31,2025-12-31,737
1895,2023-06-11,Standard,Monthly,19.99,credit_card,South America,0,2024-06-29,1,2024-06-29,2025-12-31,384
1896,2025-08-29,Standard,Annual,19.99,paypal,South America,1,,0,2025-12-31,2025-12-31,124
1897,2024-07-18,Basic,Annual,9.99,credit_card,North America,1,,0,2025-12-31,2025-12-31,531
1898,2025-02-18,Basic,Annual,9.99,paypal,Asia,0,2025-10-17,1,2025-10-17,2025-12-31,241
1899,2023-02-05,Basic,Annual,9.99,paypal,Asia,1,,0,2025-12-31,2025-12-31,1060
1900,2024-05-19,Basic,Monthly,9.99,paypal,South America,1,,0,2025-12-31,2025-12-31,591
1901,2023-10-19,Basic,Annual,9.99,credit_card,Europe,1,,0,2025-12-31,2025-12-31,804
1902,2025-05-16,Basic,Monthly,9.99,credit_card,South America,1,,0,2025-12-31,2025-12-31,229
1903,2025-10-04,Premium,Monthly,39.99,credit_card,Europe,1,,0,2025-12-31,2025-12-31,88
1904,2025-08-08,Standard,Annual,19.99,credit_card,North America,1,,0,2025-12-31,2025-12-31,145
1905,2023-03-14,Basic,Monthly,9.99,paypal,South America,0,2024-10-03,1,2024-10-03,2025-12-31,569
1906,2023-04-26,Standard,Monthly,19.99,credit_card,North America,1,,0,2025-12-31,2025-12-31,980
1907,2023-09-20,Basic,Monthly,9.99,credit_card,Oceania,1,,0,2025-12-31,2025-12-31,833
1908,2024-08-07,Premium,Monthly,39.99,credit_card,Europe,1,,0,2025-12-31,2025-12-31,511
1909,2024-09-11,Basic,Monthly,9.99,credit_card,North America,1,,0,2025-12-31,2025-12-31,476
1910,2024-09-09,Standard,Monthly,19.99,credit_card,Europe,1,,0,2025-12-31,2025-12-31,478
1911,2024-05-28,Premium,Annual,39.99,credit_card,Europe,1,,0,2025-12-31,2025-12-31,582
1912,2023-02-17,Basic,Monthly,9.99,credit_card,Asia,1,,0,2025-12-31,2025-12-31,1048
1913,2023-04-02,Basic,Annual,9.99,paypal,South America,1,,0,2025-12-31,2025-12-31,1004
1914,2023-06-30,Standard,Monthly,19.99,credit_card,Asia,1,,0,2025-12-31,2025-12-31,915
1915,2025-05-21,Standard,Monthly,19.99,apple_pay,Asia,1,,0,2025-12-31,2025-12-31,224
1916,2023-08-17,Standard,Annual,19.99,paypal,Europe,1,,0,2025-12-31,2025-12-31,867
1917,2025-01-22,Basic,Annual,9.99,apple_pay,Europe,0,2025-09-12,1,2025-09-12,2025-12-31,233
1918,2023-12-12,Standard,Monthly,19.99,credit_card,Europe,1,,0,2025-12-31,2025-12-31,750
1919,2023-12-11,Basic,Monthly,9.99,bank_transfer,North America,0,2024-12-15,1,2024-12-15,2025-12-31,370
1920,2025-07-06,Basic,Annual,9.99,credit_card,Europe,1,,0,2025-12-31,2025-12-31,178
1921,2025-01-28,Standard,Annual,19.99,credit_card,South America,1,,0,2025-12-31,2025-12-31,337
1922,2024-02-25,Standard,Monthly,19.99,credit_card,North America,1,,0,2025-12-31,2025-12-31,675
1923,2023-11-10,Basic,Annual,9.99,credit_card,Europe,1,,0,2025-12-31,2025-12-31,782
1924,2023-12-11,Basic,Monthly,9.99,credit_card,Europe,1,,0,2025-12-31,2025-12-31,751
1925,2023-01-22,Basic,Monthly,9.99,credit_card,Asia,1,,0,2025-12-31,2025-12-31,1074
1926,2025-04-10,Standard,Monthly,19.99,paypal,South America,1,,0,2025-12-31,2025-12-31,265
1927,2025-01-04,Standard,Annual,19.99,bank_transfer,Europe,1,,0,2025-12-31,2025-12-31,361
1928,2025-08-22,Standard,Monthly,19.99,credit_card,Asia,0,2025-10-26,1,2025-10-26,2025-12-31,65
1929,2024-09-10,Basic,Monthly,9.99,credit_card,Europe,0,2025-07-10,1,2025-07-10,2025-12-31,303
1930,2023-07-06,Standard,Annual,19.99,credit_card,North America,1,,0,2025-12-31,2025-12-31,909
1931,2024-12-31,Premium,Monthly,39.99,credit_card,Asia,1,,0,2025-12-31,2025-12-31,365
1932,2024-01-06,Standard,Annual,19.99,credit_card,North America,1,,0,2025-12-31,2025-12-31,725
1933,2023-05-25,Basic,Annual,9.99,credit_card,Asia,1,,0,2025-12-31,2025-12-31,951
1934,2023-11-12,Basic,Monthly,9.99,bank_transfer,North America,1,,0,2025-12-31,2025-12-31,780
1935,2023-06-04,Basic,Annual,9.99,credit_card,Europe,1,,0,2025-12-31,2025-12-31,941
1936,2024-02-04,Standard,Monthly,19.99,credit_card,North America,1,,0,2025-12-31,2025-12-31,696
1937,2024-09-07,Basic,Annual,9.99,credit_card,North America,0,2025-08-21,1,2025-08-21,2025-12-31,348
1938,2024-11-29,Basic,Monthly,9.99,credit_card,Europe,0,2025-05-26,1,2025-05-26,2025-12-31,178
1939,2024-07-04,Basic,Monthly,9.99,credit_card,Asia,0,2025-04-26,1,2025-04-26,2025-12-31,296
1940,2023-10-02,Standard,Monthly,19.99,credit_card,Asia,1,,0,2025-12-31,2025-12-31,821
1941,2023-02-02,Basic,Monthly,9.99,credit_card,Europe,0,2023-10-27,1,2023-10-27,2025-12-31,267
1942,2025-01-31,Premium,Monthly,39.99,paypal,Europe,1,,0,2025-12-31,2025-12-31,334
1943,2023-03-12,Basic,Monthly,9.99,credit_card,South America,1,,0,2025-12-31,2025-12-31,1025
1944,2023-05-18,Basic,Annual,9.99,paypal,North America,1,,0,2025-12-31,2025-12-31,958
1945,2025-01-30,Premium,Annual,39.99,credit_card,Europe,1,,0,2025-12-31,2025-12-31,335
1946,2024-08-03,Basic,Monthly,9.99,paypal,Asia,0,2025-11-12,1,2025-11-12,2025-12-31,466
1947,2025-01-08,Basic,Monthly,9.99,paypal,North America,1,,0,2025-12-31,2025-12-31,357
1948,2025-05-23,Premium,Monthly,39.99,paypal,Oceania,1,,0,2025-12-31,2025-12-31,222
1949,2024-05-22,Premium,Monthly,39.99,credit_card,Europe,1,,0,2025-12-31,2025-12-31,588
1950,2024-08-16,Standard,Annual,19.99,apple_pay,North America,1,,0,2025-12-31,2025-12-31,502
1951,2025-04-25,Standard,Monthly,19.99,credit_card,Asia,1,,0,2025-12-31,2025-12-31,250
1952,2024-03-24,Basic,Monthly,9.99,paypal,South America,1,,0,2025-12-31,2025-12-31,647
1953,2023-09-29,Basic,Monthly,9.99,apple_pay,North America,1,,0,2025-12-31,2025-12-31,824
1954,2025-10-07,Basic,Annual,9.99,credit_card,Europe,1,,0,2025-12-31,2025-12-31,85
1955,2025-08-30,Standard,Monthly,19.99,bank_transfer,South America,1,,0,2025-12-31,2025-12-31,123
1956,2023-06-06,Premium,Monthly,39.99,paypal,Asia,1,,0,2025-12-31,2025-12-31,939
1957,2025-06-09,Standard,Monthly,19.99,credit_card,Europe,1,,0,2025-12-31,2025-12-31,205
1958,2023-08-06,Standard,Annual,19.99,apple_pay,North America,1,,0,2025-12-31,2025-12-31,878
1959,2025-04-04,Standard,Monthly,19.99,credit_card,Europe,1,,0,2025-12-31,2025-12-31,271
1960,2025-01-09,Basic,Annual,9.99,paypal,Asia,1,,0,2025-12-31,2025-12-31,356
1961,2023-10-16,Standard,Annual,19.99,credit_card,North America,1,,0,2025-12-31,2025-12-31,807
1962,2023-02-22,Basic,Monthly,9.99,paypal,Europe,1,,0,2025-12-31,2025-12-31,1043
1963,2024-11-02,Standard,Annual,19.99,credit_card,North America,1,,0,2025-12-31,2025-12-31,424
1964,2024-12-02,Standard,Monthly,19.99,paypal,Asia,1,,0,2025-12-31,2025-12-31,394
1965,2023-02-10,Basic,Monthly,9.99,credit_card,Asia,0,2024-09-03,1,2024-09-03,2025-12-31,571
1966,2024-10-07,Standard,Annual,19.99,credit_card,North America,1,,0,2025-12-31,2025-12-31,450
1967,2024-09-06,Basic,Monthly,9.99,bank_transfer,Asia,1,,0,2025-12-31,2025-12-31,481
1968,2023-10-26,Standard,Monthly,19.99,credit_card,North America,1,,0,2025-12-31,2025-12-31,797
1969,2025-08-29,Premium,Monthly,39.99,credit_card,Europe,1,,0,2025-12-31,2025-12-31,124
1970,2023-04-22,Premium,Monthly,39.99,credit_card,Asia,1,,0,2025-12-31,2025-12-31,984
1971,2024-02-10,Premium,Monthly,39.99,paypal,North America,1,,0,2025-12-31,2025-12-31,690
1972,2023-05-30,Basic,Monthly,9.99,bank_transfer,North America,1,,0,2025-12-31,2025-12-31,946
1973,2023-04-27,Standard,Monthly,19.99,paypal,Asia,1,,0,2025-12-31,2025-12-31,979
1974,2024-02-06,Standard,Monthly,19.99,credit_card,Asia,1,,0,2025-12-31,2025-12-31,694
1975,2024-09-13,Premium,Monthly,39.99,credit_card,North America,1,,0,2025-12-31,2025-12-31,474
1976,2023-06-24,Basic,Monthly,9.99,bank_transfer,Europe,0,2025-04-04,1,2025-04-04,2025-12-31,650
1977,2023-04-25,Basic,Monthly,9.99,credit_card,North America,0,2024-09-08,1,2024-09-08,2025-12-31,502
1978,2023-06-18,Basic,Monthly,9.99,credit_card,Europe,1,,0,2025-12-31,2025-12-31,927
1979,2023-03-13,Premium,Annual,39.99,credit_card,North America,1,,0,2025-12-31,2025-12-31,1024
1980,2024-11-08,Standard,Monthly,19.99,paypal,Oceania,0,2025-03-15,1,2025-03-15,2025-12-31,127
1981,2023-07-27,Basic,Monthly,9.99,credit_card,North America,1,,0,2025-12-31,2025-12-31,888
1982,2025-10-06,Standard,Monthly,19.99,apple_pay,Europe,1,,0,2025-12-31,2025-12-31,86
1983,2025-05-09,Basic,Annual,9.99,bank_transfer,North America,1,,0,2025-12-31,2025-12-31,236
1984,2024-01-24,Standard,Monthly,19.99,credit_card,Asia,1,,0,2025-12-31,2025-12-31,707
1985,2023-02-21,Standard,Annual,19.99,credit_card,Europe,1,,0,2025-12-31,2025-12-31,1044
1986,2025-01-14,Standard,Monthly,19.99,credit_card,Asia,1,,0,2025-12-31,2025-12-31,351
1987,2024-07-13,Standard,Monthly,19.99,bank_transfer,North America,0,2025-06-27,1,2025-06-27,2025-12-31,349
1988,2023-04-08,Standard,Monthly,19.99,credit_card,North America,1,,0,2025-12-31,2025-12-31,998
1989,2024-09-01,Standard,Annual,19.99,credit_card,Asia,1,,0,2025-12-31,2025-12-31,486
1990,2024-06-09,Basic,Monthly,9.99,credit_card,North America,1,,0,2025-12-31,2025-12-31,570
1991,2023-06-20,Standard,Monthly,19.99,credit_card,Europe,1,,0,2025-12-31,2025-12-31,925
1992,2025-06-25,Premium,Monthly,39.99,paypal,Europe,0,2025-10-30,1,2025-10-30,2025-12-31,127
1993,2024-02-26,Standard,Monthly,19.99,paypal,North America,0,2025-11-26,1,2025-11-26,2025-12-31,639
1994,2023-06-02,Basic,Annual,9.99,paypal,North America,1,,0,2025-12-31,2025-12-31,943
1995,2025-04-25,Basic,Annual,9.99,credit_card,Europe,1,,0,2025-12-31,2025-12-31,250
1996,2024-09-04,Standard,Monthly,19.99,paypal,South America,1,,0,2025-12-31,2025-12-31,483
1997,2023-07-11,Premium,Monthly,39.99,credit_card,North America,1,,0,2025-12-31,2025-12-31,904
1998,2025-08-10,Basic,Monthly,9.99,credit_card,North America,0,2025-11-09,1,2025-11-09,2025-12-31,91
1999,2025-09-19,Basic,Annual,9.99,credit_card,North America,1,,0,2025-12-31,2025-12-31,103
2000,2025-07-02,Basic,Annual,9.99,credit_card,South America,1,,0,2025-12-31,2025-12-31,182
2001,2024-02-05,Standard,Monthly,19.99,credit_card,North America,1,,0,2025-12-31,2025-12-31,695
2002,2025-08-14,Premium,Monthly,39.99,credit_card,North America,1,,0,2025-12-31,2025-12-31,139
2003,2025-06-03,Premium,Monthly,39.99,credit_card,Asia,1,,0,2025-12-31,2025-12-31,211
2004,2025-11-01,Basic,Monthly,9.99,credit_card,South America,1,,0,2025-12-31,2025-12-31,60
2005,2025-05-02,Standard,Monthly,19.99,credit_card,North America,0,2025-11-30,1,2025-11-30,2025-12-31,212
2006,2023-05-06,Standard,Monthly,19.99,paypal,Europe,1,,0,2025-12-31,2025-12-31,970
2007,2023-12-11,Standard,Monthly,19.99,paypal,Europe,0,2024-08-06,1,2024-08-06,2025-12-31,239
2008,2023-10-02,Standard,Monthly,19.99,paypal,Asia,1,,0,2025-12-31,2025-12-31,821
2009,2024-11-21,Standard,Monthly,19.99,credit_card,North America,1,,0,2025-12-31,2025-12-31,405
2010,2024-12-12,Basic,Annual,9.99,apple_pay,North America,1,,0,2025-12-31,2025-12-31,384
2011,2023-03-08,Standard,Monthly,19.99,credit_card,North America,0,2025-05-17,1,2025-05-17,2025-12-31,801
2012,2024-01-22,Standard,Monthly,19.99,bank_transfer,North America,1,,0,2025-12-31,2025-12-31,709
2013,2025-05-14,Basic,Monthly,9.99,paypal,Europe,1,,0,2025-12-31,2025-12-31,231
2014,2025-03-17,Basic,Monthly,9.99,bank_transfer,North America,1,,0,2025-12-31,2025-12-31,289
2015,2024-01-29,Premium,Monthly,39.99,paypal,North America,0,2025-03-16,1,2025-03-16,2025-12-31,412
2016,2023-01-03,Premium,Monthly,39.99,apple_pay,Oceania,1,,0,2025-12-31,2025-12-31,1093
2017,2025-01-20,Standard,Monthly,19.99,paypal,North America,1,,0,2025-12-31,2025-12-31,345
2018,2025-10-21,Basic,Monthly,9.99,paypal,Europe,1,,0,2025-12-31,2025-12-31,71
2019,2023-04-23,Premium,Monthly,39.99,credit_card,South America,0,2024-05-01,1,2024-05-01,2025-12-31,374
2020,2024-06-11,Standard,Monthly,19.99,credit_card,Asia,1,,0,2025-12-31,2025-12-31,568
2021,2025-05-04,Basic,Annual,9.99,credit_card,North America,0,2025-07-16,1,2025-07-16,2025-12-31,73
2022,2023-08-18,Standard,Monthly,19.99,apple_pay,North America,0,2025-08-23,1,2025-08-23,2025-12-31,736
2023,2024-05-22,Standard,Monthly,19.99,credit_card,Europe,1,,0,2025-12-31,2025-12-31,588
2024,2024-12-27,Premium,Annual,39.99,credit_card,North America,1,,0,2025-12-31,2025-12-31,369
2025,2025-07-25,Basic,Annual,9.99,bank_transfer,Asia,1,,0,2025-12-31,2025-12-31,159
2026,2025-06-16,Standard,Annual,19.99,paypal,Asia,1,,0,2025-12-31,2025-12-31,198
2027,2023-07-22,Basic,Monthly,9.99,credit_card,North America,0,2024-04-07,1,2024-04-07,2025-12-31,260
2028,2024-12-25,Basic,Monthly,9.99,credit_card,North America,1,,0,2025-12-31,2025-12-31,371
2029,2024-10-16,Basic,Monthly,9.99,credit_card,Europe,1,,0,2025-12-31,2025-12-31,441
2030,2023-03-08,Standard,Annual,19.99,bank_transfer,North America,1,,0,2025-12-31,2025-12-31,1029
2031,2023-02-06,Basic,Monthly,9.99,credit_card,North America,1,,0,2025-12-31,2025-12-31,1059
2032,2023-06-08,Standard,Annual,19.99,bank_transfer,North America,0,2025-04-24,1,2025-04-24,2025-12-31,686
2033,2023-03-29,Basic,Monthly,9.99,credit_card,North America,1,,0,2025-12-31,2025-12-31,1008
2034,2024-12-01,Standard,Monthly,19.99,credit_card,North America,0,2025-09-05,1,2025-09-05,2025-12-31,278
2035,2024-01-09,Premium,Monthly,39.99,paypal,North America,1,,0,2025-12-31,2025-12-31,722
2036,2025-03-03,Basic,Monthly,9.99,paypal,North America,1,,0,2025-12-31,2025-12-31,303
2037,2025-06-05,Standard,Monthly,19.99,credit_card,Oceania,0,2025-10-11,1,2025-10-11,2025-12-31,128
2038,2024-03-01,Premium,Monthly,39.99,credit_card,Europe,1,,0,2025-12-31,2025-12-31,670
2039,2023-06-27,Basic,Monthly,9.99,credit_card,Asia,0,2024-08-10,1,2024-08-10,2025-12-31,410
2040,2024-09-15,Basic,Monthly,9.99,apple_pay,North America,1,,0,2025-12-31,2025-12-31,472
2041,2024-12-03,Basic,Monthly,9.99,credit_card,Europe,1,,0,2025-12-31,2025-12-31,393
2042,2025-04-04,Standard,Monthly,19.99,credit_card,North America,1,,0,2025-12-31,2025-12-31,271
2043,2025-06-29,Basic,Monthly,9.99,credit_card,North America,0,2025-11-25,1,2025-11-25,2025-12-31,149
2044,2025-02-12,Standard,Annual,19.99,credit_card,North America,1,,0,2025-12-31,2025-12-31,322
2045,2024-07-27,Standard,Annual,19.99,apple_pay,North America,1,,0,2025-12-31,2025-12-31,522
2046,2023-02-23,Basic,Monthly,9.99,bank_transfer,North America,1,,0,2025-12-31,2025-12-31,1042
2047,2025-05-31,Basic,Annual,9.99,bank_transfer,Europe,1,,0,2025-12-31,2025-12-31,214
2048,2023-03-25,Basic,Monthly,9.99,credit_card,Asia,1,,0,2025-12-31,2025-12-31,1012
2049,2023-06-26,Basic,Monthly,9.99,paypal,North America,1,,0,2025-12-31,2025-12-31,919
2050,2024-11-27,Premium,Monthly,39.99,credit_card,Asia,1,,0,2025-12-31,2025-12-31,399
2051,2024-05-22,Basic,Monthly,9.99,credit_card,Europe,1,,0,2025-12-31,2025-12-31,588
2052,2024-02-17,Standard,Monthly,19.99,credit_card,North America,0,2025-08-18,1,2025-08-18,2025-12-31,548
2053,2023-01-15,Standard,Annual,19.99,credit_card,North America,1,,0,2025-12-31,2025-12-31,1081
2054,2023-04-04,Standard,Annual,19.99,credit_card,South America,1,,0,2025-12-31,2025-12-31,1002
2055,2025-06-06,Basic,Monthly,9.99,credit_card,Asia,1,,0,2025-12-31,2025-12-31,208
2056,2023-01-17,Basic,Monthly,9.99,bank_transfer,North America,1,,0,2025-12-31,2025-12-31,1079
2057,2025-02-07,Basic,Monthly,9.99,apple_pay,Asia,0,2025-10-22,1,2025-10-22,2025-12-31,257
2058,2024-10-26,Standard,Monthly,19.99,paypal,Asia,0,2025-06-27,1,2025-06-27,2025-12-31,244
2059,2025-04-24,Premium,Monthly,39.99,credit_card,South America,1,,0,2025-12-31,2025-12-31,251
2060,2023-11-27,Basic,Annual,9.99,bank_transfer,North America,1,,0,2025-12-31,2025-12-31,765
2061,2024-08-11,Standard,Monthly,19.99,paypal,Oceania,1,,0,2025-12-31,2025-12-31,507
2062,2024-06-30,Standard,Monthly,19.99,paypal,Europe,0,2025-07-07,1,2025-07-07,2025-12-31,372
2063,2023-07-31,Basic,Annual,9.99,credit_card,Europe,1,,0,2025-12-31,2025-12-31,884
2064,2024-02-19,Basic,Monthly,9.99,credit_card,Europe,1,,0,2025-12-31,2025-12-31,681
2065,2025-10-21,Basic,Annual,9.99,credit_card,Europe,1,,0,2025-12-31,2025-12-31,71
2066,2023-01-26,Basic,Monthly,9.99,apple_pay,North America,1,,0,2025-12-31,2025-12-31,1070
2067,2023-10-30,Standard,Annual,19.99,credit_card,Europe,1,,0,2025-12-31,2025-12-31,793
2068,2025-01-11,Premium,Monthly,39.99,credit_card,Asia,0,2025-12-16,1,2025-12-16,2025-12-31,339
2069,2024-05-24,Basic,Monthly,9.99,credit_card,Asia,0,2024-12-18,1,2024-12-18,2025-12-31,208
2070,2023-03-28,Basic,Monthly,9.99,credit_card,Asia,1,,0,2025-12-31,2025-12-31,1009
2071,2024-01-26,Standard,Annual,19.99,credit_card,North America,1,,0,2025-12-31,2025-12-31,705
2072,2024-09-14,Basic,Annual,9.99,credit_card,Europe,1,,0,2025-12-31,2025-12-31,473
2073,2025-06-29,Premium,Monthly,39.99,bank_transfer,North America,1,,0,2025-12-31,2025-12-31,185
2074,2024-03-15,Standard,Annual,19.99,bank_transfer,South America,1,,0,2025-12-31,2025-12-31,656
2075,2025-03-31,Premium,Monthly,39.99,credit_card,Europe,0,2025-06-30,1,2025-06-30,2025-12-31,91
2076,2025-05-02,Basic,Annual,9.99,credit_card,North America,1,,0,2025-12-31,2025-12-31,243
2077,2025-06-08,Basic,Monthly,9.99,credit_card,Europe,0,2025-08-15,1,2025-08-15,2025-12-31,68
2078,2025-07-25,Basic,Monthly,9.99,credit_card,North America,1,,0,2025-12-31,2025-12-31,159
2079,2025-08-30,Basic,Monthly,9.99,credit_card,Asia,0,2025-11-26,1,2025-11-26,2025-12-31,88
2080,2024-07-08,Basic,Monthly,9.99,paypal,Oceania,1,,0,2025-12-31,2025-12-31,541
2081,2025-06-06,Basic,Monthly,9.99,credit_card,Europe,1,,0,2025-12-31,2025-12-31,208
2082,2025-08-02,Standard,Annual,19.99,bank_transfer,Oceania,1,,0,2025-12-31,2025-12-31,151
2083,2024-09-20,Basic,Annual,9.99,paypal,Europe,1,,0,2025-12-31,2025-12-31,467
2084,2024-08-09,Premium,Monthly,39.99,credit_card,South America,1,,0,2025-12-31,2025-12-31,509
2085,2023-08-23,Standard,Monthly,19.99,paypal,Europe,1,,0,2025-12-31,2025-12-31,861
2086,2023-05-10,Basic,Monthly,9.99,paypal,Europe,1,,0,2025-12-31,2025-12-31,966
2087,2023-08-18,Basic,Annual,9.99,apple_pay,Europe,1,,0,2025-12-31,2025-12-31,866
2088,2025-04-16,Standard,Monthly,19.99,credit_card,Europe,1,,0,2025-12-31,2025-12-31,259
2089,2023-04-05,Basic,Monthly,9.99,credit_card,South America,1,,0,2025-12-31,2025-12-31,1001
2090,2024-09-18,Premium,Monthly,39.99,credit_card,Asia,0,2025-05-04,1,2025-05-04,2025-12-31,228
2091,2024-02-25,Premium,Annual,39.99,credit_card,Asia,1,,0,2025-12-31,2025-12-31,675
2092,2024-02-17,Basic,Monthly,9.99,paypal,Europe,1,,0,2025-12-31,2025-12-31,683
2093,2023-05-24,Basic,Monthly,9.99,credit_card,North America,0,2024-08-28,1,2024-08-28,2025-12-31,462
2094,2024-02-13,Standard,Monthly,19.99,paypal,Europe,0,2024-11-26,1,2024-11-26,2025-12-31,287
2095,2025-09-25,Standard,Annual,19.99,credit_card,Asia,1,,0,2025-12-31,2025-12-31,97
2096,2023-05-12,Standard,Annual,19.99,paypal,Asia,1,,0,2025-12-31,2025-12-31,964
2097,2025-02-03,Premium,Monthly,39.99,bank_transfer,North America,1,,0,2025-12-31,2025-12-31,331
2098,2023-03-17,Standard,Monthly,19.99,credit_card,North America,1,,0,2025-12-31,2025-12-31,1020
2099,2025-09-19,Standard,Annual,19.99,bank_transfer,North America,1,,0,2025-12-31,2025-12-31,103
2100,2024-05-25,Basic,Monthly,9.99,paypal,Europe,0,2025-09-11,1,2025-09-11,2025-12-31,474
2101,2024-03-07,Basic,Annual,9.99,credit_card,Europe,1,,0,2025-12-31,2025-12-31,664
2102,2024-06-15,Basic,Monthly,9.99,apple_pay,North America,1,,0,2025-12-31,2025-12-31,564
2103,2025-04-24,Standard,Annual,19.99,credit_card,Europe,1,,0,2025-12-31,2025-12-31,251
2104,2025-05-23,Premium,Monthly,39.99,apple_pay,North America,1,,0,2025-12-31,2025-12-31,222
2105,2023-02-11,Premium,Monthly,39.99,credit_card,North America,1,,0,2025-12-31,2025-12-31,1054
2106,2025-01-24,Standard,Monthly,19.99,credit_card,North America,1,,0,2025-12-31,2025-12-31,341
2107,2024-03-24,Premium,Annual,39.99,paypal,North America,1,,0,2025-12-31,2025-12-31,647
2108,2023-03-25,Standard,Monthly,19.99,bank_transfer,North America,1,,0,2025-12-31,2025-12-31,1012
2109,2024-04-17,Standard,Monthly,19.99,paypal,Europe,0,2025-05-15,1,2025-05-15,2025-12-31,393
2110,2024-10-02,Basic,Monthly,9.99,credit_card,North America,0,2025-09-11,1,2025-09-11,2025-12-31,344
2111,2024-12-29,Basic,Annual,9.99,paypal,North America,1,,0,2025-12-31,2025-12-31,367
2112,2024-03-29,Standard,Monthly,19.99,credit_card,Oceania,1,,0,2025-12-31,2025-12-31,642
2113,2024-02-26,Basic,Monthly,9.99,paypal,Europe,1,,0,2025-12-31,2025-12-31,674
2114,2023-06-07,Standard,Annual,19.99,credit_card,Asia,1,,0,2025-12-31,2025-12-31,938
2115,2024-05-13,Premium,Annual,39.99,credit_card,Asia,0,2025-01-09,1,2025-01-09,2025-12-31,241
2116,2025-03-24,Premium,Monthly,39.99,apple_pay,Europe,1,,0,2025-12-31,2025-12-31,282
2117,2023-04-09,Premium,Annual,39.99,paypal,North America,1,,0,2025-12-31,2025-12-31,997
2118,2024-10-10,Basic,Annual,9.99,credit_card,Asia,1,,0,2025-12-31,2025-12-31,447
2119,2024-06-18,Basic,Monthly,9.99,credit_card,Asia,1,,0,2025-12-31,2025-12-31,561
2120,2025-05-21,Basic,Monthly,9.99,credit_card,Asia,1,,0,2025-12-31,2025-12-31,224
2121,2025-02-04,Premium,Monthly,39.99,credit_card,Asia,1,,0,2025-12-31,2025-12-31,330
2122,2024-01-05,Basic,Monthly,9.99,apple_pay,Asia,1,,0,2025-12-31,2025-12-31,726
2123,2025-03-17,Standard,Monthly,19.99,credit_card,North America,1,,0,2025-12-31,2025-12-31,289
2124,2024-12-14,Basic,Monthly,9.99,paypal,Asia,1,,0,2025-12-31,2025-12-31,382
2125,2023-12-01,Premium,Annual,39.99,apple_pay,South America,1,,0,2025-12-31,2025-12-31,761
2126,2024-03-18,Basic,Annual,9.99,apple_pay,Asia,1,,0,2025-12-31,2025-12-31,653
2127,2024-08-28,Basic,Annual,9.99,paypal,North America,1,,0,2025-12-31,2025-12-31,490
2128,2024-05-14,Standard,Monthly,19.99,paypal,Asia,1,,0,2025-12-31,2025-12-31,596
2129,2023-10-06,Standard,Monthly,19.99,credit_card,Europe,1,,0,2025-12-31,2025-12-31,817
2130,2024-05-20,Basic,Annual,9.99,credit_card,Europe,1,,0,2025-12-31,2025-12-31,590
2131,2023-06-28,Premium,Monthly,39.99,apple_pay,South America,1,,0,2025-12-31,2025-12-31,917
2132,2025-06-24,Basic,Annual,9.99,apple_pay,Asia,0,2025-10-06,1,2025-10-06,2025-12-31,104
2133,2023-03-14,Basic,Monthly,9.99,credit_card,North America,1,,0,2025-12-31,2025-12-31,1023
2134,2025-04-02,Basic,Monthly,9.99,apple_pay,Asia,1,,0,2025-12-31,2025-12-31,273
2135,2023-08-15,Standard,Monthly,19.99,credit_card,Europe,1,,0,2025-12-31,2025-12-31,869
2136,2024-07-11,Basic,Monthly,9.99,paypal,Europe,0,2025-08-28,1,2025-08-28,2025-12-31,413
2137,2024-11-14,Standard,Monthly,19.99,credit_card,North America,1,,0,2025-12-31,2025-12-31,412
2138,2024-04-06,Standard,Monthly,19.99,apple_pay,Europe,1,,0,2025-12-31,2025-12-31,634
2139,2025-09-30,Basic,Annual,9.99,paypal,North America,1,,0,2025-12-31,2025-12-31,92
2140,2024-05-19,Premium,Annual,39.99,credit_card,Asia,1,,0,2025-12-31,2025-12-31,591
2141,2025-03-16,Premium,Monthly,39.99,credit_card,North America,1,,0,2025-12-31,2025-12-31,290
2142,2023-04-15,Premium,Monthly,39.99,paypal,North America,1,,0,2025-12-31,2025-12-31,991
2143,2024-06-26,Standard,Monthly,19.99,apple_pay,North America,1,,0,2025-12-31,2025-12-31,553
2144,2024-04-17,Basic,Annual,9.99,apple_pay,Asia,1,,0,2025-12-31,2025-12-31,623
2145,2024-03-21,Standard,Annual,19.99,credit_card,Asia,1,,0,2025-12-31,2025-12-31,650
2146,2025-06-13,Standard,Annual,19.99,paypal,Asia,1,,0,2025-12-31,2025-12-31,201
2147,2024-10-18,Premium,Monthly,39.99,credit_card,South America,0,2025-12-10,1,2025-12-10,2025-12-31,418
2148,2024-09-09,Standard,Annual,19.99,paypal,South America,1,,0,2025-12-31,2025-12-31,478
2149,2023-04-08,Premium,Annual,39.99,credit_card,North America,1,,0,2025-12-31,2025-12-31,998
2150,2024-04-08,Standard,Annual,19.99,credit_card,Europe,1,,0,2025-12-31,2025-12-31,632
2151,2024-07-15,Standard,Monthly,19.99,bank_transfer,Europe,1,,0,2025-12-31,2025-12-31,534
2152,2025-08-10,Standard,Monthly,19.99,apple_pay,North America,1,,0,2025-12-31,2025-12-31,143
2153,2024-11-14,Standard,Annual,19.99,credit_card,Asia,1,,0,2025-12-31,2025-12-31,412
2154,2023-10-17,Standard,Monthly,19.99,credit_card,South America,1,,0,2025-12-31,2025-12-31,806
2155,2025-04-13,Premium,Annual,39.99,paypal,South America,1,,0,2025-12-31,2025-12-31,262
2156,2025-07-07,Basic,Monthly,9.99,bank_transfer,Europe,0,2025-12-22,1,2025-12-22,2025-12-31,168
2157,2025-01-28,Basic,Annual,9.99,paypal,Asia,0,2025-07-23,1,2025-07-23,2025-12-31,176
2158,2024-08-16,Premium,Annual,39.99,credit_card,Oceania,0,2025-09-27,1,2025-09-27,2025-12-31,407
2159,2024-11-29,Basic,Annual,9.99,credit_card,Asia,1,,0,2025-12-31,2025-12-31,397
2160,2023-02-16,Basic,Annual,9.99,paypal,Europe,0,2023-11-12,1,2023-11-12,2025-12-31,269
2161,2023-11-29,Premium,Monthly,39.99,credit_card,Europe,1,,0,2025-12-31,2025-12-31,763
2162,2024-03-07,Basic,Annual,9.99,credit_card,Asia,0,2024-09-10,1,2024-09-10,2025-12-31,187
2163,2023-04-06,Basic,Monthly,9.99,credit_card,Asia,1,,0,2025-12-31,2025-12-31,1000
2164,2023-01-22,Basic,Monthly,9.99,paypal,Europe,1,,0,2025-12-31,2025-12-31,1074
2165,2023-06-23,Standard,Annual,19.99,bank_transfer,South America,1,,0,2025-12-31,2025-12-31,922
2166,2023-12-10,Standard,Monthly,19.99,credit_card,Europe,1,,0,2025-12-31,2025-12-31,752
2167,2024-08-15,Standard,Monthly,19.99,paypal,North America,1,,0,2025-12-31,2025-12-31,503
2168,2024-09-24,Basic,Monthly,9.99,bank_transfer,Europe,1,,0,2025-12-31,2025-12-31,463
2169,2024-02-20,Premium,Monthly,39.99,credit_card,North America,1,,0,2025-12-31,2025-12-31,680
2170,2024-04-23,Standard,Monthly,19.99,credit_card,South America,1,,0,2025-12-31,2025-12-31,617
2171,2024-07-01,Basic,Monthly,9.99,credit_card,North America,1,,0,2025-12-31,2025-12-31,548
2172,2023-01-08,Premium,Monthly,39.99,paypal,Asia,1,,0,2025-12-31,2025-12-31,1088
2173,2024-01-28,Standard,Annual,19.99,credit_card,Europe,1,,0,2025-12-31,2025-12-31,703
2174,2025-08-29,Basic,Annual,9.99,credit_card,North America,0,2025-12-01,1,2025-12-01,2025-12-31,94
2175,2023-01-04,Basic,Monthly,9.99,credit_card,Asia,1,,0,2025-12-31,2025-12-31,1092
2176,2024-11-12,Basic,Monthly,9.99,credit_card,North America,1,,0,2025-12-31,2025-12-31,414
2177,2025-07-29,Premium,Annual,39.99,bank_transfer,North America,1,,0,2025-12-31,2025-12-31,155
2178,2023-09-16,Premium,Annual,39.99,credit_card,Oceania,1,,0,2025-12-31,2025-12-31,837
2179,2024-08-08,Basic,Monthly,9.99,apple_pay,Europe,1,,0,2025-12-31,2025-12-31,510
2180,2025-02-06,Premium,Annual,39.99,apple_pay,Europe,1,,0,2025-12-31,2025-12-31,328
2181,2025-05-14,Basic,Monthly,9.99,credit_card,North America,1,,0,2025-12-31,2025-12-31,231
2182,2024-02-03,Standard,Monthly,19.99,paypal,North America,0,2025-01-29,1,2025-01-29,2025-12-31,361
2183,2024-01-07,Basic,Monthly,9.99,credit_card,Europe,1,,0,2025-12-31,2025-12-31,724
2184,2023-11-12,Premium,Annual,39.99,credit_card,Europe,1,,0,2025-12-31,2025-12-31,780
2185,2025-06-17,Basic,Monthly,9.99,bank_transfer,Asia,1,,0,2025-12-31,2025-12-31,197
2186,2025-09-08,Basic,Monthly,9.99,credit_card,Europe,0,2025-11-16,1,2025-11-16,2025-12-31,69
2187,2025-02-03,Standard,Monthly,19.99,paypal,Asia,1,,0,2025-12-31,2025-12-31,331
2188,2023-09-26,Premium,Monthly,39.99,credit_card,South America,1,,0,2025-12-31,2025-12-31,827
2189,2023-02-16,Basic,Monthly,9.99,credit_card,Europe,1,,0,2025-12-31,2025-12-31,1049
2190,2024-11-15,Premium,Monthly,39.99,bank_transfer,North America,1,,0,2025-12-31,2025-12-31,411
2191,2023-06-28,Standard,Monthly,19.99,paypal,North America,1,,0,2025-12-31,2025-12-31,917
2192,2025-05-10,Standard,Monthly,19.99,paypal,Asia,1,,0,2025-12-31,2025-12-31,235
2193,2024-01-29,Basic,Monthly,9.99,paypal,North America,1,,0,2025-12-31,2025-12-31,702
2194,2025-02-01,Basic,Monthly,9.99,paypal,Europe,1,,0,2025-12-31,2025-12-31,333
2195,2023-05-19,Standard,Monthly,19.99,credit_card,North America,1,,0,2025-12-31,2025-12-31,957
2196,2023-03-08,Basic,Monthly,9.99,credit_card,Asia,1,,0,2025-12-31,2025-12-31,1029
2197,2025-03-27,Basic,Monthly,9.99,bank_transfer,Europe,1,,0,2025-12-31,2025-12-31,279
2198,2023-06-02,Standard,Monthly,19.99,bank_transfer,North America,0,2025-12-20,1,2025-12-20,2025-12-31,932
2199,2023-08-31,Premium,Annual,39.99,credit_card,Europe,1,,0,2025-12-31,2025-12-31,853
2200,2025-10-30,Standard,Annual,19.99,credit_card,South America,1,,0,2025-12-31,2025-12-31,62
2201,2024-06-14,Standard,Annual,19.99,credit_card,Europe,1,,0,2025-12-31,2025-12-31,565
2202,2025-06-18,Premium,Monthly,39.99,paypal,Europe,1,,0,2025-12-31,2025-12-31,196
2203,2024-02-11,Basic,Monthly,9.99,credit_card,North America,0,2025-05-01,1,2025-05-01,2025-12-31,445
2204,2023-07-26,Standard,Annual,19.99,bank_transfer,North America,1,,0,2025-12-31,2025-12-31,889
2205,2025-06-27,Basic,Monthly,9.99,credit_card,South America,1,,0,2025-12-31,2025-12-31,187
2206,2024-02-05,Premium,Annual,39.99,bank_transfer,Oceania,1,,0,2025-12-31,2025-12-31,695
2207,2025-01-06,Basic,Monthly,9.99,paypal,North America,0,2025-04-28,1,2025-04-28,2025-12-31,112
2208,2023-11-19,Basic,Monthly,9.99,bank_transfer,Europe,0,2025-06-25,1,2025-06-25,2025-12-31,584
2209,2023-11-14,Basic,Monthly,9.99,paypal,South America,1,,0,2025-12-31,2025-12-31,778
2210,2023-01-02,Standard,Monthly,19.99,credit_card,North America,1,,0,2025-12-31,2025-12-31,1094
2211,2025-06-09,Basic,Monthly,9.99,credit_card,Europe,1,,0,2025-12-31,2025-12-31,205
2212,2025-03-15,Basic,Monthly,9.99,bank_transfer,North America,1,,0,2025-12-31,2025-12-31,291
2213,2024-12-14,Standard,Monthly,19.99,paypal,North America,1,,0,2025-12-31,2025-12-31,382
2214,2024-01-04,Premium,Annual,39.99,apple_pay,North America,1,,0,2025-12-31,2025-12-31,727
2215,2023-04-07,Basic,Monthly,9.99,paypal,Asia,1,,0,2025-12-31,2025-12-31,999
2216,2023-05-16,Premium,Annual,39.99,credit_card,Europe,1,,0,2025-12-31,2025-12-31,960
2217,2024-08-05,Basic,Monthly,9.99,credit_card,North America,0,2025-10-22,1,2025-10-22,2025-12-31,443
2218,2023-05-20,Standard,Monthly,19.99,credit_card,Europe,1,,0,2025-12-31,2025-12-31,956
2219,2024-05-09,Premium,Monthly,39.99,bank_transfer,Europe,1,,0,2025-12-31,2025-12-31,601
2220,2023-04-01,Basic,Monthly,9.99,bank_transfer,Asia,1,,0,2025-12-31,2025-12-31,1005
2221,2025-05-17,Standard,Monthly,19.99,bank_transfer,Europe,1,,0,2025-12-31,2025-12-31,228
2222,2024-11-12,Standard,Monthly,19.99,apple_pay,North America,1,,0,2025-12-31,2025-12-31,414
2223,2023-06-19,Standard,Monthly,19.99,credit_card,Europe,0,2024-03-05,1,2024-03-05,2025-12-31,260
2224,2025-07-09,Basic,Monthly,9.99,credit_card,Europe,1,,0,2025-12-31,2025-12-31,175
2225,2023-02-26,Standard,Monthly,19.99,credit_card,North America,0,2025-08-18,1,2025-08-18,2025-12-31,904
2226,2024-02-29,Standard,Monthly,19.99,paypal,Europe,0,2025-12-08,1,2025-12-08,2025-12-31,648
2227,2024-12-21,Standard,Monthly,19.99,paypal,Asia,1,,0,2025-12-31,2025-12-31,375
2228,2023-08-09,Basic,Annual,9.99,credit_card,Europe,1,,0,2025-12-31,2025-12-31,875
2229,2023-05-22,Premium,Monthly,39.99,paypal,North America,1,,0,2025-12-31,2025-12-31,954
2230,2023-08-17,Premium,Monthly,39.99,paypal,Oceania,1,,0,2025-12-31,2025-12-31,867
2231,2024-07-22,Basic,Monthly,9.99,credit_card,North America,1,,0,2025-12-31,2025-12-31,527
2232,2024-11-10,Basic,Monthly,9.99,apple_pay,North America,1,,0,2025-12-31,2025-12-31,416
2233,2024-04-07,Standard,Annual,19.99,credit_card,North America,1,,0,2025-12-31,2025-12-31,633
2234,2023-05-07,Standard,Monthly,19.99,paypal,Europe,0,2025-07-26,1,2025-07-26,2025-12-31,811
2235,2023-02-22,Standard,Monthly,19.99,credit_card,Asia,1,,0,2025-12-31,2025-12-31,1043
2236,2024-08-12,Standard,Monthly,19.99,credit_card,Asia,1,,0,2025-12-31,2025-12-31,506
2237,2024-02-02,Standard,Annual,19.99,bank_transfer,North America,1,,0,2025-12-31,2025-12-31,698
2238,2023-12-24,Premium,Monthly,39.99,credit_card,North America,1,,0,2025-12-31,2025-12-31,738
2239,2023-05-05,Basic,Annual,9.99,credit_card,Europe,1,,0,2025-12-31,2025-12-31,971
2240,2023-08-14,Standard,Monthly,19.99,credit_card,Asia,1,,0,2025-12-31,2025-12-31,870
2241,2025-08-15,Basic,Monthly,9.99,paypal,Europe,1,,0,2025-12-31,2025-12-31,138
2242,2023-05-28,Basic,Annual,9.99,credit_card,South America,1,,0,2025-12-31,2025-12-31,948
2243,2025-10-27,Standard,Annual,19.99,credit_card,Europe,1,,0,2025-12-31,2025-12-31,65
2244,2024-03-24,Standard,Monthly,19.99,bank_transfer,Asia,1,,0,2025-12-31,2025-12-31,647
2245,2023-04-26,Standard,Monthly,19.99,credit_card,Asia,1,,0,2025-12-31,2025-12-31,980
2246,2024-11-21,Standard,Monthly,19.99,credit_card,Europe,1,,0,2025-12-31,2025-12-31,405
2247,2023-10-05,Standard,Monthly,19.99,apple_pay,North America,1,,0,2025-12-31,2025-12-31,818
2248,2025-02-01,Basic,Monthly,9.99,bank_transfer,South America,1,,0,2025-12-31,2025-12-31,333
2249,2024-05-11,Standard,Monthly,19.99,apple_pay,Europe,1,,0,2025-12-31,2025-12-31,599
2250,2023-08-27,Basic,Monthly,9.99,bank_transfer,Europe,1,,0,2025-12-31,2025-12-31,857
2251,2024-03-26,Premium,Monthly,39.99,paypal,North America,1,,0,2025-12-31,2025-12-31,645
2252,2024-01-09,Basic,Monthly,9.99,credit_card,Europe,0,2024-07-27,1,2024-07-27,2025-12-31,200
2253,2025-08-15,Basic,Monthly,9.99,credit_card,Europe,1,,0,2025-12-31,2025-12-31,138
2254,2023-09-23,Premium,Monthly,39.99,paypal,North America,1,,0,2025-12-31,2025-12-31,830
2255,2024-03-13,Basic,Monthly,9.99,credit_card,North America,0,2024-11-07,1,2024-11-07,2025-12-31,239
2256,2024-03-12,Basic,Monthly,9.99,credit_card,Europe,1,,0,2025-12-31,2025-12-31,659
2257,2023-03-08,Basic,Monthly,9.99,apple_pay,Europe,0,2025-04-22,1,2025-04-22,2025-12-31,776
2258,2023-08-31,Standard,Monthly,19.99,credit_card,Asia,1,,0,2025-12-31,2025-12-31,853
2259,2024-07-17,Premium,Annual,39.99,credit_card,Oceania,1,,0,2025-12-31,2025-12-31,532
2260,2024-10-27,Basic,Annual,9.99,credit_card,North America,0,2025-05-29,1,2025-05-29,2025-12-31,214
2261,2024-02-17,Basic,Monthly,9.99,credit_card,North America,1,,0,2025-12-31,2025-12-31,683
2262,2024-06-16,Basic,Monthly,9.99,paypal,North America,1,,0,2025-12-31,2025-12-31,563
2263,2024-09-06,Basic,Monthly,9.99,bank_transfer,North America,1,,0,2025-12-31,2025-12-31,481
2264,2025-10-09,Standard,Annual,19.99,credit_card,North America,1,,0,2025-12-31,2025-12-31,83
2265,2025-07-16,Premium,Monthly,39.99,credit_card,North America,1,,0,2025-12-31,2025-12-31,168
2266,2023-05-24,Basic,Annual,9.99,credit_card,Europe,1,,0,2025-12-31,2025-12-31,952
2267,2025-09-02,Standard,Annual,19.99,paypal,North America,1,,0,2025-12-31,2025-12-31,120
2268,2025-04-28,Basic,Monthly,9.99,bank_transfer,Europe,1,,0,2025-12-31,2025-12-31,247
2269,2023-09-08,Basic,Annual,9.99,credit_card,North America,1,,0,2025-12-31,2025-12-31,845
2270,2024-04-20,Basic,Monthly,9.99,credit_card,North America,1,,0,2025-12-31,2025-12-31,620
2271,2023-01-25,Standard,Monthly,19.99,bank_transfer,Oceania,1,,0,2025-12-31,2025-12-31,1071
2272,2023-05-19,Basic,Annual,9.99,credit_card,Asia,1,,0,2025-12-31,2025-12-31,957
2273,2024-10-22,Standard,Monthly,19.99,paypal,South America,1,,0,2025-12-31,2025-12-31,435
2274,2025-10-17,Premium,Annual,39.99,credit_card,Europe,1,,0,2025-12-31,2025-12-31,75
2275,2023-06-07,Basic,Monthly,9.99,bank_transfer,Asia,1,,0,2025-12-31,2025-12-31,938
2276,2025-07-12,Basic,Annual,9.99,credit_card,North America,1,,0,2025-12-31,2025-12-31,172
2277,2024-12-24,Basic,Monthly,9.99,apple_pay,Europe,1,,0,2025-12-31,2025-12-31,372
2278,2023-02-10,Basic,Annual,9.99,bank_transfer,Europe,1,,0,2025-12-31,2025-12-31,1055
2279,2023-04-21,Basic,Monthly,9.99,bank_transfer,South America,1,,0,2025-12-31,2025-12-31,985
2280,2025-03-14,Premium,Annual,39.99,credit_card,Europe,1,,0,2025-12-31,2025-12-31,292
2281,2023-12-18,Standard,Monthly,19.99,credit_card,Asia,0,2025-08-07,1,2025-08-07,2025-12-31,598
2282,2023-05-16,Basic,Annual,9.99,credit_card,Asia,0,2024-02-24,1,2024-02-24,2025-12-31,284
2283,2024-05-21,Premium,Monthly,39.99,credit_card,Europe,1,,0,2025-12-31,2025-12-31,589
2284,2023-09-29,Premium,Monthly,39.99,paypal,Asia,1,,0,2025-12-31,2025-12-31,824
2285,2023-05-16,Premium,Monthly,39.99,credit_card,Oceania,1,,0,2025-12-31,2025-12-31,960
2286,2024-07-04,Standard,Monthly,19.99,bank_transfer,Asia,1,,0,2025-12-31,2025-12-31,545
2287,2025-09-11,Premium,Monthly,39.99,paypal,Europe,1,,0,2025-12-31,2025-12-31,111
2288,2024-04-13,Standard,Monthly,19.99,credit_card,North America,1,,0,2025-12-31,2025-12-31,627
2289,2024-04-14,Basic,Annual,9.99,credit_card,Asia,1,,0,2025-12-31,2025-12-31,626
2290,2024-04-03,Basic,Monthly,9.99,credit_card,Asia,1,,0,2025-12-31,2025-12-31,637
2291,2024-03-17,Standard,Annual,19.99,credit_card,Europe,1,,0,2025-12-31,2025-12-31,654
2292,2023-02-03,Basic,Monthly,9.99,paypal,Europe,1,,0,2025-12-31,2025-12-31,1062
2293,2025-02-28,Basic,Monthly,9.99,apple_pay,South America,0,2025-12-02,1,2025-12-02,2025-12-31,277
2294,2024-05-01,Premium,Monthly,39.99,credit_card,North America,1,,0,2025-12-31,2025-12-31,609
2295,2023-10-07,Standard,Monthly,19.99,paypal,Asia,0,2024-08-19,1,2024-08-19,2025-12-31,317
2296,2024-02-03,Standard,Monthly,19.99,bank_transfer,Europe,1,,0,2025-12-31,2025-12-31,697
2297,2024-03-30,Basic,Annual,9.99,credit_card,Europe,1,,0,2025-12-31,2025-12-31,641
2298,2024-09-18,Basic,Monthly,9.99,credit_card,South America,1,,0,2025-12-31,2025-12-31,469
2299,2023-02-09,Basic,Annual,9.99,bank_transfer,North America,1,,0,2025-12-31,2025-12-31,1056
2300,2023-07-29,Basic,Monthly,9.99,paypal,North America,1,,0,2025-12-31,2025-12-31,886
2301,2025-07-02,Basic,Monthly,9.99,credit_card,North America,1,,0,2025-12-31,2025-12-31,182
2302,2024-06-18,Standard,Monthly,19.99,paypal,North America,0,2025-10-28,1,2025-10-28,2025-12-31,497
2303,2024-12-29,Basic,Monthly,9.99,paypal,North America,1,,0,2025-12-31,2025-12-31,367
2304,2024-07-14,Standard,Annual,19.99,credit_card,North America,1,,0,2025-12-31,2025-12-31,535
2305,2023-02-15,Basic,Monthly,9.99,credit_card,North America,1,,0,2025-12-31,2025-12-31,1050
2306,2024-12-23,Premium,Monthly,39.99,credit_card,Europe,0,2025-12-22,1,2025-12-22,2025-12-31,364
2307,2024-10-13,Standard,Monthly,19.99,paypal,Europe,1,,0,2025-12-31,2025-12-31,444
2308,2025-09-26,Standard,Annual,19.99,credit_card,Europe,1,,0,2025-12-31,2025-12-31,96
2309,2023-12-03,Basic,Annual,9.99,credit_card,Europe,1,,0,2025-12-31,2025-12-31,759
2310,2023-11-17,Standard,Monthly,19.99,paypal,North America,1,,0,2025-12-31,2025-12-31,775
2311,2024-12-12,Standard,Monthly,19.99,bank_transfer,North America,1,,0,2025-12-31,2025-12-31,384
2312,2025-07-31,Premium,Monthly,39.99,paypal,Asia,1,,0,2025-12-31,2025-12-31,153
2313,2025-01-11,Basic,Annual,9.99,bank_transfer,Oceania,1,,0,2025-12-31,2025-12-31,354
2314,2023-04-25,Standard,Monthly,19.99,bank_transfer,North America,1,,0,2025-12-31,2025-12-31,981
2315,2023-05-18,Basic,Annual,9.99,credit_card,North America,1,,0,2025-12-31,2025-12-31,958
2316,2024-06-19,Premium,Monthly,39.99,credit_card,North America,1,,0,2025-12-31,2025-12-31,560
2317,2025-10-13,Basic,Monthly,9.99,credit_card,Asia,0,2025-12-03,1,2025-12-03,2025-12-31,51
2318,2023-11-29,Premium,Monthly,39.99,bank_transfer,Asia,1,,0,2025-12-31,2025-12-31,763
2319,2023-10-07,Basic,Annual,9.99,bank_transfer,North America,1,,0,2025-12-31,2025-12-31,816
2320,2025-05-14,Standard,Monthly,19.99,paypal,North America,1,,0,2025-12-31,2025-12-31,231
2321,2024-02-11,Premium,Monthly,39.99,credit_card,North America,1,,0,2025-12-31,2025-12-31,689
2322,2025-08-12,Basic,Annual,9.99,credit_card,North America,1,,0,2025-12-31,2025-12-31,141
2323,2023-08-09,Premium,Monthly,39.99,credit_card,Europe,1,,0,2025-12-31,2025-12-31,875
2324,2023-05-19,Basic,Monthly,9.99,paypal,North America,1,,0,2025-12-31,2025-12-31,957
2325,2023-01-27,Standard,Monthly,19.99,credit_card,North America,1,,0,2025-12-31,2025-12-31,1069
2326,2023-03-18,Basic,Monthly,9.99,credit_card,Asia,1,,0,2025-12-31,2025-12-31,1019
2327,2024-03-28,Standard,Monthly,19.99,credit_card,Europe,1,,0,2025-12-31,2025-12-31,643
2328,2025-04-03,Basic,Annual,9.99,paypal,North America,1,,0,2025-12-31,2025-12-31,272
2329,2025-09-09,Basic,Monthly,9.99,credit_card,North America,1,,0,2025-12-31,2025-12-31,113
2330,2025-05-18,Standard,Monthly,19.99,credit_card,North America,1,,0,2025-12-31,2025-12-31,227
2331,2025-08-25,Basic,Annual,9.99,credit_card,Europe,1,,0,2025-12-31,2025-12-31,128
2332,2023-05-01,Premium,Monthly,39.99,credit_card,North America,1,,0,2025-12-31,2025-12-31,975
2333,2023-01-13,Premium,Monthly,39.99,paypal,North America,0,2025-11-23,1,2025-11-23,2025-12-31,1045
2334,2025-10-18,Premium,Monthly,39.99,credit_card,South America,0,2025-12-26,1,2025-12-26,2025-12-31,69
2335,2023-12-24,Basic,Monthly,9.99,paypal,North America,1,,0,2025-12-31,2025-12-31,738
2336,2024-07-03,Standard,Monthly,19.99,apple_pay,Asia,1,,0,2025-12-31,2025-12-31,546
2337,2024-02-24,Basic,Monthly,9.99,credit_card,North America,1,,0,2025-12-31,2025-12-31,676
2338,2023-11-21,Basic,Monthly,9.99,credit_card,North America,1,,0,2025-12-31,2025-12-31,771
2339,2023-06-26,Standard,Annual,19.99,credit_card,North America,1,,0,2025-12-31,2025-12-31,919
2340,2024-08-14,Basic,Monthly,9.99,credit_card,Europe,0,2025-06-13,1,2025-06-13,2025-12-31,303
2341,2024-05-23,Premium,Annual,39.99,credit_card,Asia,1,,0,2025-12-31,2025-12-31,587
2342,2024-06-27,Premium,Annual,39.99,credit_card,North America,1,,0,2025-12-31,2025-12-31,552
2343,2024-11-04,Standard,Monthly,19.99,apple_pay,Asia,1,,0,2025-12-31,2025-12-31,422
2344,2024-10-11,Basic,Monthly,9.99,credit_card,South America,1,,0,2025-12-31,2025-12-31,446
2345,2025-01-30,Premium,Monthly,39.99,credit_card,South America,1,,0,2025-12-31,2025-12-31,335
2346,2023-09-12,Basic,Monthly,9.99,paypal,Europe,0,2025-08-12,1,2025-08-12,2025-12-31,700
2347,2025-04-04,Basic,Annual,9.99,credit_card,North America,1,,0,2025-12-31,2025-12-31,271
2348,2025-04-29,Standard,Annual,19.99,paypal,Europe,1,,0,2025-12-31,2025-12-31,246
2349,2025-09-27,Basic,Monthly,9.99,credit_card,North America,0,2025-12-10,1,2025-12-10,2025-12-31,74
2350,2025-02-27,Premium,Monthly,39.99,paypal,North America,1,,0,2025-12-31,2025-12-31,307
2351,2023-04-18,Premium,Monthly,39.99,credit_card,Europe,1,,0,2025-12-31,2025-12-31,988
2352,2024-06-24,Basic,Monthly,9.99,paypal,South America,1,,0,2025-12-31,2025-12-31,555
2353,2024-08-27,Standard,Annual,19.99,paypal,North America,1,,0,2025-12-31,2025-12-31,491
2354,2024-06-16,Standard,Annual,19.99,credit_card,North America,1,,0,2025-12-31,2025-12-31,563
2355,2025-01-27,Basic,Annual,9.99,credit_card,Europe,1,,0,2025-12-31,2025-12-31,338
2356,2024-10-31,Standard,Monthly,19.99,credit_card,Asia,1,,0,2025-12-31,2025-12-31,426
2357,2024-05-23,Premium,Monthly,39.99,apple_pay,Asia,0,2025-07-04,1,2025-07-04,2025-12-31,407
2358,2024-05-12,Standard,Annual,19.99,credit_card,Europe,1,,0,2025-12-31,2025-12-31,598
2359,2023-03-26,Premium,Monthly,39.99,paypal,North America,1,,0,2025-12-31,2025-12-31,1011
2360,2023-09-19,Basic,Monthly,9.99,paypal,Europe,1,,0,2025-12-31,2025-12-31,834
2361,2024-10-20,Basic,Monthly,9.99,apple_pay,North America,1,,0,2025-12-31,2025-12-31,437
2362,2023-04-11,Standard,Annual,19.99,paypal,Europe,1,,0,2025-12-31,2025-12-31,995
2363,2024-05-26,Basic,Annual,9.99,credit_card,Asia,1,,0,2025-12-31,2025-12-31,584
2364,2024-05-24,Basic,Monthly,9.99,credit_card,North America,0,2025-05-06,1,2025-05-06,2025-12-31,347
2365,2023-11-13,Premium,Monthly,39.99,credit_card,North America,0,2025-06-20,1,2025-06-20,2025-12-31,585
2366,2023-07-29,Basic,Monthly,9.99,credit_card,Europe,0,2025-08-12,1,2025-08-12,2025-12-31,745
2367,2025-09-26,Standard,Monthly,19.99,credit_card,North America,1,,0,2025-12-31,2025-12-31,96
2368,2023-02-28,Standard,Monthly,19.99,credit_card,Europe,1,,0,2025-12-31,2025-12-31,1037
2369,2025-03-22,Basic,Monthly,9.99,credit_card,Europe,1,,0,2025-12-31,2025-12-31,284
2370,2025-04-04,Basic,Monthly,9.99,credit_card,South America,1,,0,2025-12-31,2025-12-31,271
2371,2024-09-06,Basic,Monthly,9.99,credit_card,Europe,1,,0,2025-12-31,2025-12-31,481
2372,2023-10-21,Standard,Monthly,19.99,credit_card,South America,1,,0,2025-12-31,2025-12-31,802
2373,2023-09-12,Basic,Monthly,9.99,credit_card,North America,1,,0,2025-12-31,2025-12-31,841
2374,2025-02-08,Basic,Annual,9.99,credit_card,Europe,1,,0,2025-12-31,2025-12-31,326
2375,2023-08-12,Standard,Annual,19.99,bank_transfer,North America,0,2024-10-21,1,2024-10-21,2025-12-31,436
2376,2024-02-11,Standard,Monthly,19.99,bank_transfer,Oceania,1,,0,2025-12-31,2025-12-31,689
2377,2024-03-20,Standard,Monthly,19.99,bank_transfer,Europe,1,,0,2025-12-31,2025-12-31,651
2378,2023-01-23,Premium,Monthly,39.99,paypal,Europe,0,2024-02-01,1,2024-02-01,2025-12-31,374
2379,2025-05-14,Basic,Annual,9.99,paypal,Europe,1,,0,2025-12-31,2025-12-31,231
2380,2023-07-02,Premium,Monthly,39.99,credit_card,South America,1,,0,2025-12-31,2025-12-31,913
2381,2024-12-24,Basic,Monthly,9.99,credit_card,Asia,1,,0,2025-12-31,2025-12-31,372
2382,2024-09-18,Premium,Monthly,39.99,paypal,North America,1,,0,2025-12-31,2025-12-31,469
2383,2023-04-03,Premium,Monthly,39.99,credit_card,Europe,1,,0,2025-12-31,2025-12-31,1003
2384,2023-12-28,Basic,Annual,9.99,credit_card,Europe,1,,0,2025-12-31,2025-12-31,734
2385,2023-10-25,Basic,Annual,9.99,credit_card,Europe,1,,0,2025-12-31,2025-12-31,798
2386,2023-09-01,Premium,Annual,39.99,apple_pay,North America,1,,0,2025-12-31,2025-12-31,852
2387,2024-12-02,Premium,Monthly,39.99,paypal,North America,1,,0,2025-12-31,2025-12-31,394
2388,2025-09-18,Standard,Monthly,19.99,apple_pay,North America,1,,0,2025-12-31,2025-12-31,104
2389,2024-06-08,Standard,Monthly,19.99,credit_card,North America,1,,0,2025-12-31,2025-12-31,571
2390,2025-06-28,Standard,Monthly,19.99,credit_card,Asia,1,,0,2025-12-31,2025-12-31,186
2391,2024-06-04,Basic,Monthly,9.99,credit_card,Asia,1,,0,2025-12-31,2025-12-31,575
2392,2023-01-27,Premium,Monthly,39.99,paypal,North America,0,2024-06-10,1,2024-06-10,2025-12-31,500
2393,2023-04-13,Standard,Annual,19.99,apple_pay,North America,1,,0,2025-12-31,2025-12-31,993
2394,2023-12-03,Premium,Monthly,39.99,apple_pay,Europe,1,,0,2025-12-31,2025-12-31,759
2395,2023-10-19,Standard,Monthly,19.99,credit_card,Europe,1,,0,2025-12-31,2025-12-31,804
2396,2025-10-19,Standard,Annual,19.99,paypal,South America,1,,0,2025-12-31,2025-12-31,73
2397,2025-07-24,Basic,Monthly,9.99,credit_card,Asia,1,,0,2025-12-31,2025-12-31,160
2398,2025-10-27,Standard,Monthly,19.99,apple_pay,Asia,1,,0,2025-12-31,2025-12-31,65
2399,2025-09-19,Basic,Monthly,9.99,credit_card,Europe,1,,0,2025-12-31,2025-12-31,103
2400,2024-01-25,Basic,Annual,9.99,credit_card,Europe,0,2025-09-16,1,2025-09-16,2025-12-31,600
2401,2023-10-09,Basic,Monthly,9.99,paypal,North America,1,,0,2025-12-31,2025-12-31,814
2402,2025-09-03,Premium,Annual,39.99,credit_card,Asia,1,,0,2025-12-31,2025-12-31,119
2403,2024-11-17,Basic,Annual,9.99,credit_card,Asia,1,,0,2025-12-31,2025-12-31,409
2404,2024-02-23,Standard,Monthly,19.99,credit_card,North America,1,,0,2025-12-31,2025-12-31,677
2405,2023-03-15,Basic,Annual,9.99,apple_pay,North America,1,,0,2025-12-31,2025-12-31,1022
2406,2025-05-23,Basic,Annual,9.99,apple_pay,Asia,1,,0,2025-12-31,2025-12-31,222
2407,2025-07-31,Basic,Annual,9.99,credit_card,Oceania,1,,0,2025-12-31,2025-12-31,153
2408,2024-10-28,Standard,Monthly,19.99,credit_card,South America,1,,0,2025-12-31,2025-12-31,429
2409,2025-03-06,Standard,Annual,19.99,paypal,South America,1,,0,2025-12-31,2025-12-31,300
2410,2024-10-24,Standard,Monthly,19.99,credit_card,North America,1,,0,2025-12-31,2025-12-31,433
2411,2023-07-02,Premium,Monthly,39.99,apple_pay,North America,1,,0,2025-12-31,2025-12-31,913
2412,2025-06-24,Basic,Monthly,9.99,bank_transfer,Asia,0,2025-09-04,1,2025-09-04,2025-12-31,72
2413,2025-10-01,Standard,Monthly,19.99,credit_card,Asia,1,,0,2025-12-31,2025-12-31,91
2414,2023-02-23,Standard,Monthly,19.99,credit_card,Europe,1,,0,2025-12-31,2025-12-31,1042
2415,2024-12-01,Basic,Monthly,9.99,apple_pay,North America,0,2025-11-07,1,2025-11-07,2025-12-31,341
2416,2025-01-14,Premium,Monthly,39.99,paypal,North America,1,,0,2025-12-31,2025-12-31,351
2417,2024-01-31,Premium,Monthly,39.99,credit_card,North America,1,,0,2025-12-31,2025-12-31,700
2418,2025-07-19,Basic,Annual,9.99,credit_card,North America,1,,0,2025-12-31,2025-12-31,165
2419,2023-04-12,Basic,Monthly,9.99,paypal,North America,1,,0,2025-12-31,2025-12-31,994
2420,2024-08-18,Basic,Monthly,9.99,credit_card,North America,1,,0,2025-12-31,2025-12-31,500
2421,2023-09-02,Standard,Monthly,19.99,credit_card,South America,1,,0,2025-12-31,2025-12-31,851
2422,2024-01-02,Basic,Monthly,9.99,bank_transfer,Europe,1,,0,2025-12-31,2025-12-31,729
2423,2024-01-26,Premium,Monthly,39.99,credit_card,North America,1,,0,2025-12-31,2025-12-31,705
2424,2025-07-26,Standard,Annual,19.99,credit_card,Europe,1,,0,2025-12-31,2025-12-31,158
2425,2024-01-22,Basic,Annual,9.99,credit_card,North America,1,,0,2025-12-31,2025-12-31,709
2426,2023-03-05,Basic,Monthly,9.99,paypal,Europe,1,,0,2025-12-31,2025-12-31,1032
2427,2025-08-27,Premium,Monthly,39.99,paypal,Europe,1,,0,2025-12-31,2025-12-31,126
2428,2023-03-31,Basic,Annual,9.99,credit_card,Europe,1,,0,2025-12-31,2025-12-31,1006
2429,2024-10-19,Basic,Annual,9.99,bank_transfer,North America,1,,0,2025-12-31,2025-12-31,438
2430,2025-09-12,Basic,Monthly,9.99,paypal,North America,0,2025-11-30,1,2025-11-30,2025-12-31,79
2431,2023-03-22,Standard,Annual,19.99,apple_pay,North America,1,,0,2025-12-31,2025-12-31,1015
2432,2023-09-27,Premium,Annual,39.99,bank_transfer,Oceania,1,,0,2025-12-31,2025-12-31,826
2433,2025-07-12,Premium,Annual,39.99,credit_card,North America,1,,0,2025-12-31,2025-12-31,172
2434,2025-02-04,Basic,Monthly,9.99,credit_card,Oceania,1,,0,2025-12-31,2025-12-31,330
2435,2025-02-25,Basic,Annual,9.99,paypal,Europe,1,,0,2025-12-31,2025-12-31,309
2436,2024-11-23,Standard,Monthly,19.99,apple_pay,Asia,1,,0,2025-12-31,2025-12-31,403
2437,2023-11-07,Premium,Annual,39.99,bank_transfer,Europe,1,,0,2025-12-31,2025-12-31,785
2438,2024-05-25,Basic,Monthly,9.99,apple_pay,North America,1,,0,2025-12-31,2025-12-31,585
2439,2025-05-04,Basic,Monthly,9.99,credit_card,Europe,1,,0,2025-12-31,2025-12-31,241
2440,2024-12-05,Basic,Monthly,9.99,credit_card,North America,0,2025-04-01,1,2025-04-01,2025-12-31,117
2441,2023-11-07,Premium,Annual,39.99,paypal,North America,0,2024-08-15,1,2024-08-15,2025-12-31,282
2442,2024-01-01,Basic,Annual,9.99,credit_card,North America,1,,0,2025-12-31,2025-12-31,730
2443,2023-04-21,Basic,Monthly,9.99,credit_card,Oceania,1,,0,2025-12-31,2025-12-31,985
2444,2023-11-13,Basic,Monthly,9.99,credit_card,North America,1,,0,2025-12-31,2025-12-31,779
2445,2024-09-10,Premium,Annual,39.99,paypal,Asia,0,2025-12-05,1,2025-12-05,2025-12-31,451
2446,2024-03-27,Basic,Annual,9.99,apple_pay,Asia,1,,0,2025-12-31,2025-12-31,644
2447,2024-12-30,Basic,Monthly,9.99,bank_transfer,South America,1,,0,2025-12-31,2025-12-31,366
2448,2023-12-01,Standard,Monthly,19.99,bank_transfer,North America,1,,0,2025-12-31,2025-12-31,761
2449,2025-04-09,Premium,Monthly,39.99,credit_card,South America,1,,0,2025-12-31,2025-12-31,266
2450,2023-01-17,Basic,Annual,9.99,paypal,North America,1,,0,2025-12-31,2025-12-31,1079
2451,2025-07-30,Basic,Monthly,9.99,credit_card,North America,1,,0,2025-12-31,2025-12-31,154
2452,2023-08-31,Premium,Monthly,39.99,bank_transfer,South America,1,,0,2025-12-31,2025-12-31,853
2453,2023-02-11,Standard,Monthly,19.99,credit_card,North America,1,,0,2025-12-31,2025-12-31,1054
2454,2024-03-18,Basic,Annual,9.99,bank_transfer,North America,0,2025-03-15,1,2025-03-15,2025-12-31,362
2455,2025-06-28,Standard,Monthly,19.99,paypal,North America,1,,0,2025-12-31,2025-12-31,186
2456,2023-03-10,Standard,Monthly,19.99,credit_card,North America,1,,0,2025-12-31,2025-12-31,1027
2457,2023-02-16,Premium,Monthly,39.99,credit_card,North America,1,,0,2025-12-31,2025-12-31,1049
2458,2023-01-12,Standard,Monthly,19.99,credit_card,North America,1,,0,2025-12-31,2025-12-31,1084
2459,2024-12-27,Standard,Monthly,19.99,paypal,Europe,1,,0,2025-12-31,2025-12-31,369
2460,2024-04-29,Standard,Monthly,19.99,paypal,Europe,1,,0,2025-12-31,2025-12-31,611
2461,2024-02-17,Standard,Monthly,19.99,paypal,Europe,1,,0,2025-12-31,2025-12-31,683
2462,2024-01-09,Standard,Monthly,19.99,bank_transfer,Europe,1,,0,2025-12-31,2025-12-31,722
2463,2023-01-14,Premium,Monthly,39.99,apple_pay,North America,1,,0,2025-12-31,2025-12-31,1082
2464,2023-06-01,Premium,Monthly,39.99,bank_transfer,Europe,0,2025-12-16,1,2025-12-16,2025-12-31,929
2465,2023-02-19,Premium,Annual,39.99,credit_card,North America,1,,0,2025-12-31,2025-12-31,1046
2466,2023-09-06,Basic,Monthly,9.99,bank_transfer,North America,1,,0,2025-12-31,2025-12-31,847
2467,2023-11-06,Basic,Monthly,9.99,paypal,North America,1,,0,2025-12-31,2025-12-31,786
2468,2024-03-22,Basic,Annual,9.99,apple_pay,North America,1,,0,2025-12-31,2025-12-31,649
2469,2023-02-21,Basic,Annual,9.99,bank_transfer,Oceania,1,,0,2025-12-31,2025-12-31,1044
2470,2023-02-17,Standard,Monthly,19.99,credit_card,North America,1,,0,2025-12-31,2025-12-31,1048
2471,2023-03-07,Premium,Annual,39.99,credit_card,Europe,1,,0,2025-12-31,2025-12-31,1030
2472,2024-05-11,Standard,Monthly,19.99,credit_card,Europe,1,,0,2025-12-31,2025-12-31,599
2473,2024-11-14,Standard,Monthly,19.99,credit_card,North America,1,,0,2025-12-31,2025-12-31,412
2474,2025-08-16,Basic,Monthly,9.99,paypal,Europe,1,,0,2025-12-31,2025-12-31,137
2475,2024-08-30,Standard,Monthly,19.99,apple_pay,South America,1,,0,2025-12-31,2025-12-31,488
2476,2023-12-24,Premium,Annual,39.99,credit_card,Oceania,1,,0,2025-12-31,2025-12-31,738
2477,2023-11-04,Basic,Annual,9.99,paypal,North America,1,,0,2025-12-31,2025-12-31,788
2478,2025-07-20,Standard,Monthly,19.99,paypal,North America,1,,0,2025-12-31,2025-12-31,164
2479,2025-07-25,Premium,Annual,39.99,paypal,North America,1,,0,2025-12-31,2025-12-31,159
2480,2025-06-18,Standard,Monthly,19.99,paypal,Europe,0,2025-09-22,1,2025-09-22,2025-12-31,96
2481,2025-05-04,Basic,Monthly,9.99,bank_transfer,Oceania,0,2025-09-08,1,2025-09-08,2025-12-31,127
2482,2024-08-21,Basic,Annual,9.99,paypal,Europe,1,,0,2025-12-31,2025-12-31,497
2483,2023-09-04,Premium,Monthly,39.99,credit_card,South America,1,,0,2025-12-31,2025-12-31,849
2484,2025-10-14,Basic,Monthly,9.99,paypal,Europe,1,,0,2025-12-31,2025-12-31,78
2485,2025-01-18,Premium,Monthly,39.99,paypal,Asia,0,2025-08-03,1,2025-08-03,2025-12-31,197
2486,2024-12-25,Basic,Annual,9.99,credit_card,Asia,0,2025-04-22,1,2025-04-22,2025-12-31,118
2487,2024-07-13,Basic,Monthly,9.99,paypal,Europe,1,,0,2025-12-31,2025-12-31,536
2488,2025-01-16,Standard,Annual,19.99,credit_card,North America,1,,0,2025-12-31,2025-12-31,349
2489,2024-08-27,Standard,Annual,19.99,credit_card,Asia,1,,0,2025-12-31,2025-12-31,491
2490,2025-06-13,Basic,Monthly,9.99,credit_card,Asia,0,2025-10-13,1,2025-10-13,2025-12-31,122
2491,2024-06-10,Standard,Annual,19.99,paypal,Europe,1,,0,2025-12-31,2025-12-31,569
2492,2024-06-23,Basic,Annual,9.99,paypal,Europe,1,,0,2025-12-31,2025-12-31,556
2493,2025-07-24,Basic,Monthly,9.99,credit_card,North America,1,,0,2025-12-31,2025-12-31,160
2494,2025-10-10,Premium,Annual,39.99,credit_card,Asia,1,,0,2025-12-31,2025-12-31,82
2495,2025-05-08,Standard,Monthly,19.99,credit_card,South America,1,,0,2025-12-31,2025-12-31,237
2496,2025-03-12,Standard,Monthly,19.99,credit_card,North America,1,,0,2025-12-31,2025-12-31,294
2497,2023-06-05,Standard,Monthly,19.99,credit_card,North America,1,,0,2025-12-31,2025-12-31,940
2498,2023-10-22,Premium,Monthly,39.99,credit_card,South America,0,2024-07-27,1,2024-07-27,2025-12-31,279
2499,2025-09-01,Standard,Monthly,19.99,apple_pay,North America,1,,0,2025-12-31,2025-12-31,121
2500,2023-05-08,Standard,Monthly,19.99,apple_pay,Europe,1,,0,2025-12-31,2025-12-31,968
