customer_id,total_logins,logins_last_30d,logins_prev_30d,engagement_trend,avg_session_minutes,session_minutes_trend,active_days,days_since_last_activity,total_purchases,purchases_last_30d,purchases_prev_30d,purchase_frequency,purchase_frequency_trend,avg_order_value,total_spend,spend_trend,distinct_product_categories,activity_gap_std,coefficient_of_variation_sessions,active_weeks_ratio,tenure_months,recency_days,support_tickets_count,late_or_missed_payments,plan_type,contract_type,monthly_fee,payment_method,region,churn
1,163,20.0,18,0.10526315789473684,41.13680981595092,0.08472434384113296,170,1,15.0,1.0,1.0,1.7037313432835821,0.0,40.708666666666666,610.63,-0.818882404153097,6,0.8631738142057901,0.22890039683226826,1.0,8.804204993429698,1,1.0,0,Standard,Monthly,19.99,bank_transfer,Europe,0
2,64,17.0,10,0.6363636363636364,15.7703125,-0.032727014856575545,68,1,7.0,4.0,2.0,1.3571974522292993,0.6666666666666666,42.971428571428575,300.8,11.808978032473734,6,2.3303592857590982,0.27359233222419566,0.9363057324840764,5.157687253613666,1,1.0,0,Standard,Monthly,19.99,credit_card,North America,0
3,582,18.0,18,0.0,41.27800687285223,0.06750412384215201,609,1,66.0,0.0,1.0,2.052134831460674,-0.5,39.54893939393939,2610.23,0.0,6,1.0823208534087303,0.24705838508862674,1.0,32.16162943495401,1,5.0,0,Premium,Monthly,39.99,credit_card,Europe,0
4,79,19.0,20,-0.047619047619047616,21.689873417721518,0.021608657781383978,84,2,8.0,3.0,4.0,1.9326984126984126,-0.2,41.620000000000005,332.96000000000004,-0.6067832538420773,6,0.7387116995296874,0.3173287920214839,1.0,4.139290407358739,2,0.0,0,Standard,Monthly,19.99,apple_pay,South America,0
5,553,18.0,11,0.5833333333333334,35.99620253164557,0.044749679775434016,584,1,58.0,3.0,3.0,1.7394285714285715,0.0,37.151724137931026,2154.7999999999997,-0.6125006142204314,6,1.1756189401699975,0.23771328764671606,1.0,33.3442838370565,1,10.0,0,Standard,Monthly,19.99,credit_card,Europe,0
6,231,13.0,9,0.4,40.11212121212121,0.017493664677511758,269,4,46.0,4.0,2.0,1.6850060168471723,0.6666666666666666,41.507173913043474,1909.33,1.6838890302876048,6,2.5740174805687217,0.23810563564174497,0.9265944645006017,27.299605781865964,4,11.0,0,Basic,Monthly,9.99,credit_card,North America,0
7,83,15.0,16,-0.058823529411764705,25.532530120481926,0.04339486933589059,88,1,4.0,1.0,1.0,0.761,0.0,31.0225,124.09,-0.04822777454968042,6,1.3742388722296692,0.26432182368064605,1.0,5.256241787122208,1,2.0,0,Standard,Monthly,19.99,bank_transfer,Asia,0
8,113,5.0,8,-0.3333333333333333,36.064601769911505,0.016949152542372933,125,3,14.0,0.0,0.0,1.3032415902140675,0.0,112.53857142857143,1575.54,0.0,6,2.2001835748219603,0.27654317058643857,0.9847094801223242,10.74244415243101,3,2.0,0,Basic,Monthly,9.99,paypal,North America,1
9,40,19.0,16,0.17647058823529413,19.7525,-0.059111192615685454,41,1,1.0,0.0,1.0,0.45432835820895523,-0.5,19.25,19.25,0.0,6,0.8335897041541448,0.26912381918321626,1.0,2.2010512483574245,1,0.0,0,Standard,Annual,19.99,bank_transfer,Europe,0
10,39,7.0,7,0.0,22.07948717948718,0.011414077362079857,44,1,4.0,3.0,0.0,0.8574647887323944,3.0,18.512500000000003,74.05000000000001,0.0,6,2.7065811266889517,0.2777072690490978,0.9859154929577465,4.664914586070959,1,1.0,0,Basic,Monthly,9.99,credit_card,Europe,0
11,490,18.0,14,0.26666666666666666,16.52877551020408,0.04362105652696816,520,1,59.0,1.0,2.0,2.1079342723004695,-0.3333333333333333,25.62932203389831,1512.13,-0.82495247969587,6,1.0445938109641253,0.2543926590845309,1.0,27.989487516425754,1,14.0,0,Standard,Monthly,19.99,credit_card,Europe,0
12,285,10.0,6,0.5714285714285714,16.56456140350877,0.1885593220338982,317,4,37.0,1.0,0.0,1.1151287128712872,1.0,42.773513513513514,1582.62,0.0,6,2.441773203912474,0.2345580801119628,0.9564356435643565,33.18002628120893,4,12.0,0,Premium,Monthly,39.99,credit_card,North America,0
13,105,10.0,18,-0.42105263157894735,30.240952380952383,-0.43121253142525623,108,1,10.0,1.0,2.0,1.6725274725274726,-0.3333333333333333,34.471000000000004,344.71000000000004,1.251115809255344,6,1.1040075440773267,0.33765757020801845,1.0,5.978975032851511,1,1.0,0,Standard,Monthly,19.99,credit_card,Asia,1
14,16,5.0,11,-0.5,36.29375,-0.08037072243346015,21,15,4.0,2.0,2.0,1.9024999999999999,0.0,57.78,231.12,2.0137741046831956,5,2.0228952674713274,0.3465229374460205,0.65625,2.102496714848883,15,3.0,0,Standard,Monthly,19.99,credit_card,Europe,1
15,207,15.0,20,-0.23809523809523808,27.158454106280193,0.030753428795843127,221,1,21.0,3.0,3.0,1.6142424242424243,0.0,37.843809523809526,794.72,-0.6103278187611855,6,1.2218690132046226,0.26744508104151665,1.0,13.009198423127463,1,3.0,0,Basic,Monthly,9.99,paypal,North America,1
16,106,19.0,16,0.17647058823529413,12.685849056603773,0.04781336807689481,112,1,10.0,5.0,0.0,1.6725274725274726,5.0,25.633,256.33,0.0,6,0.9539778352109182,0.2518843500696689,1.0,5.978975032851511,1,2.0,0,Premium,Monthly,39.99,credit_card,Oceania,0
17,52,8.0,19,-0.55,32.59230769230769,-0.45119241593837955,54,4,3.0,1.0,0.0,0.8010526315789475,1.0,45.69,137.07,0.0,6,1.6221435763498797,0.3713806781358289,0.9824561403508772,3.7450722733245727,4,1.0,0,Basic,Monthly,9.99,credit_card,South America,1
18,366,20.0,15,0.3125,30.63688524590164,-0.025624504361617808,369,1,6.0,0.0,0.0,0.320421052631579,0.0,19.875,119.25,0.0,6,0.9557151678465134,0.24494362198153374,1.0,18.725361366622863,1,4.0,0,Standard,Monthly,19.99,bank_transfer,Asia,0
19,128,6.0,18,-0.631578947368421,30.66953125,-0.4386418158331795,136,3,10.0,2.0,1.0,0.9851132686084143,0.5,24.009,240.09,2.3869179600886916,6,1.9198995735666844,0.25362219435246525,0.9741100323624595,10.151116951379763,3,3.0,0,Standard,Monthly,19.99,credit_card,Europe,1
20,165,7.0,6,0.14285714285714285,18.50121212121212,0.17019400352733688,190,2,32.0,3.0,4.0,1.7059194395796848,-0.2,47.49125,1519.72,-0.5406253924400352,6,2.6417060452810905,0.28372469016807417,0.9316987740805605,18.758212877792378,2,5.0,0,Basic,Monthly,9.99,paypal,North America,0
21,247,10.0,15,-0.3125,13.37085020242915,-0.22998544395924309,261,2,25.0,1.0,2.0,1.543610547667343,-0.3333333333333333,34.153600000000004,853.84,4.339412360688955,6,1.3236275541064804,0.28006879613716984,1.0,16.1957950065703,2,3.0,0,Basic,Monthly,9.99,credit_card,South America,0
22,379,16.0,18,-0.10526315789473684,45.50765171503958,-0.09257929211675488,386,2,33.0,1.0,2.0,1.796994633273703,-0.3333333333333333,36.68242424242424,1210.52,-0.4043934098851723,6,0.8551552984198745,0.25617370570129916,1.0,18.363994743758212,2,0.0,0,Standard,Monthly,19.99,apple_pay,Europe,0
23,283,18.0,17,0.05555555555555555,16.13957597173145,-0.07855572467444609,289,1,8.0,0.0,0.0,0.5585321100917432,0.0,72.53,580.24,0.0,6,0.9590684197890287,0.2554047054746903,1.0,14.323258869908015,1,10.0,0,Basic,Monthly,9.99,credit_card,North America,0
24,480,13.0,17,-0.2222222222222222,33.021875,0.013202731242144987,504,3,60.0,4.0,1.0,1.9938864628820963,1.5,40.606833333333334,2436.41,14.628787878787877,6,1.2532296123852702,0.24121038917296642,1.0,30.091984231274637,3,2.0,0,Standard,Monthly,19.99,paypal,North America,0
25,144,15.0,16,-0.058823529411764705,14.391666666666667,0.012063492063492031,148,1,11.0,1.0,1.0,1.1014473684210526,0.0,26.30363636363636,289.34,-0.09295774647887314,6,1.2952462491589396,0.24699282836986872,1.0,9.986859395532194,1,0.0,0,Standard,Monthly,19.99,apple_pay,North America,0
26,67,19.0,21,-0.09090909090909091,27.299999999999997,-0.044686209851219044,70,2,8.0,1.0,3.0,2.4848979591836735,-0.5,26.34375,210.75,0.47199341021416785,6,0.5994456091783236,0.24513944155853729,1.0,3.219448094612352,2,0.0,0,Premium,Annual,39.99,credit_card,South America,0
27,220,21.0,18,0.15789473684210525,30.35181818181818,-0.006554528942588709,226,2,19.0,2.0,1.0,1.5673712737127372,0.5,46.13368421052632,876.5400000000001,-0.5063847603098178,6,1.0123836401881623,0.27525569444178816,1.0,12.12220762155059,2,1.0,0,Basic,Annual,9.99,credit_card,North America,0
28,368,24.0,22,0.08695652173913043,43.61059782608696,-0.10929652234725655,370,1,12.0,0.0,1.0,0.7162352941176471,-0.5,42.41083333333333,508.92999999999995,0.0,6,0.6814376363748739,0.26437611476125955,1.0,16.754270696452036,1,6.0,0,Standard,Annual,19.99,bank_transfer,Europe,0
29,228,16.0,17,-0.05555555555555555,19.341666666666665,0.058241482965931804,238,4,22.0,0.0,0.0,1.4783222958057396,0.0,48.65,1070.3,0.0,6,1.354758842954388,0.2778564005137221,1.0,14.88173455978975,4,2.0,0,Standard,Monthly,19.99,credit_card,Asia,0
30,184,19.0,19,0.0,33.75163043478261,-0.05669428696031405,191,2,18.0,3.0,3.0,1.6553474320241695,0.0,36.48277777777778,656.6899999999999,-0.21361008933263273,6,0.9740292313220308,0.2587919170887814,1.0,10.873850197109066,2,0.0,0,Basic,Annual,9.99,credit_card,North America,0
31,88,2.0,11,-0.75,15.082954545454545,0.07646318439269988,98,14,13.0,1.0,1.0,1.0961772853185596,0.0,24.126153846153844,313.64,-0.311971372804164,6,2.975270353594097,0.25298914180558185,0.8919667590027701,11.85939553219448,14,3.0,0,Basic,Monthly,9.99,bank_transfer,Oceania,1
32,155,10.0,12,-0.15384615384615385,31.736129032258066,-0.08172916169094817,174,7,30.0,2.0,4.0,2.488283378746594,-0.4,41.224333333333334,1236.73,-0.8012620533182075,6,1.501981484625767,0.24888332649945097,0.9727520435967302,12.056504599211562,7,2.0,0,Basic,Monthly,9.99,paypal,North America,0
33,160,7.0,7,0.0,18.53875,-0.09453032104637325,189,6,40.0,2.0,3.0,2.084931506849315,-0.25,42.41275,1696.51,-0.720298959145307,6,2.2621714129680326,0.2395914466135002,0.946917808219178,19.185282522996058,6,4.0,0,Basic,Annual,9.99,paypal,Asia,0
34,217,13.0,10,0.2727272727272727,31.693548387096776,0.06533925705380203,239,3,31.0,1.0,2.0,1.610307167235495,-0.3333333333333333,50.01516129032258,1550.47,-0.7640957173667454,6,1.9164228827696013,0.2458596451992053,0.9675767918088738,19.250985545335084,3,6.0,0,Premium,Monthly,39.99,credit_card,Europe,0
35,335,11.0,20,-0.42857142857142855,14.646268656716417,-0.14746680954932428,347,2,27.0,1.0,0.0,1.3906598984771574,1.0,38.525555555555556,1040.19,0.0,6,1.0825870119851295,0.2729530491428107,0.9949238578680203,19.415243101182654,2,6.0,0,Premium,Monthly,39.99,paypal,Europe,1
36,131,17.0,22,-0.21739130434782608,44.82290076335878,0.01790954051888488,134,1,17.0,4.0,2.0,2.5242926829268293,0.6666666666666666,31.816470588235294,540.88,-0.6351617440225036,6,0.8837666648418138,0.23820210719150114,1.0,6.734559789750328,1,2.0,0,Premium,Monthly,39.99,apple_pay,Asia,0
37,320,19.0,15,0.25,22.888125,0.017688168717917074,336,1,32.0,1.0,4.0,1.8071985157699444,-0.6,37.309375,1193.9,-0.0342814689025685,6,0.9602707634964348,0.25460204947182874,1.0,17.706964520367936,1,8.0,0,Basic,Monthly,9.99,bank_transfer,Asia,0
38,95,12.0,13,-0.07142857142857142,32.86526315789474,0.1806598264931597,106,7,27.0,1.0,4.0,2.730498338870432,-0.6,41.48259259259259,1120.03,-0.757193303688203,6,2.3150645367945595,0.2394565280469366,0.9069767441860465,9.888304862023652,7,1.0,0,Premium,Monthly,39.99,credit_card,North America,0
39,310,5.0,5,0.0,31.860322580645164,-0.3701765860039241,359,3,58.0,1.0,1.0,1.6197431192660552,0.0,47.84620689655172,2775.08,-0.21749598715890855,6,2.2811618436309393,0.2751547392453451,0.9376146788990826,35.808147174770035,3,10.0,0,Premium,Monthly,39.99,credit_card,North America,0
40,372,10.0,12,-0.15384615384615385,38.8997311827957,0.15696694750486084,415,5,68.0,3.0,0.0,2.4878846153846155,3.0,38.729558823529416,2633.61,0.0,6,1.4055935926994632,0.2564985119061943,0.9927884615384615,27.33245729303548,5,7.0,0,Basic,Monthly,9.99,credit_card,Asia,0
41,107,11.0,19,-0.4,32.59439252336448,-0.12873583727361945,109,3,5.0,0.0,2.0,0.8502793296089386,-0.6666666666666666,34.65,173.25,0.0,6,1.1934690165761206,0.2603539844620763,0.9776536312849161,5.88042049934297,3,0.0,0,Premium,Monthly,39.99,credit_card,North America,1
42,319,11.0,12,-0.07692307692307693,18.293730407523512,0.20534388916378032,361,1,63.0,8.0,1.0,2.1499103139013456,3.5,39.01253968253968,2457.79,28.227133210558627,6,2.030255139914103,0.24342442916833498,0.9652466367713004,29.303547963206306,1,7.0,0,Basic,Monthly,9.99,paypal,Europe,0
43,274,17.0,19,-0.1,15.462408759124086,0.009749006686694466,291,2,32.0,2.0,2.0,2.0858244111349036,0.0,39.982499999999995,1279.4399999999998,0.7348737494044784,6,1.0218995673201248,0.2279435840704919,1.0,15.341655716162943,2,1.0,0,Premium,Annual,39.99,credit_card,North America,0
44,426,8.0,15,-0.4375,21.86079812206573,-0.27533783783783783,434,7,30.0,1.0,2.0,1.3941984732824428,-0.3333333333333333,49.69566666666666,1490.87,1.3755093287583102,6,0.9004176033404944,0.2641933102112583,1.0,21.517739816031536,7,2.0,0,Standard,Monthly,19.99,credit_card,North America,1
45,589,24.0,20,0.19047619047619047,20.76044142614601,0.09874361994503345,606,1,72.0,4.0,1.0,2.46533183352081,1.5,39.119166666666665,2816.58,56.13740458015267,6,0.8265277722397586,0.25025783563529314,1.0,29.204993429697765,1,3.0,0,Basic,Annual,9.99,credit_card,Asia,0
46,647,20.0,19,0.05,30.195054095826894,-0.031393312101910965,661,2,39.0,0.0,1.0,1.1931256281407034,-0.5,30.29128205128205,1181.36,0.0,6,0.9421780366778286,0.2451984870445339,1.0,32.68725361366623,2,4.0,0,Standard,Monthly,19.99,bank_transfer,North America,0
47,54,12.0,14,-0.13333333333333333,38.68518518518518,0.09783677482792533,62,5,6.0,0.0,1.0,1.2861971830985914,-0.5,47.74,286.44,0.0,6,1.3742360023532834,0.25309114165216134,1.0,4.664914586070959,5,3.0,0,Premium,Monthly,39.99,credit_card,Europe,1
48,574,20.0,22,-0.08695652173913043,25.24547038327526,-0.01851289833080428,583,1,33.0,0.0,0.0,1.2205589307411908,0.0,39.31424242424242,1297.37,0.0,6,0.7593716578134043,0.2422706452202661,1.0,27.036793692509853,1,8.0,0,Basic,Monthly,9.99,credit_card,North America,0
49,219,17.0,11,0.5,41.010958904109586,0.04927228623408113,231,1,20.0,2.0,1.0,1.5258145363408522,0.5,40.968,819.36,-0.03174603174603185,6,1.065012204987509,0.23175424630953093,1.0,13.107752956636006,1,4.0,0,Basic,Annual,9.99,apple_pay,Europe,0
50,414,17.0,18,-0.05263157894736842,23.89057971014493,0.09295015716210141,446,2,60.0,2.0,5.0,2.1411488862837045,-0.5,40.54933333333334,2432.96,-0.627217980428003,6,1.3436386848692898,0.24860802526550116,1.0,28.02233902759527,2,3.0,0,Premium,Monthly,39.99,bank_transfer,Europe,0
51,224,12.0,8,0.4444444444444444,30.377232142857142,-0.1229606048547553,261,2,49.0,1.0,2.0,2.0860979020979022,-0.3333333333333333,39.39224489795919,1930.22,-0.653822249844624,6,2.188676070208411,0.27382739667931627,0.9790209790209791,23.488830486202364,2,11.0,0,Basic,Monthly,9.99,bank_transfer,North America,0
52,712,18.0,23,-0.20833333333333334,40.470224719101125,0.004126126126126068,723,1,36.0,0.0,2.0,1.039696394686907,-0.6666666666666666,33.27027777777778,1197.73,0.0,6,0.827117936742629,0.2571585848324856,1.0,34.62549277266754,1,9.0,0,Standard,Monthly,19.99,apple_pay,North America,0
53,317,7.0,12,-0.38461538461538464,37.16498422712934,-0.07250538406317301,364,4,56.0,1.0,0.0,1.618841405508072,1.0,40.878035714285716,2289.17,0.0,6,2.3549596696300155,0.22989940334396988,0.9572649572649573,34.59264126149803,4,10.0,0,Standard,Annual,19.99,apple_pay,North America,0
54,269,14.0,10,0.36363636363636365,30.500371747211897,0.10161651572694537,278,3,16.0,1.0,0.0,0.8807233273056059,1.0,38.168124999999996,610.6899999999999,0.0,6,1.421805137420039,0.2442673638736544,0.9873417721518988,18.166885676741128,3,4.0,0,Standard,Monthly,19.99,paypal,Europe,0
55,177,7.0,11,-0.3333333333333333,25.424858757062147,-0.5056300793106825,188,5,16.0,0.0,1.0,1.0704175824175823,-0.5,139.99,2239.84,0.0,6,1.938461570055497,0.3095417940273957,0.9384615384615385,14.947437582128778,5,3.0,0,Standard,Monthly,19.99,paypal,South America,1
56,118,16.0,23,-0.2916666666666667,31.620338983050846,-0.031740664995381945,119,2,5.0,2.0,0.0,0.8408839779005525,2.0,26.624000000000002,133.12,0.0,6,0.7815506266441239,0.1980399380254607,1.0,5.946123521681997,2,3.0,0,Standard,Monthly,19.99,bank_transfer,Europe,0
57,93,19.0,21,-0.09090909090909091,37.921505376344086,-0.04877643876045239,94,1,6.0,1.0,1.0,1.2953191489361702,0.0,28.80333333333333,172.82,0.8881966078227759,6,0.8800155126347453,0.22202718502676552,1.0,4.6320630749014455,1,1.0,0,Standard,Monthly,19.99,credit_card,North America,1
58,555,15.0,17,-0.1111111111111111,21.476936936936937,0.07845793610971735,566,1,19.0,0.0,0.0,0.5545158197507191,0.0,44.896842105263154,853.04,0.0,6,1.2143232922830451,0.24850107261219823,1.0,34.26412614980289,1,13.0,0,Basic,Monthly,9.99,paypal,Europe,0
59,204,8.0,13,-0.35714285714285715,19.708333333333332,-0.18223542116630664,211,2,24.0,1.0,1.0,1.5677253218884122,0.0,67.85666666666667,1628.56,6.567099567099567,6,1.826964433989398,0.28495574196212314,0.9914163090128756,15.308804204993429,2,4.0,0,Basic,Annual,9.99,paypal,South America,1
60,523,16.0,14,0.13333333333333333,30.109751434034415,-0.09610935856992645,538,1,36.0,0.0,2.0,1.164548352816153,-0.6666666666666666,36.86666666666667,1327.2,0.0,6,1.1770206376129981,0.2538887044799101,1.0,30.913272010512483,1,7.0,0,Basic,Monthly,9.99,paypal,North America,0
61,364,14.0,20,-0.2857142857142857,22.013461538461538,-0.040807480339339855,375,4,31.0,1.0,3.0,1.5886195286195288,-0.5,25.837419354838712,800.96,-0.8414612200827785,6,1.0476627162716565,0.25268667096963365,1.0,19.513797634691194,4,9.0,0,Basic,Monthly,9.99,credit_card,North America,0
62,322,9.0,12,-0.23076923076923078,37.68788819875776,-0.07203418118699507,345,2,30.0,1.0,2.0,0.9032640949554896,-0.3333333333333333,32.087666666666664,962.63,-0.4961770623742455,6,2.1648276477173996,0.2532236312928057,0.990108803165183,33.21287779237845,2,10.0,0,Premium,Annual,39.99,credit_card,Asia,0
63,262,9.0,8,0.1111111111111111,15.994274809160306,-0.02401935372386383,303,2,43.0,2.0,3.0,1.3720335429769392,-0.25,49.50697674418605,2128.8,-0.6782258567950559,6,2.419185088331677,0.25634673280401676,0.9538784067085955,31.340341655716163,2,7.0,0,Standard,Monthly,19.99,credit_card,South America,0
64,18,10.0,8,0.2222222222222222,14.894444444444446,-0.2812209688122096,18,4,0.0,0.0,0.0,0.0,0.0,0.0,0.0,0.0,5,1.9981609191512903,0.40343640848449874,1.0,1.4783180026281209,4,0.0,0,Standard,Monthly,19.99,apple_pay,Europe,1
65,33,13.0,20,-0.3333333333333333,13.36969696969697,0.04306168000435505,34,6,2.0,2.0,0.0,1.0318644067796612,2.0,58.565,117.13,0.0,6,0.9981042636979972,0.29235987834351834,0.9491525423728814,1.938239159001314,6,0.0,0,Standard,Annual,19.99,credit_card,Asia,1
66,402,12.0,17,-0.2777777777777778,16.614925373134326,0.06183998012175417,423,2,28.0,2.0,2.0,0.9587401574803149,0.0,27.29321428571429,764.21,-0.7028749259039716,6,1.5694656092192374,0.2627170942686986,0.9921259842519685,29.204993429697765,2,11.0,0,Standard,Monthly,19.99,bank_transfer,North America,0
67,199,12.0,10,0.18181818181818182,30.705527638190954,-0.03379849564528895,210,2,15.0,1.0,2.0,0.8713740458015267,-0.3333333333333333,18.029333333333334,270.44,-0.8299164768413061,6,1.8216761140654218,0.26731958127591204,1.0,17.21419185282523,2,6.0,0,Standard,Annual,19.99,paypal,Asia,0
68,27,8.0,16,-0.47058823529411764,38.9,-0.25961963732861565,32,13,7.0,2.0,5.0,3.2284848484848485,-0.5,38.09285714285715,266.65000000000003,-0.9012269938650307,6,1.1602743464973209,0.4051126036095218,0.9545454545454545,2.1681997371879107,13,2.0,0,Basic,Annual,9.99,apple_pay,Europe,1
69,378,16.0,16,0.0,30.63095238095238,0.0550656055065606,388,2,26.0,1.0,2.0,1.133868194842407,-0.3333333333333333,37.441923076923075,973.49,-0.8076923076923076,6,1.2294555561333245,0.238176484559079,1.0,22.93035479632063,2,2.0,0,Premium,Annual,39.99,credit_card,North America,0
70,153,5.0,13,-0.5714285714285714,15.876470588235293,-0.08480902777777789,173,6,24.0,0.0,2.0,1.3995402298850577,-0.6666666666666666,28.39,681.36,0.0,6,2.4363165875747517,0.2435398340562194,0.9386973180076629,17.1484888304862,6,2.0,0,Standard,Annual,19.99,paypal,Europe,0
71,21,2.0,4,-0.4,29.009523809523813,-0.4815533980582524,27,3,4.0,1.0,1.0,0.97408,0.0,8.8675,35.47,-0.6700507614213197,5,4.225381184443145,0.30888005891527215,0.728,4.106438896189225,3,2.0,0,Standard,Monthly,19.99,paypal,South America,1
72,351,15.0,13,0.14285714285714285,17.273219373219373,-0.13639095779432905,368,3,26.0,0.0,2.0,1.3505802047781572,-0.6666666666666666,51.603846153846156,1341.7,0.0,6,0.9735181180866175,0.2455573419909634,1.0,19.250985545335084,3,7.0,0,Standard,Monthly,19.99,credit_card,North America,0
73,386,16.0,15,0.0625,19.60958549222798,-0.08213825330325492,440,2,79.0,2.0,4.0,2.585763440860215,-0.4,45.24962025316456,3574.7200000000003,0.31198894391339405,6,1.661236616761183,0.26045741542295053,1.0,30.55190538764783,2,6.0,0,Standard,Monthly,19.99,credit_card,Europe,0
74,204,21.0,21,0.0,13.682843137254903,-0.1114722131946701,206,1,12.0,2.0,1.0,1.281684210526316,0.5,56.859166666666674,682.3100000000001,5.1444582814445825,6,0.7813892152385116,0.2502405697392788,1.0,9.362680683311432,1,4.0,0,Basic,Monthly,9.99,credit_card,North America,0
75,100,8.0,11,-0.25,20.445,-0.1925575352635486,118,2,21.0,4.0,3.0,2.0293333333333337,0.25,30.54714285714286,641.49,0.1736467799288817,6,2.2962828276671337,0.22510703439422222,0.9777777777777777,10.348226018396845,2,4.0,0,Standard,Monthly,19.99,paypal,North America,0
76,362,15.0,20,-0.23809523809523808,30.331767955801105,0.09119927040583692,378,3,29.0,2.0,1.0,1.0088685714285714,0.5,34.970689655172414,1014.15,3.710059171597633,6,1.7810241310116433,0.248456301252348,0.984,28.74507227332457,3,0.0,0,Standard,Monthly,19.99,paypal,Asia,0
77,255,8.0,14,-0.4,42.69176470588235,-0.29831267217630847,274,1,26.0,0.0,0.0,1.3256951423785597,0.0,30.420384615384616,790.9300000000001,0.0,6,1.6958525144940373,0.25651247703392405,0.9849246231155778,19.612352168199735,1,4.0,0,Standard,Monthly,19.99,bank_transfer,North America,0
78,278,8.0,10,-0.18181818181818182,36.682733812949635,0.14896483267158245,319,5,60.0,0.0,1.0,1.9702265372168286,-0.5,37.976,2278.56,0.0,6,2.356800934361595,0.2420855405209936,0.9514563106796118,30.453350854139288,5,0.0,0,Basic,Annual,9.99,credit_card,North America,0
79,419,22.0,18,0.21052631578947367,29.681145584725535,-0.09928948806704312,433,2,27.0,0.0,1.0,1.039039190897598,-0.5,35.09111111111111,947.4599999999999,0.0,6,1.2486458248752315,0.24847740521942766,1.0,25.985545335085412,2,10.0,0,Basic,Annual,9.99,credit_card,Asia,0
80,449,13.0,15,-0.125,27.896659242761693,0.18385515654696413,490,5,67.0,2.0,0.0,2.153621964097149,2.0,41.90417910447761,2807.58,0.0,6,1.2474151086884788,0.24721480926757322,0.9904963041182683,31.110381077529563,5,2.0,0,Standard,Monthly,19.99,credit_card,South America,0
81,425,9.0,16,-0.4117647058823529,21.682823529411767,-0.2593511056003307,434,2,14.0,0.0,0.0,0.5727956989247313,0.0,40.02928571428571,560.41,0.0,6,1.128504482770548,0.28030707571527874,0.9973118279569891,24.441524310118265,2,5.0,0,Basic,Monthly,9.99,paypal,North America,1
82,674,17.0,18,-0.05263157894736842,20.547922848664687,-0.04666423090975524,691,1,61.0,2.0,1.0,1.833010858835143,0.5,41.48901639344262,2530.83,-0.3701907533139347,6,0.8168520173144064,0.2520715280652178,1.0,33.27858081471748,1,3.0,0,Standard,Monthly,19.99,credit_card,Asia,0
83,589,14.0,17,-0.16666666666666666,43.88013582342954,-0.2770228416569881,602,2,28.0,0.0,1.0,0.8962355415352261,-0.5,22.02392857142857,616.67,0.0,6,0.998745746979867,0.2581596803005101,1.0,31.24178712220762,2,4.0,0,Premium,Monthly,39.99,credit_card,North America,1
84,348,13.0,18,-0.2631578947368421,16.70316091954023,-0.3010467793076488,357,1,25.0,2.0,0.0,1.2475409836065574,2.0,46.022,1150.55,0.0,6,1.0395258636541407,0.2708962198445208,1.0,20.039421813403415,1,1.0,0,Standard,Monthly,19.99,credit_card,South America,1
85,94,13.0,13,0.0,26.085106382978722,-0.10557500673309979,102,3,6.0,0.0,0.0,0.6067774086378738,0.0,26.346666666666668,158.08,0.0,6,2.5860248940169246,0.20852896526360454,0.9534883720930233,9.888304862023652,3,2.0,0,Standard,Monthly,19.99,credit_card,North America,0
86,421,15.0,19,-0.2,22.631353919239903,-0.10316495493607215,439,4,35.0,0.0,1.0,1.5329496402877698,-0.5,36.744571428571426,1286.06,0.0,6,0.9766855764867116,0.24568986162905304,0.9870503597122302,22.831800262812088,4,4.0,0,Standard,Monthly,19.99,paypal,Asia,0
87,74,21.0,18,0.15789473684210525,33.83108108108108,-0.0006688068485819776,77,1,9.0,1.0,3.0,2.2830000000000004,-0.5,29.900000000000002,269.1,-0.5442660930001655,6,0.9568772309380758,0.2186795545935662,1.0,3.9421813403416555,1,0.0,0,Basic,Annual,9.99,credit_card,Asia,0
88,376,19.0,21,-0.09090909090909091,26.498138297872337,-0.1553626333875928,394,3,38.0,2.0,1.0,1.7446757164404225,0.5,22.17578947368421,842.68,2.8481459682165973,6,1.0246988774148689,0.2492547900840366,1.0,21.780551905387647,3,4.0,0,Premium,Monthly,39.99,bank_transfer,North America,0
89,257,6.0,17,-0.6111111111111112,40.34708171206226,0.013263023330137439,271,1,21.0,0.0,0.0,1.1097916666666667,0.0,51.33047619047619,1077.94,0.0,6,1.511373194465158,0.2575527163454469,0.9965277777777777,18.922470433639948,1,6.0,0,Basic,Annual,9.99,paypal,North America,0
90,38,2.0,8,-0.6666666666666666,34.805263157894736,-0.36986301369863017,40,13,3.0,0.0,0.0,0.6341666666666667,0.0,22.47,67.41,0.0,6,2.5801589046044136,0.2917199527740699,0.923611111111111,4.730617608409987,13,0.0,0,Basic,Annual,9.99,credit_card,North America,1
91,409,13.0,11,0.16666666666666666,29.990464547677263,-0.0667386563340322,451,3,62.0,1.0,0.0,1.9456494845360826,1.0,29.90016129032258,1853.81,0.0,6,1.5969238555874916,0.24921066987141297,0.9886597938144329,31.865965834428383,3,5.0,0,Standard,Monthly,19.99,apple_pay,Europe,0
92,289,13.0,16,-0.17647058823529413,25.791695501730104,0.044495446805360044,295,2,14.0,1.0,1.0,0.7692418772563178,0.0,54.080714285714286,757.13,-0.9175544794188861,6,1.246275591956415,0.24129965739482417,1.0,18.199737187910642,2,4.0,0,Standard,Annual,19.99,bank_transfer,Asia,0
93,108,22.0,16,0.35294117647058826,20.675,0.10130495444970306,110,2,4.0,1.0,0.0,0.712046783625731,1.0,17.9175,71.67,0.0,6,0.8973854877128303,0.24773660476755224,1.0,5.617608409986859,2,0.0,0,Basic,Monthly,9.99,paypal,Oceania,0
94,662,16.0,21,-0.22727272727272727,16.684743202416918,0.18028551745254118,695,2,76.0,2.0,0.0,2.142074074074074,2.0,26.60828947368421,2022.23,0.0,6,0.9239732922508782,0.25140008298985256,1.0,35.4796320630749,2,11.0,0,Standard,Monthly,19.99,credit_card,North America,0
95,51,7.0,15,-0.5,20.462745098039214,-0.3589306998127022,55,4,6.0,2.0,2.0,1.5477966101694915,0.0,36.528333333333336,219.17000000000002,1.4975236380009003,6,1.8699880603661483,0.2974433955594894,1.0,3.876478318002628,4,1.0,0,Premium,Monthly,39.99,apple_pay,Europe,1
96,34,10.0,15,-0.3125,34.55588235294118,-0.29651262669644385,36,1,3.0,1.0,2.0,1.2683333333333333,-0.3333333333333333,82.35333333333334,247.06,5.6422215403498,6,1.7986923354612534,0.37635680147084427,1.0,2.3653088042049935,1,0.0,0,Premium,Annual,39.99,bank_transfer,North America,1
97,262,8.0,9,-0.1,33.18015267175573,0.01646648585819447,288,6,41.0,2.0,1.0,1.5109443099273607,0.5,33.84170731707317,1387.51,1.8788819875776392,6,2.464647335648781,0.26406270016747474,0.923728813559322,27.135348226018397,6,3.0,0,Standard,Annual,19.99,bank_transfer,Asia,0
98,334,14.0,16,-0.11764705882352941,42.05419161676647,-0.024060986262209125,373,5,64.0,3.0,2.0,2.358547215496368,0.3333333333333333,44.090312499999996,2821.7799999999997,0.05278538812785389,6,1.6128375055445219,0.26800584518339976,0.9830508474576272,27.135348226018397,5,8.0,0,Basic,Monthly,9.99,bank_transfer,North America,0
99,116,14.0,10,0.36363636363636365,22.336206896551722,-0.07940758552847312,121,2,14.0,1.0,0.0,1.3193808049535605,1.0,32.128571428571426,449.8,0.0,6,1.821133331374795,0.2353082398308537,1.0,10.611038107752956,2,1.0,0,Basic,Monthly,9.99,bank_transfer,Europe,0
100,196,20.0,20,0.0,20.903061224489797,0.07152713891444323,201,2,14.0,2.0,1.0,1.3926797385620915,0.5,45.291428571428575,634.08,1.6178535606820463,6,0.9348635457895612,0.23671895150425937,1.0,10.052562417871222,2,1.0,0,Premium,Monthly,39.99,paypal,North America,0
101,351,21.0,19,0.1,44.760968660968665,0.019253721784593458,356,1,35.0,2.0,1.0,2.1308,0.5,32.393142857142855,1133.76,5.234177215189874,6,0.7240593593872601,0.2448749815318664,1.0,16.4257555847569,1,0.0,0,Basic,Monthly,9.99,credit_card,Asia,0
102,640,20.0,25,-0.19230769230769232,18.4796875,-0.021505925623212064,651,1,45.0,4.0,1.0,1.5287946428571428,1.5,30.337777777777777,1365.2,17.91127819548872,6,0.705092466975712,0.25106132339425347,1.0,29.43495400788436,1,11.0,0,Basic,Monthly,9.99,paypal,Oceania,0
103,37,11.0,15,-0.25,19.98108108108108,-0.2675557974959172,41,1,6.0,1.0,4.0,2.052134831460674,-0.6,37.40333333333333,224.42,-0.646630615640599,6,1.6777197590013626,0.37728681169959466,1.0,2.923784494086728,1,1.0,0,Basic,Annual,9.99,credit_card,North America,1
104,235,14.0,15,-0.0625,40.407659574468084,-0.1782820097244733,251,1,24.0,0.0,2.0,1.3915428571428574,-0.6666666666666666,55.26500000000001,1326.3600000000001,0.0,6,1.5467234444640117,0.2527676967127002,1.0,17.24704336399474,1,3.0,0,Basic,Monthly,9.99,paypal,North America,0
105,351,18.0,24,-0.24,43.54757834757835,-0.027057497181510612,356,1,19.0,1.0,0.0,1.1684040404040403,1.0,50.8421052631579,966.0,0.0,6,0.7821718421435012,0.2514606193993358,1.0,16.26149802890933,1,2.0,0,Standard,Monthly,19.99,bank_transfer,North America,0
106,43,19.0,15,0.25,28.665116279069764,-0.03425343249427919,43,1,0.0,0.0,0.0,0.0,0.0,0.0,0.0,0.0,6,1.3702073056274697,0.2535724271683487,1.0,2.7923784494086727,1,0.0,0,Standard,Annual,19.99,paypal,Europe,0
107,229,17.0,12,0.38461538461538464,19.326200873362446,0.04508531865016616,234,1,20.0,3.0,2.0,1.6454054054054055,0.3333333333333333,38.697500000000005,773.95,-0.7673671099682591,6,1.0102515815888182,0.2666224010179979,1.0,12.155059132720105,1,2.0,0,Basic,Annual,9.99,credit_card,Europe,0
108,101,12.0,12,0.0,43.26138613861386,0.13884364820846917,110,4,9.0,1.0,1.0,0.8455555555555556,0.0,35.41555555555556,318.74,10.396088019559901,6,2.3354802995738564,0.23548695381790535,0.9722222222222222,10.64388961892247,4,3.0,0,Basic,Monthly,9.99,apple_pay,Europe,0
109,599,18.0,22,-0.17391304347826086,21.263439065108514,0.021645919778699795,624,1,64.0,1.0,3.0,2.157430786267996,-0.5,45.5284375,2913.82,-0.6598564329099944,6,0.7500789193569648,0.24640360100161496,1.0,29.664914586070957,1,7.0,0,Basic,Monthly,9.99,credit_card,Europe,0
110,258,15.0,19,-0.2,31.144573643410855,-0.042677194961458845,266,1,36.0,2.0,5.0,3.010549450549451,-0.5,32.80722222222222,1181.06,-0.8259559744675773,6,0.7010773380749545,0.24798245539618516,1.0,11.957950065703022,1,0.0,0,Basic,Monthly,9.99,apple_pay,North America,0
111,24,6.0,9,-0.3,27.829166666666666,-0.4988767650834404,24,11,3.0,2.0,0.0,1.1274074074074074,2.0,38.593333333333334,115.78,0.0,6,2.558408596267325,0.4305892504959618,0.9506172839506173,2.6609724047306176,11,0.0,0,Standard,Monthly,19.99,credit_card,North America,1
112,281,15.0,16,-0.058823529411764705,40.05444839857651,0.008590743629745181,292,2,21.0,3.0,2.0,1.3957205240174673,0.3333333333333333,40.66380952380952,853.9399999999999,-0.6853537284894837,6,0.9921125126841143,0.2429807485008606,1.0,15.045992115637318,2,4.0,0,Standard,Monthly,19.99,credit_card,North America,0
113,159,10.0,12,-0.15384615384615385,12.674842767295598,0.056287425149700594,172,4,25.0,2.0,1.0,2.2122093023255816,0.5,17.7232,443.08,-0.4237859712230215,6,1.426589120506619,0.2839674981550675,0.9970930232558138,11.300919842312746,4,2.0,0,Basic,Annual,9.99,credit_card,Europe,0
114,390,20.0,15,0.3125,19.968461538461536,-0.0005374692874692896,395,1,29.0,0.0,1.0,1.5568959435626102,-0.5,38.12034482758621,1105.49,0.0,6,0.6969831492878704,0.2566252572260474,1.0,18.626806833114323,1,2.0,0,Standard,Annual,19.99,credit_card,North America,0
115,261,12.0,13,-0.07142857142857142,22.605747126436782,0.025729646697388475,268,1,19.0,6.0,0.0,1.0327857142857142,6.0,23.84263157894737,453.01,0.0,6,1.2900124963403046,0.2751493180079316,1.0,18.396846254927727,1,2.0,0,Standard,Monthly,19.99,credit_card,South America,0
116,50,10.0,14,-0.26666666666666666,16.074,-0.2849958779884584,53,3,4.0,1.0,0.0,1.148679245283019,1.0,24.5525,98.21,0.0,6,1.4883914809630288,0.3540042399064288,1.0,3.4822601839684624,3,0.0,0,Basic,Monthly,9.99,credit_card,South America,1
117,185,27.0,24,0.12,24.945405405405403,-0.06405061491433862,186,1,7.0,0.0,0.0,0.835607843137255,0.0,53.160000000000004,372.12,0.0,6,0.7195441826512871,0.2402785502031173,1.0,8.377135348226018,1,1.0,0,Basic,Monthly,9.99,credit_card,Europe,0
118,377,6.0,11,-0.4166666666666667,24.66816976127321,0.03633753037331563,411,7,40.0,2.0,3.0,1.2323886639676114,-0.25,42.25575,1690.23,-0.11858037578288096,6,1.746654538040627,0.24859670001505027,0.9848178137651822,32.45729303547963,7,7.0,0,Basic,Annual,9.99,paypal,North America,0
119,515,18.0,19,-0.05,35.89359223300971,-0.011151862823466691,538,2,48.0,0.0,0.0,1.6989767441860466,0.0,31.334999999999997,1504.08,0.0,6,0.9746002992767282,0.2451821930733257,1.0,28.252299605781864,2,12.0,0,Premium,Monthly,39.99,paypal,Oceania,0
120,371,15.0,23,-0.3333333333333333,18.840700808625336,-0.16881499726327318,377,1,19.0,0.0,2.0,0.9753119730185499,-0.6666666666666666,25.360526315789475,481.85,0.0,6,1.0223044473045801,0.25298038133671774,1.0,19.48094612352168,1,7.0,0,Basic,Annual,9.99,paypal,North America,0
121,211,12.0,16,-0.23529411764705882,39.073459715639814,0.07766743060860713,222,1,19.0,0.0,2.0,1.1851639344262295,-0.6666666666666666,22.95684210526316,436.18,0.0,6,1.6866280293591684,0.2430492283510353,1.0,16.031537450722734,1,5.0,0,Basic,Monthly,9.99,credit_card,North America,0
122,56,10.0,12,-0.15384615384615385,22.726785714285715,-0.2029850746268656,60,6,5.0,2.0,0.0,1.4634615384615386,2.0,24.842,124.21,0.0,6,1.267772544207242,0.3835082593826095,1.0,3.416557161629435,6,0.0,0,Standard,Monthly,19.99,bank_transfer,Europe,1
123,366,14.0,4,2.0,16.591803278688527,0.33299798792756535,394,3,43.0,3.0,2.0,1.2870403146509342,0.3333333333333333,43.572325581395354,1873.6100000000001,-0.8953715127154058,6,2.0663269633552717,0.25606164571418105,0.9773844641101279,33.40998685939553,3,2.0,0,Basic,Monthly,9.99,apple_pay,North America,0
124,19,6.0,10,-0.36363636363636365,37.16842105263158,-0.027559055118110347,25,6,5.0,2.0,2.0,1.9766233766233767,0.0,12.108,60.54,-0.22569198012775016,6,1.8336626845141692,0.25346521565668934,1.0,2.5295663600525624,6,3.0,0,Basic,Annual,9.99,bank_transfer,Europe,0
125,249,3.0,5,-0.3333333333333333,31.300401606425705,0.10702012763868418,303,14,66.0,1.0,0.0,2.137276595744681,1.0,37.04454545454546,2444.94,0.0,6,2.53803436663864,0.23539624283736443,0.9457446808510639,30.880420499342968,14,17.0,0,Basic,Monthly,9.99,credit_card,Europe,1
126,182,21.0,26,-0.18518518518518517,21.482417582417582,0.05927370948379355,189,1,22.0,2.0,2.0,2.6680478087649404,0.0,25.36818181818182,558.1,2.000870511425462,6,0.6425527582263849,0.24768231048570527,1.0,8.245729303547963,1,0.0,0,Basic,Annual,9.99,credit_card,Europe,0
127,447,20.0,23,-0.125,33.48859060402685,0.047649173256649864,456,2,35.0,2.0,4.0,1.6830963665086887,-0.4,27.584857142857143,965.47,0.2879852125693162,6,0.7767560453647895,0.25071143911597565,1.0,20.795006570302235,2,2.0,0,Standard,Monthly,19.99,bank_transfer,Oceania,0
128,555,13.0,16,-0.17647058823529413,34.76846846846847,0.09566857079474243,568,2,23.0,1.0,2.0,0.6777541142303969,-0.3333333333333333,32.18782608695653,740.32,-0.314784506273868,6,1.2371525222424142,0.2503005852352325,1.0,33.93561103810775,2,8.0,0,Basic,Annual,9.99,paypal,Europe,0
129,105,19.0,22,-0.13043478260869565,33.37904761904762,0.0050061608871676015,106,1,3.0,1.0,1.0,0.617027027027027,0.0,15.686666666666667,47.06,1.8981571290009698,6,0.7402603244706203,0.20983157697294558,0.9932432432432433,4.862023653088042,1,0.0,0,Standard,Monthly,19.99,apple_pay,North America,1
130,438,15.0,11,0.3333333333333333,29.143835616438356,0.07959141129872832,482,5,74.0,2.0,3.0,2.373614330874605,-0.25,37.1077027027027,2745.9700000000003,0.33905683192261193,6,1.3672710071269734,0.24827824634617002,0.9957850368809272,31.176084099868593,5,3.0,0,Basic,Monthly,9.99,paypal,Asia,0
131,359,22.0,19,0.15,27.234818941504177,0.24090646903567492,371,2,41.0,3.0,4.0,2.400076923076923,-0.2,33.274146341463414,1364.24,-0.6666037913797982,6,0.759041788783758,0.24810373106005434,1.0,17.082785808147175,2,1.0,0,Standard,Annual,19.99,bank_transfer,Europe,0
132,44,14.0,22,-0.34782608695652173,22.370454545454546,-0.38602729435332417,46,1,6.0,4.0,0.0,2.572394366197183,4.0,45.87,275.21999999999997,0.0,6,0.9898474527915802,0.46633070442382113,1.0,2.3324572930354797,1,0.0,0,Standard,Monthly,19.99,credit_card,Asia,1
133,566,16.0,15,0.0625,38.4708480565371,0.04776571085164828,588,2,33.0,1.0,1.0,0.9353072625698325,0.0,45.74454545454545,1509.57,12.973389355742297,6,1.2902721526963061,0.252389081218284,0.9906890130353818,35.282522996057814,2,12.0,0,Standard,Annual,19.99,credit_card,North America,0
134,50,10.0,16,-0.35294117647058826,37.442,0.17533437554281733,54,1,7.0,0.0,3.0,1.639076923076923,-0.75,31.014285714285712,217.1,0.0,6,1.9952774432323181,0.27196144391078836,1.0,4.270696452036794,1,0.0,0,Basic,Monthly,9.99,apple_pay,Europe,0
135,101,11.0,11,0.0,14.399009900990098,-0.05561674008810561,103,2,8.0,2.0,0.0,0.9259315589353613,2.0,18.77375,150.19,0.0,6,1.8107136026241186,0.23725930086933017,1.0,8.639947437582128,2,0.0,0,Basic,Monthly,9.99,paypal,North America,0
136,347,22.0,19,0.15,16.779250720461093,-0.13828176265710962,352,2,21.0,1.0,2.0,1.1517837837837839,-0.3333333333333333,36.36380952380952,763.64,0.2619702806824437,6,0.9621996912430631,0.26575884546317724,1.0,18.232588699080157,2,2.0,0,Basic,Annual,9.99,bank_transfer,North America,0
137,169,19.0,23,-0.16666666666666666,18.062721893491123,0.012293595725648638,171,1,7.0,1.0,0.0,0.7921189591078067,1.0,110.99285714285715,776.95,0.0,6,0.9025045400612606,0.25828301793821073,1.0,8.83705650459921,1,1.0,0,Standard,Monthly,19.99,credit_card,Europe,0
138,109,9.0,7,0.25,16.527522935779817,-0.045960872414115936,127,2,31.0,5.0,0.0,2.4638120104438643,5.0,37.45483870967742,1161.1,0.0,6,2.2215824475874335,0.22430596431123748,0.9869451697127937,12.582128777923783,2,6.0,0,Standard,Monthly,19.99,credit_card,North America,0
139,539,23.0,17,0.3333333333333333,30.18756957328386,-0.07164342357123331,566,1,50.0,0.0,1.0,1.7863849765258217,-0.5,31.282200000000003,1564.1100000000001,0.0,6,0.822153717426455,0.25007407864714554,1.0,27.989487516425754,1,8.0,0,Premium,Annual,39.99,apple_pay,North America,0
140,103,6.0,11,-0.4166666666666667,43.67572815533981,-0.36747845901872817,111,3,13.0,2.0,1.0,1.2642811501597446,0.5,47.372307692307686,615.8399999999999,0.2815187749108454,6,2.251123341115296,0.2874918872429572,0.9840255591054313,10.282522996057818,3,2.0,0,Standard,Monthly,19.99,bank_transfer,Europe,1
141,481,12.0,21,-0.4090909090909091,18.56756756756757,-0.2671248568155784,495,2,35.0,1.0,0.0,1.2898305084745763,1.0,38.04342857142857,1331.52,0.0,6,0.9654840989763411,0.2532132579644775,1.0,27.135348226018397,2,4.0,0,Basic,Annual,9.99,paypal,Asia,0
142,181,19.0,11,0.6666666666666666,42.41657458563536,0.11556421146490835,187,1,9.0,2.0,0.0,0.7485245901639345,2.0,36.81333333333333,331.32,0.0,6,1.656528303864856,0.2246259350986612,0.994535519125683,12.02365308804205,1,3.0,0,Standard,Annual,19.99,credit_card,South America,0
143,266,8.0,11,-0.25,39.43421052631579,0.14776877425245372,278,1,21.0,1.0,1.0,0.8708991825613079,0.0,22.19,465.99,-0.7825311942959001,6,2.0022093170601436,0.2768568948593142,0.9918256130790191,24.113009198423125,1,2.0,0,Basic,Monthly,9.99,bank_transfer,North America,0
144,347,23.0,24,-0.04,36.800000000000004,0.11693541891521816,352,1,15.0,1.0,0.0,0.935655737704918,1.0,47.41733333333333,711.26,0.0,6,0.7077223896917357,0.2506053702912706,1.0,16.031537450722734,1,3.0,0,Standard,Annual,19.99,bank_transfer,North America,0
145,36,22.0,12,0.7692307692307693,31.42777777777778,0.0876428960261298,37,1,1.0,0.0,1.0,0.48317460317460315,-0.5,2.85,2.85,0.0,6,1.0031695800557383,0.17843876083320426,1.0,2.0696452036793693,1,2.0,0,Basic,Monthly,9.99,apple_pay,South America,0
146,119,8.0,10,-0.18181818181818182,38.656302521008406,-0.039735099337748415,121,11,4.0,0.0,0.0,0.3645508982035928,0.0,34.33,137.32,0.0,6,1.7312420049062525,0.3090136430393799,0.9640718562874251,10.972404730617608,11,4.0,0,Standard,Monthly,19.99,credit_card,North America,1
147,725,23.0,17,0.3333333333333333,13.206620689655171,-0.00020848337818881295,751,1,50.0,2.0,1.0,1.4550669216061185,0.5,51.409,2570.45,5.852440828402368,6,0.7224852031106527,0.2540109753491614,1.0,34.36268068331143,1,16.0,0,Premium,Monthly,39.99,paypal,North America,0
148,66,17.0,13,0.2857142857142857,14.510606060606062,-0.012193032552827025,77,1,16.0,5.0,0.0,3.634626865671642,5.0,32.069375,513.11,0.0,6,1.0969655114602894,0.2541668590538406,1.0,4.402102496714849,1,0.0,0,Basic,Annual,9.99,credit_card,Europe,0
149,289,18.0,15,0.1875,24.461591695501728,0.14720194647201945,308,1,38.0,1.0,4.0,2.138114602587801,-0.6,34.31578947368421,1304.0,-0.697222836910821,6,1.0788563092968009,0.24474609626275282,1.0,17.772667542706962,1,3.0,0,Basic,Annual,9.99,bank_transfer,Asia,0
150,49,9.0,15,-0.375,18.889795918367348,0.07296386662019294,53,2,6.0,1.0,3.0,1.5347899159663867,-0.5,30.735,184.41,-0.028701127544296497,6,1.545074400137671,0.2701540278860061,1.0,3.9093298291721417,2,0.0,0,Premium,Monthly,39.99,credit_card,North America,0
151,305,8.0,9,-0.1,18.835081967213114,-0.17994733924611972,331,1,37.0,1.0,1.0,1.2755152887882222,0.0,36.46405405405405,1349.17,1.76,6,1.9129917996413557,0.2590920085857767,0.9750849377123443,29.00788436268068,1,7.0,0,Standard,Monthly,19.99,apple_pay,Europe,0
152,168,12.0,22,-0.43478260869565216,28.104166666666668,-0.20825198490173108,173,3,16.0,2.0,5.0,1.5916339869281046,-0.5,28.948125,463.17,-0.7840511878665797,6,1.290414924989079,0.29910494646294666,1.0,10.052562417871222,3,2.0,0,Premium,Monthly,39.99,credit_card,Europe,1
153,556,20.0,25,-0.19230769230769232,12.707374100719425,-0.11577442827442838,565,3,34.0,1.0,2.0,1.285664596273292,-0.3333333333333333,32.311764705882354,1098.6,-0.6363295177331583,6,0.7270067784596868,0.26278817619331457,1.0,26.445466491458607,3,3.0,0,Basic,Annual,9.99,credit_card,Asia,0
154,156,6.0,9,-0.3,38.64679487179487,-0.17505551443375278,191,6,39.0,2.0,5.0,2.2107262569832407,-0.5,29.652564102564103,1156.45,-0.71883631007181,6,2.1026299321513875,0.23861964180616305,0.9776536312849162,17.641261498028907,6,4.0,0,Standard,Annual,19.99,credit_card,North America,0
155,200,15.0,16,-0.058823529411764705,39.0265,0.029193899782135088,204,3,14.0,1.0,2.0,1.228126801152738,-0.3333333333333333,17.207857142857144,240.91,0.2638888888888891,6,1.136836063246307,0.2579396029113053,1.0,11.399474375821287,3,5.0,0,Basic,Monthly,9.99,bank_transfer,Asia,0
156,703,22.0,20,0.09523809523809523,35.10654338549075,-0.012856509531550236,715,1,27.0,1.0,1.0,0.7560993560257591,0.0,34.54925925925926,932.8299999999999,-0.5676007363469012,6,0.8189420140459747,0.25788217235052974,1.0,35.709592641261494,1,10.0,0,Basic,Annual,9.99,credit_card,Asia,0
157,148,15.0,19,-0.2,26.793243243243243,-0.03166204131976559,155,2,23.0,4.0,2.0,2.73484375,0.6666666666666666,47.36304347826088,1089.3500000000001,0.3925333333333333,6,1.0332926711074322,0.23090052054957302,1.0,8.409986859395532,2,4.0,0,Standard,Monthly,19.99,apple_pay,Europe,0
158,454,17.0,21,-0.18181818181818182,31.798017621145373,0.0016405291924861487,480,1,55.0,2.0,4.0,2.293424657534247,-0.4,22.564545454545453,1241.05,-0.11357297799814056,6,0.8816111071900647,0.26065803890863803,1.0,23.98160315374507,1,8.0,0,Basic,Monthly,9.99,credit_card,Europe,0
159,459,15.0,12,0.23076923076923078,45.40283224400872,-0.010835126149031864,486,1,45.0,1.0,2.0,1.3260406582768636,-0.3333333333333333,42.63977777777778,1918.79,-0.18971574576812522,6,1.6107994783739195,0.23945919284007225,0.9757986447241045,33.93561103810775,1,9.0,0,Basic,Monthly,9.99,credit_card,Asia,0
160,338,15.0,9,0.6,43.69940828402367,0.013011695906432915,376,1,50.0,3.0,1.0,1.6004206098843323,1.0,35.27,1763.5,8.418195718654435,6,1.9218677783801252,0.26987273343204615,0.9936908517350157,31.24178712220762,1,4.0,0,Basic,Monthly,9.99,credit_card,North America,0
161,182,8.0,10,-0.18181818181818182,18.442857142857143,0.044881687242798285,215,11,38.0,2.0,1.0,1.7446757164404225,0.5,25.968421052631577,986.8,18.33613445378151,6,2.727551564452441,0.25810331461198094,0.8974358974358975,21.780551905387647,11,6.0,0,Basic,Monthly,9.99,paypal,South America,0
162,249,14.0,13,0.07142857142857142,33.624899598393576,-0.03442322050771544,266,1,31.0,2.0,1.0,2.0830905077262694,0.5,29.523870967741935,915.24,6.092849519743863,6,1.1577293879056347,0.25400828279120297,1.0,14.88173455978975,1,2.0,0,Basic,Annual,9.99,credit_card,Europe,1
163,214,17.0,17,0.0,42.598130841121495,0.08487590840532033,223,2,7.0,0.0,0.0,0.44953586497890297,0.0,42.01285714285715,294.09000000000003,0.0,6,1.577150497982373,0.25498949402261895,1.0,15.571616294349539,2,7.0,0,Standard,Monthly,19.99,apple_pay,Asia,0
164,314,19.0,19,0.0,39.09012738853503,0.0562211981566821,326,1,45.0,2.0,6.0,2.871698113207547,-0.5714285714285714,30.30977777777778,1363.94,1.2369898914264317,6,0.7593919695011464,0.22263448984907888,1.0,15.670170827858081,1,1.0,0,Standard,Monthly,19.99,credit_card,North America,0
165,591,22.0,18,0.21052631578947367,17.5336717428088,-0.001133327936533554,618,1,56.0,2.0,0.0,1.6961592039800995,2.0,33.23107142857143,1860.94,0.0,6,0.9906342231597005,0.26410915704140964,1.0,33.01576872536137,1,3.0,0,Premium,Annual,39.99,bank_transfer,Asia,0
166,347,21.0,18,0.15789473684210525,20.60172910662824,-0.0984050763162407,358,1,24.0,1.0,1.0,1.357918215613383,0.0,71.75083333333333,1722.02,0.16448681001995114,6,0.8266007580103196,0.2585104980962217,1.0,17.67411300919842,1,4.0,0,Basic,Monthly,9.99,credit_card,North America,0
167,355,17.0,12,0.38461538461538464,17.220000000000002,-0.043971781679308514,359,1,8.0,2.0,0.0,0.3650974512743628,2.0,79.455,635.64,0.0,6,1.2136648998323303,0.2660042283336161,1.0,21.911957950065702,1,2.0,0,Premium,Annual,39.99,credit_card,North America,0
168,104,21.0,20,0.047619047619047616,26.403846153846153,-0.08811424604552008,107,1,16.0,3.0,3.0,2.7208938547486032,0.0,50.55,808.8,-0.03704051894331106,6,0.9211501073199925,0.25691342658362687,1.0,5.88042049934297,1,1.0,0,Premium,Monthly,39.99,bank_transfer,North America,0
169,315,18.0,16,0.11764705882352941,18.35809523809524,-0.1755385320500228,318,2,17.0,1.0,0.0,1.1152586206896553,1.0,57.621764705882356,979.57,0.0,6,0.8617671696195145,0.26327031833523595,1.0,15.243101182654401,2,1.0,0,Basic,Monthly,9.99,paypal,South America,0
170,82,6.0,14,-0.5333333333333333,19.979268292682928,-0.3061728395061729,89,2,7.0,1.0,0.0,0.9819354838709677,1.0,21.447142857142858,150.13,0.0,6,1.610279154391536,0.28428492386614107,1.0,7.128777923784494,2,2.0,0,Basic,Annual,9.99,credit_card,South America,1
171,190,20.0,14,0.4,17.420526315789473,0.10702389572773356,198,1,11.0,1.0,0.0,0.9173698630136987,1.0,56.50545454545455,621.5600000000001,0.0,6,1.3579536526934037,0.2530132072220953,1.0,11.990801576872535,1,8.0,0,Basic,Monthly,9.99,paypal,Europe,0
172,331,18.0,18,0.0,32.80936555891238,0.02282195254482881,340,1,17.0,1.0,5.0,0.6720519480519481,-0.6666666666666666,52.81294117647059,897.82,-0.6494238156209987,6,1.611814915419519,0.24723259284099366,1.0,25.29566360052562,1,6.0,0,Premium,Monthly,39.99,credit_card,Asia,0
173,517,18.0,20,-0.09523809523809523,40.43249516441006,0.03641456582633047,532,1,33.0,0.0,1.0,1.1817882352941176,-0.5,28.26666666666667,932.8000000000001,0.0,6,0.974736850829928,0.25082127956026506,1.0,27.92378449408673,1,14.0,0,Standard,Monthly,19.99,credit_card,Europe,0
174,215,17.0,19,-0.1,25.07395348837209,-0.13110017606428603,221,1,10.0,0.0,0.0,0.7145539906103286,0.0,48.301,483.01,0.0,6,1.359620487667672,0.23016503061667543,1.0,13.994743758212877,1,2.0,0,Premium,Monthly,39.99,credit_card,Asia,0
175,131,8.0,8,0.0,17.782442748091604,0.033921302578018994,143,4,18.0,0.0,2.0,1.3801511335012595,-0.6666666666666666,36.95166666666667,665.13,0.0,6,1.8600522106518982,0.2589015903386604,0.9697732997481108,13.042049934296976,4,1.0,0,Premium,Monthly,39.99,bank_transfer,North America,0
176,60,10.0,15,-0.3125,39.135,-0.4137419673751854,62,4,4.0,0.0,1.0,1.106909090909091,-0.5,30.745,122.98,0.0,6,1.4157583073037054,0.38120172118203477,0.9545454545454546,3.6136662286465175,4,0.0,0,Basic,Monthly,9.99,credit_card,Asia,1
177,515,20.0,22,-0.08695652173913043,36.62233009708738,0.1013357619914998,527,2,54.0,2.0,1.0,2.236408163265306,0.5,28.837777777777777,1557.24,-0.257085020242915,6,0.7603733704583975,0.24548934665793418,1.0,24.14586070959264,2,1.0,0,Basic,Monthly,9.99,bank_transfer,Asia,0
178,114,10.0,6,0.5714285714285714,20.769298245614035,-0.03310961968680083,126,1,19.0,1.0,1.0,1.4495238095238094,0.0,46.90052631578947,891.1099999999999,0.2349397590361445,6,2.935829827185757,0.24871473857754184,0.8771929824561403,13.107752956636006,1,2.0,0,Basic,Monthly,9.99,paypal,North America,0
179,394,10.0,12,-0.15384615384615385,43.34720812182741,-0.22902116880767137,429,2,60.0,0.0,1.0,2.1768772348033374,-0.5,27.8245,1669.47,0.0,6,1.3662590341460972,0.26415372766944106,0.9928486293206198,27.562417871222074,2,7.0,0,Standard,Monthly,19.99,credit_card,North America,0
180,49,14.0,10,0.36363636363636365,25.54285714285714,-0.048777878804086336,54,1,5.0,2.0,0.0,1.2373983739837398,2.0,66.304,331.52,0.0,6,1.6359530938872084,0.244771610954635,1.0,4.040735873850197,1,0.0,0,Basic,Monthly,9.99,credit_card,Asia,0
181,126,4.0,8,-0.4444444444444444,22.626190476190477,-0.02107164358819988,136,2,12.0,0.0,1.0,0.7738983050847458,-0.5,86.32,1035.84,0.0,6,3.2685749325282782,0.27031840456351947,0.9046610169491525,15.505913272010512,2,5.0,0,Standard,Monthly,19.99,credit_card,Asia,0
182,164,14.0,19,-0.25,24.440243902439022,-0.11024873030342489,166,5,6.0,0.0,2.0,0.57075,-0.6666666666666666,21.528333333333332,129.17,0.0,6,1.2889031185764612,0.2567612161920485,1.0,10.512483574244415,5,2.0,0,Basic,Monthly,9.99,paypal,North America,0
183,287,13.0,12,0.07692307692307693,19.68466898954704,0.05434656115442791,311,1,23.0,1.0,1.0,0.8527649208282583,0.0,20.557391304347824,472.82,-0.6895565092989986,6,1.8978507192458574,0.26802763082004066,0.9890377588306942,26.971090670170828,1,12.0,0,Premium,Annual,39.99,credit_card,North America,0
184,182,9.0,11,-0.16666666666666666,22.072527472527472,-0.023125342090859317,201,4,36.0,5.0,1.0,2.6029453681710213,2.0,35.30916666666667,1271.13,11.80193661971831,6,1.6756008447583133,0.2392842015361033,0.9809976247030878,13.830486202365309,4,5.0,0,Basic,Monthly,9.99,bank_transfer,Asia,0
185,115,5.0,7,-0.25,17.637391304347826,-0.20291970802919715,118,3,8.0,0.0,0.0,0.7291017964071856,0.0,17.1425,137.14,0.0,6,2.439935691247642,0.2702686895304424,0.9431137724550898,10.972404730617608,3,2.0,0,Standard,Monthly,19.99,paypal,Europe,1
186,35,14.0,20,-0.2857142857142857,17.68857142857143,0.04171521789792573,37,1,3.0,2.0,1.0,1.4970491803278687,0.5,11.796666666666667,35.39,3.1149110807113547,6,0.8944271909999159,0.19366041437238563,1.0,2.0039421813403417,1,0.0,0,Premium,Monthly,39.99,credit_card,South America,0
187,372,22.0,21,0.045454545454545456,17.799193548387098,-0.07076898583028166,380,2,29.0,3.0,4.0,1.6347407407407406,-0.2,25.351724137931036,735.2,-0.5708840079869305,6,0.7634083877149422,0.2237460187557065,1.0,17.73981603153745,2,8.0,0,Premium,Monthly,39.99,credit_card,Europe,0
188,67,3.0,6,-0.42857142857142855,22.1955223880597,-0.14625228519195607,75,9,11.0,0.0,0.0,1.725979381443299,0.0,19.875454545454545,218.63,0.0,6,2.544131038238012,0.30711350949097543,0.9381443298969072,6.3731931668856765,9,3.0,0,Basic,Monthly,9.99,credit_card,North America,1
189,294,12.0,11,0.08333333333333333,34.76258503401361,-0.016572605930305524,324,2,38.0,0.0,1.0,1.2163196635120928,-0.5,29.688157894736843,1128.15,0.0,6,2.250259852481096,0.24838130335819425,0.9716088328075709,31.24178712220762,2,9.0,0,Basic,Monthly,9.99,credit_card,North America,0
190,26,8.0,8,0.0,33.392307692307696,0.12229938271604934,30,1,5.0,3.0,0.0,1.3589285714285715,3.0,27.544,137.72,0.0,6,3.219399325915384,0.26765989341758056,0.9375,3.679369250985545,1,1.0,0,Premium,Annual,39.99,credit_card,North America,0
191,100,5.0,20,-0.7142857142857143,17.961,-0.24856357731701223,102,9,6.0,0.0,1.0,1.0203351955307263,-0.5,23.035,138.21,0.0,6,1.2484445768179455,0.23142518708820034,0.9776536312849161,5.88042049934297,9,3.0,0,Premium,Annual,39.99,bank_transfer,Europe,0
192,265,9.0,4,1.0,30.306037735849056,0.18895269346458857,301,5,49.0,0.0,2.0,1.7303480278422274,-0.6666666666666666,37.42857142857143,1834.0,0.0,6,2.58555070802491,0.25422545791730483,0.9338747099767982,28.318002628120894,5,3.0,0,Basic,Monthly,9.99,apple_pay,Europe,1
193,314,13.0,8,0.5555555555555556,25.16464968152866,-0.08942647458548518,330,1,23.0,0.0,0.0,0.7831319910514541,0.0,50.460869565217386,1160.6,0.0,6,2.2272856560684398,0.255617292570951,0.9865771812080537,29.369250985545335,1,3.0,0,Standard,Monthly,19.99,apple_pay,North America,0
194,321,20.0,20,0.0,44.211214953271025,-0.0991369772073467,329,1,30.0,0.0,5.0,1.9388535031847134,-0.8333333333333334,42.961,1288.83,0.0,6,0.7633108116889816,0.2578686255791747,1.0,15.473061760840999,1,7.0,0,Basic,Monthly,9.99,credit_card,Asia,0
195,272,13.0,5,1.3333333333333333,36.950367647058826,-0.022426682001150118,300,1,35.0,1.0,0.0,1.1970786516853933,1.0,33.83828571428571,1184.34,0.0,6,2.2568210947292555,0.25568126389085993,0.9595505617977529,29.23784494086728,1,5.0,0,Basic,Monthly,9.99,paypal,South America,0
196,371,10.0,12,-0.15384615384615385,40.52425876010782,0.18900958466453663,400,2,39.0,0.0,0.0,1.157076023391813,0.0,42.946666666666665,1674.92,0.0,6,1.9786043382943657,0.2610238230860326,0.9824561403508771,33.70565045992115,2,7.0,0,Standard,Monthly,19.99,credit_card,Europe,0
197,293,15.0,13,0.14285714285714285,28.935153583617748,0.019005416051206325,304,3,22.0,2.0,0.0,1.1586159169550174,2.0,27.87318181818182,613.21,0.0,6,1.2833703823880795,0.2706223958525372,0.9930795847750865,18.988173455978973,3,5.0,0,Basic,Monthly,9.99,credit_card,North America,0
198,556,22.0,11,0.9166666666666666,18.8386690647482,-0.09660068846815843,568,1,39.0,0.0,1.0,1.4674412855377008,-0.5,34.13641025641026,1331.32,0.0,6,0.7824989121541644,0.24953922021586608,1.0,26.576872536136662,1,12.0,0,Standard,Annual,19.99,credit_card,Asia,0
199,62,12.0,12,0.0,18.688709677419357,-0.013169845594913548,64,5,5.0,0.0,2.0,0.911377245508982,-0.6666666666666666,19.304,96.52,0.0,6,1.7112321327588431,0.21900393100184576,0.9640718562874251,5.486202365308804,5,1.0,0,Standard,Monthly,19.99,apple_pay,North America,0
200,662,24.0,18,0.3157894736842105,18.698036253776436,-0.017314189189189283,670,1,13.0,0.0,0.0,0.3891052114060964,0.0,22.10230769230769,287.33,0.0,6,0.9245620766665206,0.2519113145755535,1.0,33.40998685939553,1,7.0,0,Basic,Monthly,9.99,paypal,North America,0
201,319,6.0,10,-0.36363636363636365,30.104075235109722,0.1507116620752984,356,7,42.0,3.0,0.0,1.2424489795918368,3.0,33.688095238095244,1414.9,0.0,6,2.2054065239460434,0.23371033904427188,0.9591836734693877,33.8042049934297,7,14.0,0,Standard,Monthly,19.99,credit_card,Asia,0
202,152,10.0,14,-0.26666666666666666,42.050657894736844,0.17632213768788282,169,1,31.0,1.0,2.0,2.347363184079602,-0.3333333333333333,31.940322580645162,990.15,-0.3531390134529148,6,1.7937571937861276,0.23116112631251934,0.9577114427860696,13.206307490144546,1,4.0,0,Standard,Monthly,19.99,credit_card,Asia,0
203,688,19.0,21,-0.09090909090909091,33.0796511627907,0.10157199299977836,696,1,24.0,1.0,0.0,0.7134375,1.0,33.64125,807.39,0.0,6,0.823944022241921,0.2429963972780478,1.0,33.63994743758213,1,6.0,0,Premium,Annual,39.99,bank_transfer,North America,0
204,217,10.0,9,0.1,23.99447004608295,-0.11566878980891722,256,1,49.0,2.0,2.0,2.209718518518519,0.0,34.59959183673469,1695.3799999999999,1.1671597633136095,6,2.159510634813898,0.2322731760413938,0.9748148148148148,22.174770039421812,1,7.0,0,Basic,Annual,9.99,credit_card,Europe,0
205,612,20.0,17,0.16666666666666666,11.997385620915033,0.17101298701298692,637,1,67.0,3.0,1.0,2.098230452674897,1.0,38.03925373134329,2548.63,-0.23721270499298908,6,0.9379131503508994,0.25278106783775933,1.0,31.93166885676741,1,1.0,0,Basic,Monthly,9.99,credit_card,North America,0
206,556,16.0,21,-0.22727272727272727,20.24586330935252,0.004973474801061032,574,3,43.0,2.0,2.0,1.4823556058890148,0.0,32.11883720930232,1381.11,2.1855969067182217,6,0.9165500259187134,0.24239090474128414,0.9988674971687429,29.00788436268068,3,9.0,0,Basic,Annual,9.99,credit_card,Europe,0
207,110,15.0,19,-0.2,41.89272727272727,-0.10956138118265883,115,1,10.0,4.0,1.0,1.5144278606965176,1.5,34.382,343.82,1.70956607495069,6,1.2230006036932537,0.25856417341856136,1.0,6.603153745072273,1,2.0,0,Basic,Monthly,9.99,credit_card,Europe,0
208,38,13.0,18,-0.2631578947368421,17.74736842105263,-0.19622219460668572,40,2,6.0,2.0,3.0,2.468108108108108,-0.25,67.92166666666667,407.53,0.37764791818845866,6,0.9508856586164727,0.33062474451115886,1.0,2.431011826544021,2,0.0,0,Basic,Monthly,9.99,credit_card,North America,1
209,272,10.0,10,0.0,37.73970588235294,0.0025131942699171002,300,1,32.0,3.0,1.0,0.9357156580211335,1.0,51.630625,1652.18,4.332261997118475,6,2.9427471389273343,0.22965007797184517,0.9212295869356387,34.19842312746386,1,15.0,0,Premium,Annual,39.99,credit_card,Europe,0
210,242,13.0,16,-0.17647058823529413,30.233884297520664,0.05483046173899964,259,2,38.0,3.0,2.0,2.617013574660634,0.3333333333333333,42.352631578947374,1609.4,0.6090733590733592,6,1.0089336419097814,0.2618334621143757,1.0,14.520367936925098,2,1.0,0,Basic,Monthly,9.99,credit_card,Europe,0
211,371,13.0,10,0.2727272727272727,37.678167115902966,-0.0980832092222587,414,1,58.0,3.0,1.0,1.6212304866850322,1.0,26.907586206896553,1560.64,3.3128031037827346,6,2.1200566531370977,0.2566761583848915,0.9770431588613406,35.775295663600524,1,17.0,0,Standard,Monthly,19.99,apple_pay,North America,0
212,325,11.0,11,0.0,39.72923076923077,-0.057866184448462754,338,1,23.0,0.0,0.0,0.8664851485148515,0.0,40.493478260869566,931.35,0.0,6,1.6882120878891584,0.25449237679082976,0.9962871287128713,26.544021024967147,1,5.0,0,Basic,Monthly,9.99,bank_transfer,North America,0
213,364,14.0,21,-0.3181818181818182,44.15494505494505,-0.007201001878522087,373,2,14.0,1.0,1.0,0.6940716612377851,0.0,31.962142857142858,447.47,-0.6416049863654072,6,1.08089127236353,0.23966467676535222,1.0,20.17082785808147,2,7.0,0,Basic,Monthly,9.99,credit_card,Oceania,0
214,94,12.0,14,-0.13333333333333333,35.88297872340426,0.26557971014492754,99,1,12.0,0.0,3.0,1.9025,-0.75,74.97,899.64,0.0,6,1.3971507780675445,0.2384318510169569,1.0,6.307490144546649,1,0.0,0,Basic,Annual,9.99,credit_card,Asia,0
215,466,16.0,17,-0.05555555555555555,21.75364806866953,-0.07048040455120104,488,1,47.0,2.0,4.0,1.8041361916771752,-0.4,33.26191489361702,1563.31,-0.7586703252215374,6,0.9665001696708704,0.26026923785687966,0.9974779319041613,26.05124835742444,1,4.0,0,Premium,Annual,39.99,credit_card,Asia,0
216,154,10.0,8,0.2222222222222222,29.594805194805197,0.11717902350813739,170,3,24.0,0.0,2.0,1.3706566604127581,-0.6666666666666666,45.71333333333334,1097.1200000000001,0.0,6,2.5540232296613987,0.259916302547464,0.9324577861163228,17.509855453350852,3,2.0,0,Premium,Annual,39.99,paypal,Europe,0
217,359,19.0,22,-0.13043478260869565,44.86518105849582,0.04111267691930653,371,1,26.0,1.0,0.0,1.4876691729323308,1.0,28.256153846153843,734.66,0.0,6,0.8013255333603773,0.2620704369788107,1.0,17.47700394218134,1,3.0,0,Basic,Monthly,9.99,credit_card,Asia,0
218,153,13.0,12,0.07692307692307693,40.5078431372549,0.10459569122116034,161,1,12.0,1.0,0.0,1.0377272727272728,1.0,39.47333333333333,473.67999999999995,0.0,6,1.7052914319624457,0.2718584755453206,0.9943181818181819,11.563731931668856,1,4.0,0,Standard,Monthly,19.99,credit_card,North America,0
219,763,22.0,19,0.15,43.90550458715597,-0.01005540734660373,769,1,27.0,0.0,1.0,0.7681121495327103,-0.5,29.87037037037037,806.5,0.0,6,0.7212819493638065,0.25271631916340925,1.0,35.15111695137976,1,3.0,0,Premium,Annual,39.99,credit_card,North America,0
220,214,4.0,9,-0.5,41.404672897196264,-0.42769528728211753,224,8,21.0,1.0,4.0,1.1970786516853933,-0.6,24.53047619047619,515.14,-0.7552200449726951,6,1.7492603951004797,0.27726753971682555,0.99625468164794,17.542706964520367,8,6.0,0,Basic,Monthly,9.99,apple_pay,Europe,1
221,65,12.0,11,0.08333333333333333,16.536923076923078,0.24704971948152454,76,2,16.0,1.0,2.0,2.7672727272727276,-0.3333333333333333,22.154375,354.47,-0.7965590099607606,6,1.471286744548691,0.2689090962732051,1.0,5.781865965834428,2,0.0,0,Standard,Annual,19.99,apple_pay,North America,0
222,55,14.0,8,0.6666666666666666,39.40909090909091,0.14700365287787542,58,4,6.0,3.0,1.0,1.1937254901960785,1.0,26.611666666666668,159.67000000000002,0.06077246933919092,6,2.0775986234352994,0.24563724151086616,1.0,5.026281208935611,4,0.0,0,Premium,Monthly,39.99,bank_transfer,Europe,0
223,292,11.0,10,0.09090909090909091,43.23904109589041,-0.15125476027731663,311,2,36.0,3.0,2.0,1.6186706056129985,0.3333333333333333,35.36944444444444,1273.3,0.4721330609862853,6,1.561305917049721,0.24952076082689267,0.9926144756277696,22.24047306176084,2,0.0,0,Standard,Monthly,19.99,credit_card,North America,1
224,54,20.0,18,0.10526315789473684,24.748148148148147,-0.031871046725158156,56,4,9.0,3.0,4.0,2.977826086956522,-0.2,67.12666666666667,604.14,-0.5785347178518985,6,0.873477511423713,0.23752037071664242,0.9891304347826088,3.0223390275952693,4,0.0,0,Basic,Monthly,9.99,credit_card,Europe,0
225,274,12.0,12,0.0,31.598540145985403,0.03575076608784477,299,1,50.0,1.0,1.0,2.597269624573379,0.0,40.0422,2002.11,-0.472117202268431,6,1.4408587503603691,0.24953867483060638,1.0,19.250985545335084,1,5.0,0,Standard,Monthly,19.99,credit_card,North America,0
226,331,14.0,21,-0.3181818181818182,37.76646525679759,-0.2502704001922846,348,2,45.0,3.0,2.0,2.394755244755245,0.3333333333333333,33.47333333333333,1506.3,-0.24569707401032703,6,1.0195895706143423,0.2596349113338687,1.0,18.791064388961892,2,2.0,0,Standard,Monthly,19.99,apple_pay,Europe,0
227,323,9.0,5,0.6666666666666666,31.031578947368423,0.024125042473666293,377,1,66.0,1.0,1.0,2.0313852376137516,0.0,36.93181818181818,2437.5,12.31818181818182,6,2.22013353377706,0.255748103543668,0.9767441860465117,32.49014454664914,1,5.0,0,Premium,Monthly,39.99,bank_transfer,Europe,0
228,397,14.0,13,0.07142857142857142,35.92972292191436,0.014209928003031235,436,1,52.0,1.0,3.0,1.5472922776148583,-0.5,49.67576923076923,2583.14,-0.9587131103118688,6,1.709679618062784,0.24042813403308824,0.978494623655914,33.60709592641261,1,8.0,0,Standard,Monthly,19.99,paypal,Europe,0
229,661,22.0,19,0.15,22.612254160363086,0.06520251227957147,682,2,35.0,1.0,0.0,1.0098578199052133,1.0,37.517714285714284,1313.12,0.0,6,0.8835789472752661,0.25302640177943975,1.0,34.65834428383705,2,12.0,0,Premium,Monthly,39.99,paypal,Europe,0
230,98,6.0,13,-0.5,41.515306122448976,-0.06399999999999996,107,2,9.0,0.0,1.0,0.9382191780821918,-0.5,79.25444444444446,713.2900000000001,0.0,6,2.010931491302821,0.27994741383449473,1.0,9.592641261498029,2,3.0,0,Basic,Monthly,9.99,paypal,Asia,0
231,581,16.0,21,-0.22727272727272727,27.095180722891566,0.12170527156549518,611,2,62.0,1.0,2.0,1.9140770791075052,-0.3333333333333333,32.417096774193546,2009.86,-0.7671675860757086,6,1.0178373610174667,0.25171075732276305,1.0,32.3915900131406,2,1.0,0,Premium,Monthly,39.99,credit_card,North America,0
232,389,14.0,12,0.15384615384615385,36.073778920308484,-0.014617033716624412,420,1,61.0,1.0,3.0,2.1221028571428575,-0.5,45.11786885245902,2752.19,-0.7504037586257525,6,1.4566354701575726,0.2565692852522811,1.0,28.74507227332457,1,6.0,0,Standard,Annual,19.99,credit_card,North America,0
233,178,14.0,15,-0.0625,22.68258426966292,-0.11979369404437523,182,1,11.0,2.0,0.0,1.0663694267515924,2.0,41.275454545454544,454.03,0.0,6,1.2068964912439846,0.23915180686016668,1.0,10.315374507227332,1,8.0,0,Basic,Monthly,9.99,paypal,Asia,1
234,174,11.0,6,0.7142857142857143,14.448275862068966,0.44404040404040396,199,1,29.0,1.0,1.0,1.5820071684587815,0.0,39.084482758620695,1133.45,2.048913043478261,6,2.1493545939389787,0.2453511762934122,1.0,18.331143232588698,1,1.0,0,Standard,Annual,19.99,credit_card,Asia,0
235,586,15.0,18,-0.15789473684210525,26.6679180887372,-0.06376575843838968,626,2,95.0,1.0,3.0,2.8860279441117767,-0.5,43.16431578947368,4100.61,-0.9786085150571132,6,0.930260509419063,0.2447281574921274,1.0,32.91721419185282,2,9.0,0,Basic,Monthly,9.99,credit_card,North America,0
236,569,18.0,19,-0.05,29.228646748681896,-0.01629407184962735,583,1,43.0,4.0,1.0,1.5619570405727923,1.5,36.95720930232558,1589.16,28.363492063492064,6,0.8058234644742148,0.24141600766610513,1.0,27.529566360052563,1,5.0,0,Basic,Monthly,9.99,credit_card,North America,0
237,301,12.0,15,-0.1875,43.47242524916944,0.17792526208995607,317,1,36.0,0.0,1.0,1.5521813031161475,-0.5,33.40777777777778,1202.68,0.0,6,1.616430977767712,0.24006100073606115,1.0,23.19316688567674,1,3.0,0,Premium,Monthly,39.99,paypal,Asia,0
238,436,8.0,19,-0.55,42.696100917431195,-0.15738399291945881,465,10,57.0,2.0,2.0,2.3134400000000004,0.0,27.177192982456138,1549.1,-0.319092359510725,6,0.9410429008645647,0.25278698299427615,0.9893333333333334,24.638633377135346,10,10.0,0,Premium,Annual,39.99,credit_card,North America,1
239,188,5.0,12,-0.5384615384615384,20.38989361702128,-0.4186397984886649,205,12,32.0,0.0,1.0,2.2392643678160917,-0.5,41.073125,1314.34,0.0,6,1.5051587135000972,0.2612894974973717,0.9816091954022989,14.290407358738502,12,7.0,0,Basic,Monthly,9.99,paypal,Asia,1
240,134,20.0,14,0.4,37.64253731343284,-0.08457018132975154,137,1,5.0,0.0,1.0,0.5194539249146758,-0.5,37.71,188.55,0.0,6,1.6033733502269099,0.24643661157866495,1.0,9.625492772667542,1,1.0,0,Premium,Annual,39.99,bank_transfer,South America,0
241,487,16.0,13,0.21428571428571427,22.052156057494866,0.010218631178707152,525,1,78.0,1.0,2.0,2.1782752293577983,-0.3333333333333333,39.74820512820513,3100.36,-0.9224348917477251,6,1.4645537725994318,0.26974823323736524,0.9954128440366972,35.808147174770035,1,4.0,0,Basic,Monthly,9.99,apple_pay,North America,0
242,196,8.0,9,-0.1,30.7,-0.004285014691478803,211,1,22.0,1.0,1.0,1.051302982731554,0.0,36.20227272727273,796.45,1.656104069379586,6,2.2423511161587797,0.24653704172034183,0.9560439560439561,20.92641261498029,1,2.0,0,Basic,Monthly,9.99,apple_pay,Europe,0
243,525,9.0,12,-0.23076923076923078,37.26133333333333,0.0210384095734415,542,3,36.0,0.0,1.0,1.1559493670886076,-0.5,34.98083333333333,1259.31,0.0,6,1.1569424273080438,0.26703160099216566,1.0,31.143232588699078,3,11.0,0,Basic,Monthly,9.99,bank_transfer,North America,1
244,323,17.0,17,0.0,15.295975232198144,0.13706929193487313,331,1,17.0,2.0,2.0,0.8073010920436817,0.0,46.42411764705883,789.21,0.0954787980904242,6,1.2557319990581581,0.2692175292851993,1.0,21.057818659658345,1,7.0,0,Premium,Monthly,39.99,credit_card,Oceania,0
245,231,20.0,22,-0.08695652173913043,23.570995670995668,0.035880022637238204,239,1,21.0,2.0,2.0,1.9138922155688622,0.0,36.11761904761905,758.47,1.2448462929475586,6,0.7379977242963239,0.2515438054795435,1.0,10.972404730617608,1,6.0,0,Basic,Annual,9.99,bank_transfer,North America,0
246,105,11.0,10,0.09090909090909091,14.713333333333335,0.18840194187670406,110,2,5.0,0.0,1.0,0.5514492753623188,-0.5,75.96000000000001,379.8,0.0,6,1.70844676533482,0.2476586953271809,1.0,9.067017082785808,2,0.0,0,Basic,Monthly,9.99,apple_pay,North America,0
247,33,8.0,11,-0.25,20.936363636363637,-0.2893444266238973,40,5,11.0,3.0,5.0,3.2508737864077673,-0.3333333333333333,36.63636363636363,403.0,-0.04754667824576649,6,2.0114382766122314,0.30893796970757215,0.9514563106796117,3.383705650459921,5,1.0,0,Basic,Monthly,9.99,paypal,North America,1
248,97,13.0,15,-0.125,18.076288659793814,0.20466664702589638,106,3,20.0,1.0,4.0,2.3236641221374046,-0.6,37.943,758.86,0.5181011747782309,6,1.895966414441101,0.2540466775546183,0.9885496183206106,8.607095926412615,3,2.0,0,Standard,Annual,19.99,paypal,Europe,0
249,57,8.0,17,-0.5,11.878947368421054,-0.31094794651384916,63,7,9.0,1.0,2.0,2.2093548387096775,-0.3333333333333333,73.87333333333333,664.86,3.401989901989902,6,1.281710418557407,0.36275231199670943,0.9596774193548386,4.073587385019711,7,1.0,0,Basic,Annual,9.99,credit_card,Asia,1
250,171,21.0,20,0.047619047619047616,13.999415204678364,0.026002506265664187,174,1,14.0,2.0,3.0,1.6454054054054055,-0.25,53.29571428571428,746.14,1.4218523878437046,6,0.853300685231524,0.22369195786787024,1.0,8.508541392904073,1,4.0,0,Basic,Monthly,9.99,credit_card,North America,0
251,494,20.0,16,0.23529411764705882,22.213562753036438,0.23331364441819255,525,3,62.0,0.0,1.0,2.1349321266968326,-0.5,50.035322580645165,3102.19,0.0,6,1.0619228542097703,0.2672227756271514,0.9977375565610859,29.040735873850196,3,10.0,0,Basic,Monthly,9.99,credit_card,North America,0
252,70,14.0,10,0.36363636363636365,26.187142857142856,0.13203806502775584,77,3,14.0,3.0,4.0,2.8794594594594596,-0.2,34.805,487.27,-0.818278920726327,6,1.0976050483235138,0.25311724875787783,0.9932432432432433,4.862023653088042,3,0.0,0,Basic,Annual,9.99,credit_card,North America,0
253,133,13.0,19,-0.3,27.34360902255639,-0.016849360968838233,140,2,17.0,2.0,3.0,2.2796475770925113,-0.25,28.359411764705882,482.11,-0.7633805912737663,6,1.0313610218024025,0.3086446183771366,1.0,7.457293035479632,2,1.0,0,Basic,Annual,9.99,bank_transfer,Asia,0
254,370,14.0,20,-0.2857142857142857,33.66945945945946,0.005599726425579066,382,1,22.0,1.0,0.0,0.9790643274853801,1.0,46.358636363636364,1019.89,0.0,6,1.2509148468770017,0.2577463263091265,1.0,22.470433639947437,1,2.0,0,Premium,Monthly,39.99,paypal,Asia,0
255,106,19.0,16,0.17647058823529413,26.64811320754717,-0.10159440688525348,106,2,3.0,0.0,0.0,0.475625,0.0,27.233333333333334,81.7,0.0,6,1.1359106656304623,0.29538746677132766,1.0,6.307490144546649,2,0.0,0,Standard,Monthly,19.99,bank_transfer,Europe,0
256,259,19.0,23,-0.16666666666666666,43.6046332046332,0.040886128407833094,262,5,11.0,1.0,0.0,0.8834828496042217,1.0,71.94090909090909,791.35,0.0,6,0.7943953393631449,0.23492783646942716,0.9973614775725593,12.450722733245728,5,0.0,0,Standard,Monthly,19.99,credit_card,North America,0
257,395,20.0,20,0.0,39.53341772151899,-0.05926889861587591,407,1,28.0,3.0,0.0,1.4695172413793103,3.0,45.69785714285714,1279.54,0.0,6,0.8214459567317446,0.26150676441674914,1.0,19.053876478318003,1,6.0,0,Basic,Annual,9.99,apple_pay,North America,0
258,30,16.0,13,0.21428571428571427,17.063333333333333,-0.015716221851543057,30,1,0.0,0.0,0.0,0.0,0.0,0.0,0.0,0.0,6,1.7907809893239701,0.23109552218210463,1.0,2.2339027595269383,1,0.0,0,Standard,Monthly,19.99,bank_transfer,Oceania,0
259,378,24.0,20,0.19047619047619047,36.86746031746031,-0.002620408870408887,387,1,33.0,1.0,2.0,1.784227353463588,-0.3333333333333333,27.34212121212121,902.29,-0.6622671456018713,6,0.7924174672691248,0.2458772386516815,1.0,18.495400788436267,1,6.0,0,Basic,Monthly,9.99,credit_card,Oceania,1
260,152,14.0,9,0.5,41.60592105263158,0.11559888579387195,160,1,13.0,2.0,2.0,0.8125667351129363,0.0,41.9376923076923,545.1899999999999,-0.694942428217461,6,3.0156162828121893,0.26125981291817646,0.9055441478439425,15.99868593955322,1,1.0,0,Basic,Annual,9.99,credit_card,Oceania,0
261,540,13.0,17,-0.2222222222222222,16.904814814814817,-0.16872473254310932,559,3,51.0,0.0,2.0,1.7307023411371238,-0.6666666666666666,32.935686274509806,1679.72,0.0,6,1.0219120138310724,0.26914805669551717,1.0,29.467805519053876,3,16.0,0,Standard,Monthly,19.99,paypal,Europe,1
262,219,10.0,11,-0.08333333333333333,22.953424657534246,-0.106873691556176,231,3,16.0,1.0,1.0,0.9224242424242424,0.0,27.683125,442.93,0.29331306990881456,6,1.8786217473565998,0.2590569532711245,0.9678030303030303,17.345597897503286,3,2.0,0,Standard,Monthly,19.99,credit_card,North America,0
263,113,15.0,8,0.7777777777777778,34.249557522123894,-0.008593656493117833,124,4,15.0,0.0,1.0,1.0871428571428572,-0.5,24.024,360.36,0.0,6,3.0375498870427604,0.2590109787787566,0.9,13.797634691195794,4,3.0,0,Basic,Annual,9.99,credit_card,Asia,0
264,124,11.0,7,0.5,23.550806451612903,-0.0816857184908993,155,1,34.0,3.0,1.0,2.1383471074380167,1.0,34.05705882352942,1157.94,0.1030670470756063,6,2.8392701324432474,0.22797495457615233,0.853305785123967,15.900131406044677,1,7.0,0,Standard,Annual,19.99,credit_card,Europe,0
265,221,4.0,3,0.25,38.23257918552036,0.20380147835269272,245,5,34.0,0.0,1.0,1.1937254901960785,-0.5,36.88117647058824,1253.96,0.0,6,2.8922613540970716,0.2652686193537589,0.944636678200692,28.48226018396846,5,4.0,0,Basic,Annual,9.99,paypal,Europe,0
266,51,20.0,20,0.0,27.770588235294117,0.27600161877782275,52,1,1.0,1.0,0.0,0.3953246753246753,1.0,41.67,41.67,0.0,6,0.8336077979387633,0.24875148025137292,1.0,2.5295663600525624,1,0.0,0,Standard,Monthly,19.99,paypal,North America,0
267,717,22.0,22,0.0,21.659832635983264,0.003166435780724381,731,1,66.0,2.0,1.0,2.050040816326531,0.5,30.929242424242425,2041.33,0.25534672715489315,6,0.6605346831241895,0.25353990575149216,1.0,32.19448094612352,1,4.0,0,Standard,Monthly,19.99,apple_pay,South America,0
268,160,10.0,7,0.375,29.219375000000003,-0.22440444679724728,189,1,38.0,3.0,3.0,2.54784140969163,0.0,49.47315789473684,1879.98,4.5454175152749485,6,1.7874529513384059,0.2485429618640774,1.0,14.914586070959263,1,5.0,0,Basic,Monthly,9.99,credit_card,North America,0
269,32,11.0,4,1.4,20.6375,-0.014364214788392839,35,2,3.0,0.0,1.0,0.6866165413533835,-0.5,80.2,240.6,0.0,6,3.6856178540553963,0.27353510088844313,0.9473684210526315,4.369250985545335,2,1.0,0,Basic,Annual,9.99,paypal,Asia,0
270,219,6.0,8,-0.2222222222222222,36.40958904109589,-0.05033112582781453,246,3,32.0,1.0,1.0,1.234575411913815,0.0,32.8678125,1051.77,-0.6839745984310796,6,2.543551729991915,0.24714191865232538,0.9138149556400508,25.919842312746386,3,0.0,0,Standard,Monthly,19.99,paypal,Europe,0
271,138,12.0,10,0.18181818181818182,33.722463768115944,-0.10891314233742612,154,1,23.0,3.0,0.0,1.6749282296650718,3.0,36.72217391304348,844.61,0.0,6,1.9623871158093302,0.22778239277435108,1.0,13.731931668856767,1,1.0,0,Standard,Monthly,19.99,credit_card,North America,0
272,143,13.0,16,-0.17647058823529413,34.90559440559441,-0.06659501684207751,148,3,14.0,1.0,0.0,1.5610256410256411,1.0,19.502857142857145,273.04,0.0,6,1.2127979066868024,0.26182941270819043,1.0,8.968462549277266,3,0.0,0,Standard,Annual,19.99,credit_card,Asia,0
273,250,21.0,19,0.1,34.3708,0.18737292669876948,259,1,29.0,2.0,4.0,2.3353439153439153,-0.4,32.95172413793104,955.6,-0.8785871964679911,6,0.8181572911857363,0.25371561880308224,1.0,12.417871222076215,1,2.0,0,Premium,Monthly,39.99,paypal,North America,0
274,258,9.0,11,-0.16666666666666666,30.506976744186048,-0.08342126298960828,294,4,47.0,0.0,0.0,2.046752503576538,0.0,44.602978723404256,2096.34,0.0,6,1.7650059927845654,0.2605335897369553,0.9814020028612302,22.963206307490143,4,8.0,0,Standard,Monthly,19.99,credit_card,Europe,0
275,544,22.0,26,-0.14814814814814814,40.434742647058826,-0.08544061632116089,560,1,57.0,1.0,3.0,2.28600790513834,-0.5,40.084736842105265,2284.83,-0.8363232530326329,6,0.7005727569113854,0.2512149353383979,1.0,24.93429697766097,1,7.0,0,Basic,Monthly,9.99,credit_card,North America,0
276,593,19.0,20,-0.047619047619047616,17.66593591905565,-0.09125513881134859,620,1,66.0,1.0,2.0,1.9043033175355453,-0.3333333333333333,30.072272727272725,1984.77,-0.40323257766582704,6,1.1711950086220102,0.2561224037505652,0.995260663507109,34.65834428383705,1,5.0,0,Basic,Annual,9.99,paypal,Asia,0
277,216,9.0,8,0.1111111111111111,21.08981481481481,-0.08537490720118802,238,4,32.0,0.0,0.0,1.774280510018215,0.0,33.53625,1073.16,0.0,6,1.7184336980511423,0.25615755673412327,0.9817850637522768,18.035479632063073,4,7.0,0,Premium,Monthly,39.99,paypal,Europe,0
278,246,7.0,12,-0.38461538461538464,38.797154471544715,0.27484909456740453,275,2,39.0,0.0,1.0,1.863673469387755,-0.5,44.23794871794872,1725.28,0.0,6,1.6966435991943316,0.2434556126327439,1.0,20.92641261498029,2,5.0,0,Standard,Monthly,19.99,apple_pay,Europe,0
279,385,22.0,17,0.2777777777777778,38.76857142857143,0.12688396202495994,392,2,29.0,1.0,2.0,1.6197431192660552,-0.3333333333333333,38.939655172413794,1129.25,1.2713741779162342,6,0.7956782076228471,0.2513195590777929,1.0,17.904073587385017,2,5.0,0,Basic,Monthly,9.99,credit_card,North America,0
280,83,7.0,13,-0.42857142857142855,11.771084337349398,0.12755102040816313,86,7,11.0,0.0,4.0,2.0669135802469136,-0.8,40.11272727272728,441.24,0.0,6,1.4515518596042127,0.30802652655507107,0.9938271604938271,5.321944809461235,7,0.0,0,Standard,Monthly,19.99,paypal,North America,1
281,78,14.0,11,0.25,21.16923076923077,-0.17474941783942488,87,2,22.0,4.0,3.0,3.0719266055045873,0.25,31.735,698.17,-0.15246552049877196,6,2.124059299307989,0.25569464056993335,0.963302752293578,7.1616294349540075,2,3.0,0,Basic,Monthly,9.99,credit_card,Asia,0
282,110,12.0,11,0.08333333333333333,26.075454545454548,0.10704125177809395,119,3,11.0,2.0,1.0,1.1236241610738256,0.5,45.769999999999996,503.46999999999997,2.6286681715575626,6,2.053746889388489,0.2842650407633907,0.9630872483221476,9.789750328515112,3,2.0,0,Standard,Annual,19.99,apple_pay,North America,0
283,107,13.0,23,-0.4166666666666667,43.9411214953271,-0.07873089628634704,112,5,10.0,0.0,0.0,1.7595375722543354,0.0,28.250999999999998,282.51,0.0,6,0.8513611013052715,0.2600434046449046,1.0,5.683311432325887,5,0.0,0,Basic,Monthly,9.99,apple_pay,Oceania,0
284,235,11.0,8,0.3333333333333333,37.613617021276596,-0.09430057770241154,272,1,45.0,2.0,2.0,2.264132231404959,0.0,33.13666666666667,1491.15,1.0669739696312368,6,1.6885403494394549,0.23912285751162404,1.0,19.87516425755585,1,10.0,0,Premium,Monthly,39.99,paypal,Asia,0
285,366,13.0,13,0.0,17.23551912568306,0.15808014090708933,432,1,90.0,0.0,5.0,2.5967772511848346,-0.8333333333333334,35.358666666666664,3182.2799999999997,0.0,6,1.7891590056953932,0.24554908123494318,0.9886255924170616,34.65834428383705,1,7.0,0,Premium,Annual,39.99,apple_pay,Asia,0
286,212,17.0,17,0.0,36.178773584905656,0.05004101722723551,219,1,24.0,5.0,3.0,2.1614201183431954,0.5,48.8025,1171.26,-0.7451149072139609,6,0.9698886827830586,0.25198982768814343,1.0,11.103810775295663,1,3.0,0,Standard,Monthly,19.99,paypal,Europe,0
287,223,14.0,14,0.0,12.263677130044844,-0.29041740152851264,251,1,36.0,3.0,1.0,1.7366719492868463,1.0,40.84861111111111,1470.55,0.9270173505921232,6,2.0675344725495446,0.28811624809287023,0.954041204437401,20.729303547963205,1,8.0,0,Basic,Monthly,9.99,credit_card,Asia,1
288,143,5.0,9,-0.4,39.61748251748252,0.01207910208444683,160,2,23.0,4.0,2.0,2.1608641975308642,0.6666666666666666,30.687391304347823,705.81,6.400781719783524,6,1.3451727362354924,0.25824309140382534,1.0,10.64388961892247,2,2.0,0,Standard,Monthly,19.99,credit_card,North America,0
289,235,5.0,5,0.0,36.96468085106383,-0.2516339869281045,253,5,33.0,0.0,1.0,2.128220338983051,-0.5,31.59242424242424,1042.55,0.0,6,1.5515958129655147,0.2633888600328106,0.9936440677966102,15.505913272010512,5,5.0,0,Basic,Monthly,9.99,credit_card,Asia,1
290,266,18.0,14,0.26666666666666666,17.710526315789473,-0.0189597745324109,285,3,40.0,1.0,1.0,2.676043956043956,0.0,41.027249999999995,1641.09,0.7368852459016395,6,0.9559553309305223,0.2518777117510895,1.0,14.947437582128778,3,3.0,0,Basic,Monthly,9.99,bank_transfer,South America,1
291,162,16.0,19,-0.15,38.67901234567901,-0.002205312136487025,166,2,13.0,2.0,3.0,1.6151836734693878,-0.25,53.105384615384615,690.37,-0.6429873939586142,6,0.8303197542567219,0.2253060538517115,1.0,8.04862023653088,2,2.0,0,Standard,Monthly,19.99,credit_card,Europe,0
292,231,4.0,8,-0.4444444444444444,42.137662337662334,-0.04564533053515224,266,4,38.0,1.0,1.0,1.3465890570430734,0.0,42.44657894736842,1612.97,-0.0013892104653853942,6,2.6489099347081506,0.23960546043855846,0.920838183934808,28.21944809461235,4,4.0,0,Premium,Monthly,39.99,credit_card,Europe,0
293,138,6.0,9,-0.3,29.92753623188406,-0.028403001071811457,151,1,23.0,0.0,1.0,1.6206481481481483,-0.5,39.58521739130435,910.46,0.0,6,2.282204280041322,0.24634488341502067,1.0,14.19185282522996,1,1.0,0,Basic,Annual,9.99,credit_card,Europe,0
294,517,12.0,16,-0.23529411764705882,37.37620889748549,0.02850574712643673,543,2,57.0,2.0,3.0,1.8168376963350787,-0.25,49.05122807017544,2795.92,-0.7866071428571428,6,1.1222317663831536,0.2519251613774065,1.0,31.373193166885674,2,9.0,0,Standard,Annual,19.99,paypal,North America,0
295,80,14.0,18,-0.21052631578947367,39.0125,0.028283997684584488,92,1,18.0,3.0,0.0,2.809846153846154,3.0,59.20944444444444,1065.77,0.0,6,1.6479535538815762,0.30640831804966845,1.0,6.40604467805519,1,0.0,0,Basic,Monthly,9.99,credit_card,Europe,1
296,408,10.0,17,-0.3888888888888889,35.62377450980392,0.010521075340192552,441,1,49.0,0.0,0.0,1.6319037199124726,0.0,48.705714285714286,2386.58,0.0,6,1.4945039783252732,0.24463465567439896,1.0,30.02628120893561,1,11.0,0,Basic,Annual,9.99,credit_card,South America,0
297,76,10.0,17,-0.3888888888888889,23.271052631578947,-0.07300254452926208,77,7,5.0,0.0,1.0,0.8900584795321638,-0.5,28.784000000000002,143.92000000000002,0.0,6,1.4301883080529036,0.25325531221334713,0.9824561403508772,5.617608409986859,7,3.0,0,Standard,Annual,19.99,apple_pay,Oceania,1
298,323,16.0,17,-0.05555555555555555,17.492569659442726,-0.07379008531921141,334,2,34.0,2.0,0.0,1.7874956822107082,2.0,37.87529411764706,1287.76,0.0,6,1.1560157944835394,0.2584883690937143,1.0,19.021024967148488,2,9.0,0,Standard,Monthly,19.99,credit_card,Europe,0
299,86,10.0,10,0.0,22.948837209302326,0.09352836879432605,92,1,11.0,0.0,2.0,1.5289497716894977,-0.6666666666666666,32.515454545454546,357.67,0.0,6,1.8127886490715588,0.26956998968498813,1.0,7.194480946123521,1,1.0,0,Standard,Annual,19.99,credit_card,Europe,0
300,365,9.0,15,-0.375,36.9427397260274,0.09001150887394768,406,3,66.0,3.0,4.0,2.468108108108108,-0.2,47.20393939393939,3115.46,-0.06174128703824571,6,1.4150862644384867,0.2537691479616573,0.9803439803439803,26.741130091984232,3,8.0,0,Standard,Monthly,19.99,credit_card,North America,0
301,262,18.0,11,0.5833333333333334,13.905725190839695,0.32725694444444425,267,1,9.0,1.0,0.0,0.5073333333333333,1.0,67.64555555555556,608.8100000000001,0.0,6,1.4099589040895666,0.24857274355972928,0.9981481481481482,17.73981603153745,1,2.0,0,Basic,Annual,9.99,credit_card,Asia,0
302,148,16.0,21,-0.22727272727272727,42.148648648648646,-0.36721435938574376,152,2,8.0,0.0,0.0,1.0823111111111112,0.0,33.9075,271.26,0.0,6,0.8311273229364844,0.291594316069128,1.0,7.391590013140604,2,4.0,0,Premium,Monthly,39.99,paypal,Oceania,1
303,122,17.0,16,0.058823529411764705,37.52049180327869,0.15677563010276088,122,1,2.0,0.0,0.0,0.29697560975609755,0.0,17.54,35.08,0.0,6,1.0425519653959525,0.23372434612478266,1.0,6.734559789750328,1,0.0,0,Basic,Monthly,9.99,credit_card,Asia,0
304,138,10.0,9,0.1,27.863768115942026,-0.09016578749058014,156,7,26.0,2.0,0.0,2.2294084507042258,2.0,64.34153846153846,1672.88,0.0,6,1.6546642255164707,0.2580046323445227,0.9661971830985915,11.662286465177397,7,4.0,0,Standard,Annual,19.99,credit_card,South America,0
305,83,6.0,13,-0.5,33.57831325301205,-0.19795321637426913,89,4,7.0,1.0,2.0,1.0983505154639175,-0.3333333333333333,17.795714285714286,124.57,-0.8930090377458799,6,1.705567440056529,0.31520952454863493,1.0,6.3731931668856765,4,7.0,0,Premium,Monthly,39.99,credit_card,North America,1
306,90,7.0,16,-0.5294117647058824,37.20888888888889,0.16375635913653236,93,6,2.0,0.0,0.0,0.3927741935483871,0.0,24.3,48.6,0.0,6,1.146829277313911,0.3387386627248281,0.9935483870967742,5.091984231274639,6,1.0,0,Basic,Monthly,9.99,credit_card,Europe,1
307,338,17.0,19,-0.1,42.994970414201184,0.1959176099461867,345,1,20.0,1.0,1.0,1.153030303030303,0.0,42.1065,842.13,-0.4524608501118568,6,0.8218024984120978,0.25941137820561927,1.0,17.345597897503286,1,7.0,0,Basic,Monthly,9.99,credit_card,North America,0
308,146,9.0,18,-0.47368421052631576,19.03972602739726,-0.12680115273775217,154,4,22.0,1.0,2.0,2.9116521739130437,-0.3333333333333333,25.725454545454546,565.96,-0.6472727272727272,6,0.9671238376608556,0.31307096539408974,1.0,7.555847568988173,4,6.0,0,Premium,Monthly,39.99,paypal,Europe,1
309,228,7.0,14,-0.4666666666666667,39.94298245614035,-0.4860952380952381,243,3,16.0,0.0,0.0,0.8325470085470087,0.0,33.0825,529.32,0.0,6,1.7689341267717849,0.2608775510058796,0.9811965811965813,19.21813403416557,3,11.0,0,Basic,Monthly,9.99,bank_transfer,South America,1
310,183,5.0,7,-0.25,19.968852459016393,-0.39906048150322965,207,13,24.0,0.0,0.0,1.0696339677891655,0.0,40.309999999999995,967.4399999999999,0.0,6,2.714795762347031,0.2541986224099517,0.9224011713030746,22.437582128777922,13,12.0,0,Basic,Annual,9.99,paypal,South America,0
311,68,9.0,10,-0.09090909090909091,22.39264705882353,-0.19893255701115956,72,4,6.0,1.0,0.0,1.185974025974026,1.0,38.60666666666667,231.64000000000001,0.0,6,1.4397350527554702,0.2917292069810154,1.0,5.059132720105125,4,1.0,0,Basic,Monthly,9.99,credit_card,North America,1
312,90,12.0,13,-0.07142857142857142,28.03777777777778,-0.2529278733543332,100,4,16.0,1.0,2.0,2.2239269406392697,-0.3333333333333333,25.523125,408.37,-0.5477688787185354,6,1.5121305690870184,0.2894816515718555,1.0,7.194480946123521,4,1.0,0,Premium,Monthly,39.99,credit_card,Oceania,1
313,302,14.0,15,-0.0625,25.52019867549669,0.009789239142345621,308,1,7.0,0.0,0.0,0.33984051036682617,0.0,26.349999999999998,184.45,0.0,6,1.5807314671430708,0.26294210906535603,0.9712918660287082,20.59789750328515,1,10.0,0,Premium,Monthly,39.99,paypal,North America,0
314,342,19.0,19,0.0,18.205263157894738,-0.0005431830526887349,350,1,21.0,2.0,0.0,1.2836144578313253,2.0,38.667142857142856,812.01,0.0,6,0.7374190435784108,0.2504609947166384,1.0,16.36005256241787,1,6.0,0,Premium,Monthly,39.99,paypal,Asia,0
315,75,8.0,7,0.125,17.632,-0.14281170483460565,88,12,18.0,3.0,2.0,1.863673469387755,0.3333333333333333,40.25555555555556,724.6,-0.7522571628232005,6,2.5844206608765687,0.3120584611774253,0.9047619047619048,9.658344283837057,12,0.0,0,Premium,Monthly,39.99,paypal,Oceania,0
316,63,10.0,6,0.5714285714285714,43.32539682539682,0.03568075117370883,74,6,15.0,0.0,4.0,1.8047430830039526,-0.8,50.44266666666667,756.64,0.0,6,2.9731164816391256,0.2649968112560299,0.9130434782608695,8.31143232588699,6,2.0,0,Basic,Monthly,9.99,paypal,North America,0
317,233,10.0,12,-0.15384615384615385,42.61158798283262,-0.0855203619909501,263,2,34.0,2.0,1.0,1.4061956521739132,0.5,52.412058823529414,1782.01,-0.20218459057253865,6,1.97714782183909,0.24069100089152837,0.9891304347826088,24.178712220762154,2,9.0,0,Basic,Monthly,9.99,paypal,Europe,0
318,134,7.0,10,-0.2727272727272727,17.547761194029853,-0.12137486573576796,157,1,29.0,3.0,1.0,2.034009216589862,1.0,46.78137931034483,1356.66,31.44016649323622,6,2.1116381592184132,0.23076914491719366,0.967741935483871,14.257555847568987,1,1.0,0,Basic,Annual,9.99,credit_card,North America,0
319,618,17.0,17,0.0,25.264886731391588,-0.04074664238561367,627,2,34.0,2.0,0.0,1.0359959959959961,2.0,34.868529411764705,1185.53,0.0,6,1.0348409765009146,0.251708588806731,1.0,32.81865965834428,2,4.0,0,Basic,Annual,9.99,credit_card,Asia,0
320,471,17.0,13,0.2857142857142857,27.82208067940552,-0.08157855547282199,502,1,72.0,2.0,1.0,2.127844660194175,0.5,49.01013888888889,3528.73,-0.6288581912367796,6,1.4468245910287776,0.24067337773958772,0.9990291262135923,33.83705650459921,1,15.0,0,Standard,Annual,19.99,credit_card,North America,0
321,173,11.0,22,-0.4782608695652174,33.79306358381503,-0.3248591272441358,180,9,19.0,4.0,2.0,1.8839087947882738,0.6666666666666666,38.73157894736842,735.9,6.131528046421663,6,0.9595418738233172,0.29332486983571865,0.980456026058632,10.085413929040735,9,3.0,0,Basic,Monthly,9.99,credit_card,South America,1
322,140,12.0,16,-0.23529411764705882,44.011428571428574,-0.09041192555349731,145,3,5.0,1.0,0.0,0.4450292397660819,1.0,69.40799999999999,347.03999999999996,0.0,6,1.9556936780175367,0.24810683446223109,0.9619883040935673,11.235216819973719,3,6.0,0,Basic,Monthly,9.99,credit_card,North America,0
323,79,23.0,16,0.4117647058823529,23.53291139240506,0.027630509212078186,79,1,3.0,0.0,1.0,0.7547107438016529,-0.5,43.663333333333334,130.99,0.0,6,0.9628462634672923,0.27398621484951985,1.0,3.9750328515111693,1,0.0,0,Basic,Monthly,9.99,credit_card,North America,1
324,396,19.0,14,0.3333333333333333,29.98611111111111,-0.0014007478775625605,419,1,57.0,2.0,2.0,2.0582206405693952,0.0,36.47175438596491,2078.89,0.476602714085166,6,1.2919140064465509,0.2589040679391228,1.0,27.69382391590013,1,8.0,0,Premium,Monthly,39.99,paypal,North America,0
325,221,4.0,10,-0.5454545454545454,19.010859728506787,-0.20997191011235952,247,3,35.0,3.0,0.0,1.3334167709637048,3.0,33.780857142857144,1182.33,0.0,6,2.616044101881671,0.2789358170506088,0.937421777221527,26.248357424441522,3,5.0,0,Premium,Annual,39.99,credit_card,Asia,0
326,438,10.0,20,-0.47619047619047616,24.71187214611872,-0.13299697275479308,466,1,39.0,0.0,1.0,1.3264357541899443,-0.5,47.71307692307692,1860.81,0.0,6,1.2802874978389538,0.2521092682378271,1.0,29.402102496714846,1,9.0,0,Basic,Annual,9.99,bank_transfer,North America,0
327,177,9.0,16,-0.4117647058823529,25.231638418079097,-0.05107155436343442,187,9,13.0,1.0,0.0,0.9421904761904762,1.0,20.02769230769231,260.36,0.0,6,1.4347475164361816,0.24848698537841185,1.0,13.797634691195794,9,5.0,0,Standard,Annual,19.99,paypal,Asia,0
328,109,21.0,20,0.047619047619047616,42.18256880733944,-0.02042030556086781,113,1,11.0,1.0,4.0,2.079751552795031,-0.6,21.504545454545454,236.55,-0.8078890683898762,6,0.7559289460184544,0.2506396021061061,1.0,5.289093298291721,1,3.0,0,Basic,Monthly,9.99,credit_card,North America,0
329,332,13.0,10,0.2727272727272727,35.47620481927711,0.12490637129173568,343,1,25.0,2.0,1.0,0.9201934703748489,0.5,47.684,1192.1,0.12417050950399287,6,1.963516250485944,0.24894713744880773,0.973397823458283,27.16819973718791,1,3.0,0,Basic,Annual,9.99,credit_card,North America,0
330,176,11.0,12,-0.07692307692307693,27.80568181818182,-0.048255187103899755,207,2,42.0,1.0,1.0,2.2042758620689655,0.0,35.06785714285714,1472.85,1.2738138355668234,6,2.2374124969495544,0.2568572245138491,0.9896551724137931,19.053876478318003,2,3.0,0,Standard,Monthly,19.99,credit_card,Europe,0
331,256,15.0,10,0.45454545454545453,24.789453125,-0.08754208754208752,283,2,49.0,3.0,1.0,2.2633687405159333,1.0,26.50265306122449,1298.6299999999999,0.5701163502755665,6,1.8119207942790763,0.24195405198563655,1.0,21.64914586070959,2,4.0,0,Basic,Annual,9.99,bank_transfer,Oceania,0
332,273,7.0,10,-0.2727272727272727,36.843223443223444,-0.22883368182301456,317,3,52.0,2.0,1.0,1.7056896551724139,0.5,48.48442307692308,2521.19,3.3850658857979496,6,2.30662184154044,0.26583807812870436,0.9353448275862069,30.486202365308802,3,13.0,0,Basic,Annual,9.99,paypal,North America,0
333,54,3.0,4,-0.2,42.711111111111116,0.29349930843706784,63,10,12.0,3.0,0.0,1.7149295774647888,3.0,25.415000000000003,304.98,0.0,6,3.1671235533724937,0.26679189992833585,0.8544600938967136,6.9973718791064385,10,1.0,0,Standard,Annual,19.99,credit_card,Europe,1
334,132,7.0,20,-0.6190476190476191,30.680303030303033,-0.2773558771552753,141,8,17.0,1.0,2.0,1.7022368421052632,-0.3333333333333333,18.793529411764705,319.49,-0.5013865779256794,6,1.589970492334803,0.28305572529976564,0.9901315789473684,9.986859395532194,8,3.0,0,Basic,Monthly,9.99,credit_card,South America,1
335,486,19.0,18,0.05263157894736842,29.194444444444443,-0.0280956723838664,505,1,58.0,2.0,2.0,2.2124310776942355,0.0,29.61344827586207,1717.58,0.022365591397849445,6,0.9936825124085489,0.23818558726384464,1.0,26.21550591327201,1,4.0,0,Standard,Annual,19.99,credit_card,North America,0
336,46,10.0,15,-0.3125,36.31956521739131,-0.24911749873928382,52,3,5.0,1.0,1.0,1.3120689655172415,0.0,20.028,100.14,-0.6537270778756847,6,1.5539954828712705,0.3055195749066271,1.0,3.8107752956636003,3,2.0,0,Premium,Monthly,39.99,apple_pay,North America,1
337,332,3.0,8,-0.5555555555555556,24.947590361445783,-0.4714943623947911,356,1,39.0,1.0,1.0,1.7509734513274338,0.0,34.111282051282046,1330.34,-0.8886719753403546,6,1.4355743508705971,0.2608361066403999,0.9911504424778761,22.273324572930353,1,5.0,0,Basic,Monthly,9.99,credit_card,Europe,1
338,453,16.0,13,0.21428571428571427,26.35849889624724,0.18375641756988037,477,5,39.0,0.0,1.0,1.199151515151515,-0.5,36.74564102564102,1433.08,0.0,6,1.4724478291147836,0.24214970248047457,0.9969696969696971,32.52299605781866,5,2.0,0,Standard,Monthly,19.99,credit_card,Europe,0
339,353,17.0,17,0.0,17.656373937677053,0.013914095583787003,361,2,23.0,1.0,0.0,1.2391504424778763,1.0,46.03521739130434,1058.81,0.0,6,0.9026895059575542,0.2563017991741864,1.0,18.561103810775293,2,5.0,0,Basic,Annual,9.99,paypal,Asia,0
340,89,8.0,11,-0.25,12.513483146067417,-0.0991671807526218,102,6,19.0,4.0,3.0,2.8774129353233833,0.25,23.986315789473686,455.74,0.33026093729715694,6,1.2781484132668766,0.21165568268853657,1.0,6.603153745072273,6,1.0,0,Standard,Monthly,19.99,credit_card,North America,0
341,126,12.0,15,-0.1875,42.91269841269841,0.2202328061133818,139,1,13.0,1.0,2.0,1.2642811501597446,-0.3333333333333333,38.64846153846154,502.43,-0.48619979402677654,6,1.8729903013614273,0.27297006917007743,0.9616613418530351,10.282522996057818,1,8.0,0,Basic,Monthly,9.99,paypal,North America,0
342,191,16.0,13,0.21428571428571427,28.378534031413615,-0.08487734864300617,200,2,16.0,0.0,1.0,1.1679616306954437,-0.5,28.100625,449.61,0.0,6,1.424085279149475,0.25533747145362223,1.0,13.699080157687254,2,1.0,0,Basic,Monthly,9.99,apple_pay,Europe,0
343,121,3.0,4,-0.2,31.859504132231404,-0.2762892538173437,156,5,38.0,1.0,1.0,2.190757575757576,0.0,33.74894736842106,1282.46,0.553325901151988,6,2.842507551982051,0.28317288185719797,0.8882575757575757,17.345597897503286,5,8.0,0,Basic,Monthly,9.99,paypal,Oceania,1
344,650,21.0,20,0.047619047619047616,42.83215384615385,-0.04695751882600695,667,1,58.0,1.0,1.0,1.9107359307359308,0.0,46.73310344827586,2710.52,3.0304818092428714,6,0.7085167471156552,0.24804766448726753,1.0,30.354796320630747,1,6.0,0,Basic,Annual,9.99,paypal,Asia,0
345,618,20.0,19,0.05,33.14368932038835,0.04019762279822445,629,1,44.0,2.0,0.0,1.3951666666666667,2.0,37.71909090909091,1659.64,0.0,6,0.8681313309876677,0.2542676283951615,1.0,31.537450722733244,1,2.0,0,Standard,Annual,19.99,bank_transfer,North America,0
346,607,24.0,20,0.19047619047619047,28.80329489291598,-0.08263410248726392,621,1,34.0,0.0,2.0,1.0464711830131448,-0.6666666666666666,32.4435294117647,1103.08,0.0,6,0.9923570556640949,0.2494834497236587,1.0,32.49014454664914,1,15.0,0,Premium,Monthly,39.99,credit_card,North America,0
347,209,15.0,17,-0.1111111111111111,40.489952153110046,-0.04588861810632726,228,2,35.0,0.0,5.0,2.592214111922141,-0.8333333333333334,40.72342857142857,1425.32,0.0,6,1.2070382139161162,0.26235299282871216,1.0,13.501971090670171,2,2.0,0,Basic,Annual,9.99,bank_transfer,North America,0
348,330,9.0,15,-0.375,28.494545454545456,-0.11101836393989974,349,5,36.0,0.0,3.0,1.4067265725288833,-0.75,38.4025,1382.49,0.0,6,1.664515488738238,0.22779409326426484,0.9794608472400513,25.591327201051246,5,7.0,0,Standard,Monthly,19.99,credit_card,North America,0
349,43,15.0,14,0.06666666666666667,15.151162790697674,0.03699151302311963,45,1,5.0,0.0,2.0,1.522,-0.6666666666666666,20.122,100.61,0.0,6,1.4399538987217524,0.2879800300008526,1.0,3.2851511169513796,1,0.0,0,Basic,Annual,9.99,apple_pay,Asia,0
350,226,19.0,20,-0.047619047619047616,31.550442477876103,-0.056763626094323776,236,1,20.0,1.0,3.0,1.6771349862258955,-0.5,35.4205,708.41,-0.2561865069028393,6,0.9253457599263705,0.24758215441771872,1.0,11.925098554533507,1,1.0,0,Basic,Monthly,9.99,paypal,Europe,0
351,218,8.0,11,-0.25,21.84128440366972,0.1605975723622783,249,1,37.0,2.0,1.0,1.6587334315169369,0.5,49.93351351351351,1847.54,2.0936591041303076,6,2.103049149253045,0.25668415513482945,1.0,22.306176084099867,1,6.0,0,Basic,Monthly,9.99,credit_card,North America,0
352,664,15.0,16,-0.058823529411764705,16.827108433734942,-0.02553751645458544,686,4,58.0,1.0,2.0,1.6862655205348618,-0.3333333333333333,43.157586206896546,2503.14,-0.7516784155756965,6,0.8608605021722635,0.2616784504559354,1.0,34.39553219448094,4,12.0,0,Standard,Monthly,19.99,apple_pay,North America,0
353,66,16.0,16,0.0,14.012121212121212,0.017736486486486437,70,1,3.0,1.0,1.0,0.707906976744186,0.0,66.37,199.11,-0.8763908311546178,6,1.3533766303196282,0.24257443839626325,1.0,4.23784494086728,1,3.0,0,Basic,Annual,9.99,credit_card,North America,0
354,321,11.0,10,0.09090909090909091,24.431152647975075,-0.17189576829155223,369,3,74.0,4.0,4.0,2.7403406326034063,0.0,31.505,2331.37,-0.03761261261261249,6,1.6907918558680368,0.2511227454771682,0.9793187347931873,27.003942181340342,3,9.0,0,Standard,Monthly,19.99,bank_transfer,North America,0
355,201,8.0,18,-0.5263157894736842,18.82189054726368,-0.19133599771624324,206,2,14.0,0.0,4.0,1.33175,-0.8,26.457857142857144,370.41,0.0,6,1.1519637860294438,0.26722785473975136,1.0,10.512483574244415,2,3.0,0,Basic,Monthly,9.99,credit_card,North America,1
356,234,9.0,13,-0.2857142857142857,28.547863247863248,-0.363801905505154,245,7,24.0,0.0,1.0,1.8877519379844963,-0.5,27.591666666666665,662.1999999999999,0.0,6,0.9690619988733398,0.2849152818564726,0.9948320413436693,12.713534822601838,7,2.0,0,Standard,Monthly,19.99,bank_transfer,Asia,1
357,32,11.0,13,-0.14285714285714285,45.55,0.3666490486257929,36,2,5.0,2.0,0.0,1.811904761904762,2.0,39.403999999999996,197.01999999999998,0.0,6,1.3793190379326177,0.27002285478012256,1.0,2.759526938239159,2,0.0,0,Premium,Monthly,39.99,paypal,Europe,0
358,705,22.0,23,-0.041666666666666664,43.837163120567375,-0.04609432698418144,714,1,34.0,1.0,1.0,0.9961116458132822,0.0,27.72941176470588,942.8,-0.33886462882096063,6,0.8062765935175512,0.23965519208629688,1.0,34.13272010512483,1,6.0,0,Standard,Annual,19.99,credit_card,Asia,0
359,37,11.0,10,0.09090909090909091,44.11891891891892,0.010317723469407725,42,1,6.0,2.0,1.0,1.616283185840708,0.5,24.886666666666667,149.32,0.10348283638185926,6,2.2387932289408106,0.265240156765251,0.9292035398230089,3.712220762155059,1,3.0,0,Standard,Monthly,19.99,credit_card,Europe,0
360,225,17.0,13,0.2857142857142857,28.71688888888889,0.02869548522396652,251,1,27.0,1.0,1.0,1.640479041916168,0.0,51.58185185185185,1392.71,26.951086956521735,6,1.27848429335421,0.2526697514854055,1.0,16.45860709592641,1,9.0,0,Standard,Monthly,19.99,credit_card,North America,1
361,39,13.0,18,-0.2631578947368421,21.03076923076923,-0.27113371880260545,41,1,4.0,1.0,2.0,1.691111111111111,-0.3333333333333333,19.894999999999996,79.57999999999998,-0.5661116552399608,6,1.165475582469806,0.3915223664509994,1.0,2.3653088042049935,1,0.0,0,Standard,Monthly,19.99,paypal,Asia,1
362,179,5.0,9,-0.4,38.841340782122906,-0.39366065879428225,184,3,7.0,0.0,1.0,0.6456969696969697,-0.5,24.62,172.34,0.0,6,1.5167354412840277,0.3042867062808403,0.9757575757575757,10.840998685939553,3,5.0,0,Basic,Annual,9.99,apple_pay,North America,1
363,67,13.0,3,2.5,38.15522388059701,-0.06459330143540676,81,3,21.0,4.0,2.0,2.4213636363636364,0.6666666666666666,56.473333333333336,1185.94,-0.5125566794558774,6,3.2830356051694176,0.24362429597463933,0.928030303030303,8.672798948751643,3,2.0,0,Standard,Monthly,19.99,credit_card,Europe,0
364,406,12.0,13,-0.07142857142857142,24.490640394088672,-0.11696141479099678,463,1,85.0,2.0,4.0,2.3825046040515656,-0.4,36.22423529411765,3079.06,-0.41419234360410834,6,1.6521065372327153,0.25686313405312666,0.9797421731123389,35.67674113009198,1,5.0,0,Basic,Monthly,9.99,paypal,Asia,0
365,308,7.0,6,0.14285714285714285,34.01461038961039,0.22689075630252103,345,10,50.0,1.0,1.0,1.578838174273859,0.0,37.9814,1899.07,-0.7273706171343968,6,2.119129829590433,0.2760194419539901,0.9512448132780082,31.6688567674113,10,7.0,0,Premium,Monthly,39.99,paypal,North America,0
366,56,4.0,8,-0.4444444444444444,14.210714285714285,-0.12085769980506841,63,4,12.0,1.0,1.0,1.6833179723502305,0.0,74.87166666666667,898.46,3.9853357773704388,6,2.6711633601217466,0.2654258009703807,0.9354838709677419,7.128777923784494,4,1.0,0,Premium,Monthly,39.99,paypal,Europe,1
367,212,15.0,24,-0.36,21.462735849056607,-0.0602218700475437,220,1,18.0,1.0,3.0,1.7964590163934429,-0.5,54.22333333333333,976.02,-0.6803455723542118,6,0.7419572814061548,0.2646682368636818,1.0,10.019710906701707,1,3.0,0,Basic,Annual,9.99,credit_card,North America,0
368,590,19.0,21,-0.09090909090909091,29.12440677966102,-0.008320523143742622,601,1,33.0,2.0,0.0,1.0732051282051283,2.0,44.76939393939394,1477.39,0.0,6,0.904411681539477,0.24438680288117234,1.0,30.749014454664913,1,2.0,0,Premium,Annual,39.99,credit_card,Europe,0
369,253,9.0,10,-0.09090909090909091,36.689328063241106,-0.10709540260430529,278,3,37.0,2.0,0.0,1.5774229691876753,2.0,30.91351351351351,1143.8,0.0,6,2.1702988844733855,0.2438852207101167,0.9215686274509803,23.45597897503285,3,4.0,0,Standard,Monthly,19.99,credit_card,Europe,0
370,298,17.0,16,0.058823529411764705,41.77751677852349,0.02114662061903982,305,1,11.0,1.0,1.0,0.5813194444444444,0.0,26.987272727272728,296.86,9.26021505376344,6,1.1567248677464397,0.26052766884368045,1.0,18.922470433639948,1,2.0,0,Standard,Monthly,19.99,bank_transfer,Oceania,0
371,117,11.0,15,-0.25,41.32735042735043,-0.029396529396529317,120,2,2.0,0.0,0.0,0.2693805309734513,0.0,25.665,51.33,0.0,6,1.1657286263573836,0.28192073077874663,1.0,7.424441524310118,2,2.0,0,Standard,Monthly,19.99,credit_card,Europe,0
372,321,13.0,14,-0.06666666666666667,30.590342679127726,0.07592822881506486,353,5,43.0,2.0,2.0,1.4756708004509584,0.0,37.72697674418605,1622.26,0.2798960138648181,6,2.0408924923283362,0.24290300634129844,0.9706877113866967,29.139290407358736,5,6.0,0,Standard,Annual,19.99,paypal,Asia,0
373,490,17.0,18,-0.05263157894736842,40.33714285714286,-0.1371756897824779,502,1,29.0,1.0,0.0,1.2485997171145686,1.0,32.674827586206895,947.5699999999999,0.0,6,0.7577832994610765,0.2540718779646474,1.0,23.226018396846253,1,6.0,0,Basic,Monthly,9.99,paypal,Asia,0
374,122,11.0,9,0.2,26.284426229508195,-0.09999999999999994,138,4,16.0,3.0,1.0,1.0751434878587196,1.0,46.931875000000005,750.9100000000001,7.687631578947368,6,2.9060537042948122,0.2586630208498992,0.8962472406181017,14.88173455978975,4,3.0,0,Standard,Monthly,19.99,paypal,Asia,0
375,358,10.0,20,-0.47619047619047616,22.531843575418993,-0.08458098386155943,380,2,46.0,2.0,1.0,2.077507418397626,0.5,41.99782608695652,1931.9,-0.8902690444284095,6,1.2832719920679545,0.26059073662498644,0.9970326409495548,22.141918528252297,2,3.0,0,Basic,Annual,9.99,paypal,Europe,0
376,301,13.0,22,-0.391304347826087,32.50830564784053,-0.057294500508166396,307,2,13.0,1.0,2.0,0.8697142857142857,-0.3333333333333333,16.41076923076923,213.34,-0.40817963111467526,6,0.8689372624888679,0.26534511477055445,1.0,14.947437582128778,2,3.0,0,Basic,Monthly,9.99,credit_card,South America,0
377,183,5.0,9,-0.4,39.07322404371585,-0.03398533007334967,206,5,28.0,2.0,1.0,1.4619554030874786,0.5,57.75428571428571,1617.12,11.653599429793301,6,2.4174560461474774,0.26922823291616815,0.9245283018867924,19.152431011826543,5,7.0,0,Basic,Annual,9.99,credit_card,Asia,0
378,567,17.0,15,0.125,40.72980599647266,-0.04155669872511739,594,1,53.0,2.0,2.0,1.5205655042412818,0.0,34.609245283018865,1834.29,-0.8247282608695652,6,1.2379334184946538,0.25289167041544836,1.0,34.85545335085414,1,3.0,0,Standard,Annual,19.99,credit_card,North America,0
379,512,19.0,21,-0.09090909090909091,22.6857421875,-0.002809018880466603,524,3,36.0,2.0,1.0,1.497049180327869,0.5,40.17277777777778,1446.22,16.19041278295606,6,0.720055169648933,0.25560267896365396,1.0,24.0473061760841,3,15.0,0,Standard,Monthly,19.99,bank_transfer,Europe,1
380,521,21.0,20,0.047619047619047616,26.461612284069098,0.15327970998074064,527,1,27.0,2.0,0.0,1.0715514993481097,2.0,36.263703703703705,979.12,0.0,6,0.8190759356591316,0.27542891153358123,1.0,25.19710906701708,1,2.0,0,Premium,Monthly,39.99,credit_card,South America,0
381,164,12.0,18,-0.3157894736842105,35.11524390243902,-0.03750000000000006,173,1,18.0,1.0,2.0,1.6963467492260063,-0.3333333333333333,40.49722222222223,728.95,-0.9062276306370795,6,1.4223044035653791,0.24482164827345898,1.0,10.611038107752956,1,3.0,0,Standard,Monthly,19.99,credit_card,North America,0
382,30,11.0,11,0.0,37.723333333333336,-0.19257250156478198,31,2,4.0,0.0,3.0,1.338021978021978,-0.75,50.33,201.32,0.0,6,2.7226170641794116,0.30131505303597916,0.9230769230769231,2.9894875164257555,2,2.0,0,Basic,Monthly,9.99,paypal,North America,1
383,332,18.0,14,0.26666666666666666,19.69066265060241,0.06951154052603334,346,1,29.0,1.0,2.0,1.372877138413686,-0.3333333333333333,32.59,945.11,-0.6143167028199567,6,1.2200369081699671,0.262053846720006,1.0,21.12352168199737,1,0.0,0,Standard,Annual,19.99,credit_card,South America,0
384,167,11.0,8,0.3333333333333333,22.352095808383236,0.09590093117020236,186,2,26.0,1.0,2.0,1.3081652892561983,-0.3333333333333333,29.468461538461536,766.18,-0.8369316323192673,6,2.6753762488396773,0.23192395421508796,0.971900826446281,19.87516425755585,2,1.0,0,Standard,Monthly,19.99,paypal,Europe,0
385,39,14.0,15,-0.0625,34.292307692307695,-0.015324333753790763,42,2,5.0,1.0,4.0,1.9766233766233767,-0.6,13.416,67.08,-0.44274120829576197,6,1.0609475746225923,0.24050396918351705,1.0,2.5295663600525624,2,1.0,0,Standard,Monthly,19.99,credit_card,Europe,0
386,71,14.0,18,-0.21052631578947367,18.378873239436622,-0.13887043189368775,72,2,6.0,2.0,1.0,1.7069158878504673,0.5,32.47,194.82,-0.8401449111287218,6,0.9689339492390219,0.4057510965274981,1.0,3.515111695137976,2,0.0,0,Basic,Monthly,9.99,paypal,North America,1
387,574,16.0,17,-0.05555555555555555,25.041811846689896,0.0668269230769231,583,4,19.0,0.0,1.0,0.6844497041420119,-0.5,28.493157894736843,541.37,0.0,6,0.8292353295954904,0.2531024569934957,1.0,27.75952693823916,4,13.0,0,Basic,Monthly,9.99,credit_card,Europe,0
388,321,9.0,12,-0.23076923076923078,17.12772585669782,-0.04409497378970089,349,2,47.0,0.0,1.0,1.3703831417624521,-0.5,33.507659574468086,1574.86,0.0,6,2.5064691549331877,0.24753959948552476,0.9252873563218391,34.2969776609724,2,3.0,0,Basic,Monthly,9.99,credit_card,North America,0
389,45,9.0,11,-0.16666666666666666,33.39777777777778,-0.1648357935690582,50,8,6.0,1.0,2.0,1.1783225806451614,-0.3333333333333333,50.52333333333333,303.14,-0.8969192508755012,6,2.4194506600876653,0.3036535261218846,0.9483870967741935,5.091984231274639,8,3.0,0,Standard,Monthly,19.99,paypal,North America,1
390,208,15.0,14,0.06666666666666667,33.55480769230769,0.003035822707953971,223,1,15.0,0.0,0.0,0.8271739130434782,0.0,25.237333333333332,378.56,0.0,6,1.872805062337361,0.2588855139076887,0.9891304347826086,18.134034165571617,1,6.0,0,Premium,Monthly,39.99,paypal,Asia,0
391,263,11.0,18,-0.3684210526315789,13.993916349809886,-0.26519594774726746,271,3,28.0,0.0,2.0,2.0007511737089203,-0.6666666666666666,24.78,693.84,0.0,6,0.9722927336205394,0.2580062633308112,1.0,13.994743758212877,3,10.0,0,Standard,Annual,19.99,credit_card,South America,1
392,152,7.0,10,-0.2727272727272727,38.11842105263158,-0.30359271241273633,158,3,9.0,0.0,0.0,0.7404324324324325,0.0,29.491111111111113,265.42,0.0,6,1.611473844141175,0.29244303649272035,1.0,12.155059132720105,3,2.0,0,Basic,Monthly,9.99,credit_card,North America,1
393,181,9.0,13,-0.2857142857142857,22.693922651933704,0.002855747191222481,194,4,18.0,0.0,1.0,1.039696394686907,-0.5,36.875,663.75,0.0,6,2.072844928285394,0.24927738764221274,0.9563567362428842,17.31274638633377,4,3.0,0,Standard,Annual,19.99,paypal,North America,0
394,311,17.0,16,0.058823529411764705,28.3112540192926,-0.05748036217545121,327,1,40.0,4.0,1.0,2.382778864970646,1.5,35.961,1438.44,6.098079916969382,6,0.9741152009534837,0.2505416279982321,1.0,16.78712220762155,1,5.0,0,Basic,Monthly,9.99,apple_pay,South America,0
395,306,19.0,20,-0.047619047619047616,14.54705882352941,0.0625717664398704,315,3,18.0,1.0,3.0,1.1274074074074074,-0.5,61.12055555555556,1100.17,-0.8673918906769756,6,0.8572960711391883,0.2725565461275064,1.0,15.965834428383705,3,2.0,0,Standard,Monthly,19.99,credit_card,Europe,0
396,258,23.0,19,0.2,18.919379844961238,-0.016531702174492298,269,1,23.0,1.0,2.0,1.8327748691099477,-0.3333333333333333,32.98347826086957,758.62,-0.5732009925558312,6,0.868410398526779,0.24393554853676847,1.0,12.54927726675427,1,3.0,0,Basic,Annual,9.99,bank_transfer,Europe,0
397,467,16.0,14,0.13333333333333333,44.27537473233404,0.10411367249602545,480,1,25.0,2.0,2.0,0.8848837209302326,0.0,42.4652,1061.63,-0.1610154125113329,6,1.1448800179498781,0.256674854497902,1.0,28.252299605781864,1,9.0,0,Basic,Annual,9.99,bank_transfer,South America,0
398,411,20.0,17,0.16666666666666666,44.98710462287105,-0.004181034482758686,435,1,48.0,3.0,1.0,1.8286858573216522,1.0,36.71583333333333,1762.36,20.2629246676514,6,1.2081854196163777,0.24658723555803716,1.0,26.248357424441522,1,11.0,0,Basic,Annual,9.99,paypal,Europe,0
399,419,22.0,17,0.2777777777777778,44.364677804295944,-0.02874331550802137,443,1,54.0,2.0,0.0,2.568375,2.0,42.822407407407404,2312.41,0.0,6,0.7867534084474082,0.25584582709024056,1.0,21.02496714848883,1,2.0,0,Basic,Monthly,9.99,credit_card,South America,0
400,286,18.0,18,0.0,15.596153846153847,0.006447234475738179,296,1,26.0,2.0,1.0,1.7548558758314856,0.5,44.908076923076926,1167.6100000000001,-0.1686879823594268,6,0.8402285930332734,0.2394360863595674,1.0,14.816031537450723,1,3.0,0,Basic,Monthly,9.99,credit_card,Asia,0
401,152,18.0,20,-0.09523809523809523,20.55328947368421,-0.04690243290694754,155,1,6.0,0.0,0.0,0.6892075471698114,0.0,36.56333333333333,219.38,0.0,6,1.164363472854919,0.2646975132582809,1.0,8.705650459921156,1,2.0,0,Standard,Annual,19.99,credit_card,South America,0
402,223,21.0,22,-0.043478260869565216,30.511659192825114,0.14127592288511823,231,1,20.0,4.0,0.0,2.0158940397350995,4.0,31.049,620.98,0.0,6,0.6577804703262221,0.22372771151393267,1.0,9.921156373193167,1,2.0,0,Standard,Annual,19.99,apple_pay,Europe,0
403,605,22.0,23,-0.041666666666666664,16.52925619834711,-0.1083795633500356,620,1,44.0,2.0,0.0,1.483233665559247,2.0,40.21477272727273,1769.45,0.0,6,0.8081457349640676,0.25653307998776675,1.0,29.664914586070957,1,10.0,0,Premium,Monthly,39.99,paypal,North America,0
404,268,12.0,11,0.08333333333333333,27.599253731343286,-0.0060314298362105475,279,4,15.0,0.0,1.0,0.7101088646967341,-0.5,35.418,531.27,0.0,6,1.6987989817565556,0.26482678486736766,0.9688958009331259,21.12352168199737,4,2.0,0,Basic,Monthly,9.99,credit_card,Europe,0
405,247,10.0,7,0.375,29.441700404858302,0.16529411764705887,263,2,18.0,0.0,1.0,0.6128859060402685,-0.5,43.51222222222222,783.22,0.0,6,2.971843928685155,0.22099037037644087,0.9004474272930649,29.369250985545335,2,8.0,0,Standard,Monthly,19.99,paypal,Europe,0
406,422,21.0,18,0.15789473684210525,31.757345971563982,-0.07604562737642598,442,1,34.0,0.0,1.0,1.3285750962772787,-0.5,18.32558823529412,623.07,0.0,6,1.1104069093949642,0.2751629284576578,1.0,25.591327201051246,1,11.0,0,Standard,Monthly,19.99,credit_card,Asia,0
407,251,9.0,14,-0.3333333333333333,22.75458167330677,0.058348262900902705,273,1,26.0,2.0,1.0,0.95125,0.5,27.256923076923076,708.68,3.101056803170409,6,2.4572947928877924,0.2559749873882359,0.9254807692307692,27.33245729303548,1,8.0,0,Premium,Monthly,39.99,paypal,North America,0
408,298,17.0,18,-0.05263157894736842,24.53053691275168,-0.02729868646487722,303,1,13.0,2.0,2.0,0.8565367965367966,0.0,28.169999999999998,366.21,0.329776915615907,6,0.8457202781874967,0.23167326502932825,1.0,15.177398160315374,1,3.0,0,Standard,Monthly,19.99,paypal,South America,0
409,138,13.0,4,1.8,12.971739130434782,0.16357206012378428,161,2,26.0,0.0,1.0,1.7394285714285713,-0.5,35.74269230769231,929.31,0.0,6,2.278005306425038,0.22608186298104865,0.9846153846153847,14.947437582128778,2,4.0,0,Premium,Monthly,39.99,bank_transfer,North America,0
410,336,12.0,14,-0.13333333333333333,27.562797619047622,-0.09141240157480325,351,1,28.0,3.0,3.0,1.3338341158059468,0.0,34.96035714285714,978.89,3.2868925546143557,6,1.2731073372907762,0.25102737078159176,1.0,20.992115637319316,1,3.0,0,Standard,Monthly,19.99,credit_card,Asia,0
411,196,8.0,9,-0.1,30.032653061224487,-0.15491113932085043,219,2,24.0,0.0,0.0,0.9189433962264152,0.0,32.841249999999995,788.1899999999999,0.0,6,3.1554518703588936,0.2372232533307237,0.9333333333333333,26.116951379763467,2,9.0,0,Basic,Monthly,9.99,paypal,Oceania,0
412,198,8.0,4,0.8,40.193939393939395,-0.017699115044247787,220,2,25.0,1.0,1.0,1.2683333333333333,0.0,28.6516,716.29,-0.5533642691415313,6,2.448651588148553,0.27573178421689115,0.9216666666666667,19.71090670170828,2,15.0,0,Basic,Annual,9.99,credit_card,Europe,1
413,307,20.0,20,0.0,13.743973941368077,0.057815845824411044,316,1,21.0,2.0,0.0,1.270854870775348,2.0,31.56904761904762,662.95,0.0,6,0.9839270427411095,0.23681421670444203,1.0,16.52431011826544,1,2.0,0,Standard,Annual,19.99,credit_card,Europe,0
414,147,16.0,21,-0.22727272727272727,11.729251700680273,-0.03581928655429236,154,1,25.0,2.0,4.0,3.2660944206008584,-0.4,32.2592,806.48,-0.5924919905279287,6,0.9535568812788221,0.239013725806069,1.0,7.654402102496714,1,1.0,0,Basic,Monthly,9.99,bank_transfer,North America,0
415,81,22.0,22,0.0,16.76172839506173,-0.057932500664363604,83,1,6.0,2.0,1.0,1.5347899159663867,0.5,21.08,126.47999999999999,0.3684210526315788,6,0.7206048180689256,0.24962899559696364,1.0,3.9093298291721417,1,0.0,0,Basic,Monthly,9.99,credit_card,North America,0
416,427,22.0,23,-0.041666666666666664,22.53934426229508,0.21915951619838117,440,1,52.0,3.0,5.0,2.603421052631579,-0.3333333333333333,39.621346153846154,2060.31,-0.8418973068679527,6,0.7366907807878065,0.2669745570359338,1.0,19.97371879106439,1,2.0,0,Basic,Annual,9.99,credit_card,Asia,0
417,497,13.0,12,0.07692307692307693,27.022535211267606,0.03319084174481325,511,2,26.0,2.0,0.0,0.761,2.0,54.31923076923077,1412.3,0.0,6,1.4220856220594724,0.25200060989906964,1.0,34.16557161629435,2,4.0,0,Basic,Monthly,9.99,credit_card,North America,0
418,170,18.0,13,0.35714285714285715,21.70764705882353,-0.03246351493976784,180,1,13.0,0.0,1.0,1.3505802047781572,-0.5,37.60076923076923,488.81,0.0,6,0.9054199711794841,0.2611871219813641,1.0,9.625492772667542,1,3.0,0,Basic,Annual,9.99,bank_transfer,Asia,0
419,209,21.0,17,0.2222222222222222,24.722966507177034,0.09625996321275279,217,1,21.0,1.0,1.0,1.966892307692308,0.0,52.58904761904761,1104.37,3.9355395232120456,6,0.9149914219956281,0.2492643243346733,1.0,10.676741130091983,1,6.0,0,Standard,Monthly,19.99,apple_pay,North America,1
420,165,15.0,15,0.0,17.75151515151515,0.09784661881375162,184,1,27.0,1.0,1.0,2.321694915254237,0.0,39.397777777777776,1063.74,2.1797235023041472,6,1.3402660096566084,0.2572890032414596,1.0,11.629434954007884,1,1.0,0,Basic,Monthly,9.99,bank_transfer,Oceania,0
421,110,14.0,15,-0.0625,40.29818181818182,-0.02340337486780995,117,2,19.0,4.0,0.0,2.54784140969163,4.0,36.438421052631575,692.3299999999999,0.0,6,1.3623773207221235,0.26194389230789106,1.0,7.457293035479632,2,1.0,0,Basic,Annual,9.99,credit_card,Europe,0
422,84,8.0,18,-0.5263157894736842,28.00238095238095,-0.08770140730165206,87,4,7.0,1.0,4.0,1.4397297297297298,-0.6,46.885714285714286,328.2,-0.49911772119989917,6,1.3927700748982756,0.260912737858768,0.9459459459459459,4.862023653088042,4,4.0,0,Basic,Monthly,9.99,credit_card,Europe,1
423,169,6.0,5,0.16666666666666666,38.56449704142012,-0.3483927019982624,208,5,43.0,1.0,4.0,2.4149815498154985,-0.6,41.26511627906977,1774.4,-0.8665531387878319,6,2.026638876972834,0.2472992928386351,0.9557195571955719,17.805519053876477,5,8.0,0,Standard,Monthly,19.99,apple_pay,North America,1
424,605,21.0,19,0.1,44.89305785123967,-0.11913671477836127,625,1,60.0,3.0,3.0,1.9429787234042555,0.0,37.64816666666666,2258.89,0.125716544771694,6,0.8759178418591106,0.2420738085242672,1.0,30.880420499342968,1,9.0,0,Premium,Annual,39.99,paypal,Europe,0
425,65,4.0,10,-0.5454545454545454,17.50153846153846,-0.12971839424805287,70,12,9.0,1.0,2.0,1.404923076923077,-0.3333333333333333,83.12555555555554,748.1299999999999,-0.4931653139683896,6,1.79025971245017,0.24548807658873614,0.9692307692307692,6.40604467805519,12,0.0,0,Premium,Monthly,39.99,credit_card,Europe,1
426,134,9.0,15,-0.375,26.30223880597015,0.0592737339195571,141,2,13.0,0.0,1.0,1.2642811501597446,-0.5,33.13307692307693,430.73,0.0,6,1.8430029340739367,0.2342856086068194,0.9840255591054313,10.282522996057818,2,0.0,0,Standard,Monthly,19.99,credit_card,North America,0
427,481,13.0,12,0.07692307692307693,42.95550935550935,-0.026676411474511226,503,4,47.0,2.0,1.0,1.6752693208430913,0.5,41.268085106382976,1939.6,-0.2000661375661376,6,0.9880942303797131,0.24700765604262098,1.0,28.055190538764784,4,4.0,0,Basic,Monthly,9.99,paypal,North America,0
428,408,19.0,19,0.0,36.4813725490196,-0.11100929441026304,419,1,33.0,2.0,1.0,1.4815929203539824,0.5,40.77242424242424,1345.49,7.871550903901047,6,1.0531659917265894,0.25352333218806605,1.0,22.273324572930353,1,2.0,0,Basic,Monthly,9.99,credit_card,South America,0
429,53,7.0,11,-0.3333333333333333,22.00943396226415,-0.13644314868804674,65,3,15.0,5.0,1.0,2.3536082474226805,2.0,38.162,572.43,15.588033349681215,6,2.4975682617742843,0.23132660617717676,0.9742268041237113,6.3731931668856765,3,0.0,0,Standard,Monthly,19.99,bank_transfer,Asia,0
430,190,18.0,21,-0.13636363636363635,18.370526315789473,-0.048275581584512825,196,1,17.0,2.0,3.0,1.7905882352941178,-0.25,59.64411764705883,1013.95,-0.8812279591283118,6,0.761622431735264,0.2883850839918483,1.0,9.494086727989487,1,4.0,0,Premium,Monthly,39.99,paypal,Europe,0
431,301,13.0,6,1.0,15.19235880398671,0.02857142857142847,355,3,82.0,2.0,1.0,2.953940828402367,0.5,31.31621951219512,2567.93,22.848888888888887,6,1.7404346728063347,0.2447464429040215,0.9775147928994083,27.75952693823916,3,10.0,0,Basic,Annual,9.99,credit_card,Europe,0
432,86,4.0,8,-0.4444444444444444,34.366279069767444,0.27438136826783105,98,4,12.0,2.0,0.0,1.1633121019108281,2.0,45.04749999999999,540.5699999999999,0.0,6,2.7143107445297074,0.22516384947514137,0.9363057324840764,10.315374507227332,4,3.0,0,Basic,Monthly,9.99,bank_transfer,North America,0
433,278,21.0,13,0.5714285714285714,25.925539568345325,0.09316904453091236,297,1,37.0,3.0,0.0,2.085703703703704,3.0,36.03864864864865,1333.43,0.0,6,1.2855258570995935,0.24266939994653108,0.9981481481481482,17.73981603153745,1,1.0,0,Premium,Monthly,39.99,bank_transfer,South America,0
434,276,12.0,15,-0.1875,39.66159420289855,-0.24667611159546637,287,3,31.0,1.0,2.0,2.262925659472422,-0.3333333333333333,46.62612903225807,1445.41,-0.13110938712179993,6,0.8050570138103368,0.2883640709532199,1.0,13.699080157687254,3,8.0,0,Standard,Monthly,19.99,paypal,North America,1
435,135,5.0,5,0.0,38.034814814814816,-0.03396409509946625,155,6,22.0,1.0,1.0,1.3694887525562374,0.0,29.084545454545456,639.86,12.547770700636942,6,3.0658741128843925,0.26042640553168844,0.9161554192229038,16.064388961892245,6,6.0,0,Basic,Monthly,9.99,apple_pay,North America,0
436,88,18.0,11,0.5833333333333334,20.6125,0.060389519405912785,91,3,4.0,1.0,0.0,0.6653551912568306,1.0,38.642500000000005,154.57000000000002,0.0,6,1.3185036727598254,0.27701146857386083,0.994535519125683,6.011826544021025,3,1.0,0,Basic,Monthly,9.99,credit_card,North America,0
437,180,16.0,13,0.21428571428571427,17.8,-0.04633972267536703,193,2,25.0,4.0,1.0,2.2122093023255816,1.5,47.982,1199.55,5.0404715127701385,6,1.0897247358851683,0.2554811042088737,1.0,11.300919842312746,2,3.0,0,Basic,Monthly,9.99,credit_card,Europe,0
438,156,17.0,17,0.0,15.69679487179487,0.12778977681785453,162,3,15.0,2.0,0.0,1.6725274725274726,2.0,25.69,385.35,0.0,6,1.0816797381390766,0.239277969865064,1.0,8.968462549277266,3,2.0,0,Basic,Monthly,9.99,apple_pay,North America,1
439,235,16.0,18,-0.10526315789473684,31.647659574468083,0.08933161953727502,244,2,19.0,2.0,1.0,1.2411158798283262,0.5,34.70052631578947,659.31,1.1505124450951685,6,1.2675593866269108,0.23814125143392154,1.0,15.308804204993429,2,8.0,0,Standard,Monthly,19.99,apple_pay,North America,0
440,746,23.0,23,0.0,23.03069705093834,-0.08323404255319149,751,1,14.0,1.0,0.0,0.39865294667913936,1.0,61.58428571428572,862.1800000000001,0.0,6,0.779551752341972,0.2580963548933332,1.0,35.11826544021025,1,6.0,0,Basic,Monthly,9.99,apple_pay,North America,0
441,139,10.0,11,-0.08333333333333333,43.149640287769785,-0.06386148191139498,162,7,37.0,4.0,3.0,2.4117344753747325,0.25,50.806216216216214,1879.83,-0.5903232852774137,6,2.4287358365979523,0.25380901278229395,0.9143468950749466,15.341655716162943,7,2.0,0,Standard,Annual,19.99,credit_card,South America,0
442,250,7.0,10,-0.2727272727272727,17.5368,0.024812030075187976,282,2,49.0,2.0,4.0,2.30179012345679,-0.4,38.920204081632654,1907.09,-0.2698057845465976,6,1.6614211641536014,0.23822148069794166,0.9938271604938271,21.28777923784494,2,4.0,0,Standard,Monthly,19.99,credit_card,North America,0
443,306,5.0,9,-0.4,19.26732026143791,-0.09042067916877854,377,2,84.0,3.0,2.0,2.649699481865285,0.3333333333333333,38.54392857142857,3237.69,3.549688774415111,6,2.1119299768103956,0.26017217810325194,0.9647668393782383,31.701708278580814,2,16.0,0,Basic,Annual,9.99,apple_pay,North America,0
444,68,7.0,4,0.6,33.06029411764706,-0.02489347387306576,76,1,6.0,1.0,0.0,0.808141592920354,1.0,51.63666666666666,309.82,0.0,6,2.698815222204663,0.2399835733802011,0.9601769911504425,7.424441524310118,1,4.0,0,Standard,Monthly,19.99,paypal,North America,0
445,578,15.0,22,-0.30434782608695654,34.279757785467126,-0.0029355929064222327,584,6,20.0,1.0,0.0,0.6957714285714286,1.0,49.951499999999996,999.03,0.0,6,0.9040745046613159,0.25259859101086524,1.0,28.74507227332457,6,5.0,0,Basic,Monthly,9.99,bank_transfer,Europe,0
446,224,16.0,12,0.3076923076923077,29.881696428571427,-0.03307919331037876,240,1,38.0,3.0,2.0,2.1108029197080294,0.3333333333333333,41.33684210526316,1570.8,-0.5338868507433867,6,1.653431267569587,0.26315528105035635,0.9835766423357664,18.00262812089356,1,2.0,0,Basic,Monthly,9.99,apple_pay,North America,0
447,33,10.0,14,-0.26666666666666666,28.578787878787878,-0.017502972651605147,34,1,2.0,0.0,1.0,0.7516049382716049,-0.5,20.645,41.29,0.0,6,1.7858874374926152,0.25102643325250684,1.0,2.6609724047306176,1,1.0,0,Basic,Monthly,9.99,credit_card,Asia,0
448,691,23.0,18,0.2631578947368421,12.811577424023154,0.0215547584727298,714,2,63.0,3.0,2.0,1.8229277566539925,0.3333333333333333,30.03793650793651,1892.39,-0.4903728978796003,6,0.7964639099897517,0.24477400441193203,1.0,34.55978975032851,2,1.0,0,Standard,Monthly,19.99,apple_pay,Europe,0
449,394,6.0,14,-0.5333333333333333,43.65431472081218,-0.35886722376973074,408,5,26.0,0.0,1.0,1.0946611341632089,-0.5,36.823846153846155,957.42,0.0,6,1.1418551422584788,0.2681473486434571,1.0,23.751642575558474,5,12.0,0,Basic,Monthly,9.99,apple_pay,Asia,1
450,68,10.0,17,-0.3888888888888889,24.99705882352941,-0.10341955282770722,74,9,11.0,2.0,5.0,2.2028947368421052,-0.5,33.18545454545455,365.04,-0.5822091994692614,6,1.4506073886626312,0.2589346709363702,0.9671052631578947,4.993429697766097,9,3.0,0,Basic,Monthly,9.99,credit_card,North America,1
451,298,16.0,20,-0.19047619047619047,32.36174496644295,0.0031671715780777192,313,1,38.0,4.0,2.0,2.440337552742616,0.6666666666666666,30.901842105263157,1174.27,-0.8876026383093284,6,0.9755017143451933,0.25240865313745914,1.0,15.571616294349539,1,2.0,0,Standard,Monthly,19.99,apple_pay,Europe,0
452,334,10.0,15,-0.3125,32.796706586826346,0.14792405591487587,365,4,54.0,2.0,2.0,1.8083168316831684,0.0,30.666851851851852,1656.01,14.117852975495916,6,2.0279937015847818,0.2221934996104237,0.9779977997799779,29.86202365308804,4,2.0,0,Standard,Annual,19.99,paypal,North America,0
453,327,11.0,7,0.5,27.278593272171253,0.018255685115812628,344,5,22.0,1.0,0.0,0.6533463414634146,1.0,39.94772727272727,878.85,0.0,6,2.5727476692480633,0.23268456345446406,0.9151219512195122,33.67279894875164,5,7.0,0,Basic,Monthly,9.99,credit_card,Europe,0
454,99,13.0,13,0.0,17.106060606060606,-0.06835128417564212,102,4,6.0,0.0,1.0,0.808141592920354,-0.5,18.080000000000002,108.48,0.0,6,1.3043719326226937,0.27523679328629574,0.9911504424778761,7.424441524310118,4,1.0,0,Premium,Monthly,39.99,paypal,Europe,0
455,349,13.0,16,-0.17647058823529413,19.86647564469914,0.007642922653622744,384,3,56.0,1.0,3.0,2.357731673582296,-0.5,30.367857142857144,1700.6000000000001,-0.5585937499999999,6,1.1916761874187447,0.25635624158446535,0.9972337482710926,23.751642575558474,3,8.0,0,Basic,Annual,9.99,credit_card,Asia,0
456,161,4.0,8,-0.4444444444444444,38.356521739130436,-0.0553702468312207,185,7,25.0,1.0,0.0,1.3761301989150092,1.0,36.8496,921.24,0.0,6,2.3606569751323274,0.26267654077331315,0.9367088607594937,18.166885676741128,7,6.0,0,Basic,Annual,9.99,paypal,North America,1
457,477,21.0,19,0.1,17.29433962264151,-0.018097990641343258,487,2,18.0,0.0,1.0,0.6546236559139785,-0.5,68.95555555555556,1241.2,0.0,6,1.0844549758813613,0.2525833275701452,1.0,27.496714848883048,2,9.0,0,Premium,Annual,39.99,paypal,North America,0
458,265,16.0,22,-0.2608695652173913,40.381509433962265,-0.041367898510755625,277,6,38.0,2.0,2.0,2.734562647754137,0.0,40.640263157894736,1544.33,-0.49290727191279676,6,0.8506604424832492,0.2653906806813268,0.9929078014184397,13.896189224704337,6,0.0,0,Basic,Monthly,9.99,credit_card,North America,0
459,299,10.0,11,-0.08333333333333333,44.16321070234113,-0.14870274277242393,314,1,21.0,0.0,1.0,0.7710977080820266,-0.5,32.154761904761905,675.25,0.0,6,2.1889946063764776,0.2365621858195435,0.9541616405307599,27.233902759526938,1,7.0,0,Basic,Monthly,9.99,credit_card,Asia,0
460,92,12.0,13,-0.07142857142857142,31.43913043478261,0.00043725404459981005,96,5,9.0,0.0,2.0,1.2742325581395348,-0.6666666666666666,53.32555555555555,479.93,0.0,6,1.5296985335625533,0.2510859929691859,0.9767441860465116,7.063074901445466,5,1.0,0,Standard,Monthly,19.99,credit_card,North America,0
461,644,17.0,19,-0.1,17.953105590062112,-0.10198853629639112,669,3,51.0,3.0,4.0,1.4374444444444443,-0.2,46.28176470588235,2360.37,-0.7127150484476964,6,0.9753939282763604,0.25623855672704404,0.9981481481481482,35.4796320630749,3,14.0,0,Basic,Monthly,9.99,paypal,North America,0
462,229,22.0,20,0.09523809523809523,26.092139737991268,-0.05627397348956905,239,1,30.0,2.0,4.0,2.3719480519480522,-0.4,32.07333333333333,962.1999999999999,-0.8072750191329402,6,1.0279572443248717,0.25496175859362,1.0,12.64783180026281,1,3.0,0,Basic,Annual,9.99,apple_pay,Europe,0
463,441,18.0,16,0.11764705882352941,36.639002267573694,0.028403925715663823,464,1,44.0,2.0,2.0,1.8473931034482758,0.0,38.557272727272725,1696.52,-0.3649711588883063,6,0.880120036046799,0.24002393274271183,1.0,23.817345597897503,1,3.0,0,Premium,Monthly,39.99,paypal,Asia,0
464,206,22.0,24,-0.08,24.12378640776699,-0.12127508100018895,211,1,15.0,1.0,3.0,1.5322147651006712,-0.5,31.054666666666666,465.82,-0.8268497330282227,6,0.7398435111918139,0.2777239689545855,1.0,9.789750328515112,1,1.0,0,Standard,Monthly,19.99,credit_card,North America,0
465,409,19.0,16,0.17647058823529413,25.947432762836186,0.04369483206973576,422,1,30.0,3.0,3.0,1.344918998527246,0.0,32.431666666666665,972.9499999999999,-0.12899714246836308,6,0.951332416806106,0.23135620793248868,1.0,22.306176084099867,1,6.0,0,Premium,Monthly,39.99,credit_card,Europe,0
466,368,18.0,17,0.05555555555555555,43.61820652173913,0.03154126606098046,386,1,50.0,3.0,2.0,2.462783171521036,0.3333333333333333,29.4108,1470.54,-0.3181177796562413,6,0.9356890879261495,0.2312266360388148,1.0,20.302233902759525,1,4.0,0,Basic,Monthly,9.99,apple_pay,Asia,0
467,130,10.0,14,-0.26666666666666666,35.723846153846154,-0.3026260942059192,141,3,11.0,0.0,0.0,0.9906508875739645,0.0,31.39363636363636,345.33,0.0,6,1.7530475592858825,0.30859362278468977,0.9940828402366864,11.103810775295663,3,5.0,0,Basic,Monthly,9.99,paypal,North America,1
468,106,18.0,16,0.11764705882352941,36.80849056603773,-0.05589882565492315,106,3,6.0,2.0,0.0,1.026067415730337,2.0,30.548333333333332,183.29,0.0,6,1.0063898413738648,0.28539592138012715,1.0,5.847568988173456,3,0.0,0,Standard,Annual,19.99,credit_card,North America,0
469,140,4.0,6,-0.2857142857142857,13.442142857142859,-0.13354037267080743,154,8,23.0,1.0,1.0,1.5088793103448277,0.0,31.205652173913045,717.73,-0.7754279959718026,6,2.518217081321992,0.23815939676220663,0.9353448275862069,15.243101182654401,8,2.0,0,Premium,Annual,39.99,apple_pay,Asia,0
470,374,11.0,6,0.7142857142857143,30.746524064171126,-0.1429685131447875,400,2,36.0,1.0,1.0,1.034787535410765,0.0,49.35861111111112,1776.91,0.9784422809457578,6,2.1934560010629656,0.24070265319854042,0.9518413597733711,34.78975032851511,2,6.0,0,Basic,Monthly,9.99,credit_card,North America,0
471,201,9.0,7,0.25,42.02537313432836,0.02987224686303505,226,3,37.0,2.0,1.0,1.7064848484848485,0.5,32.95351351351351,1219.28,2.6288546255506606,6,2.5055493963954842,0.2319963573341218,0.9121212121212121,21.681997371879106,3,4.0,0,Premium,Annual,39.99,paypal,Europe,0
472,156,13.0,11,0.16666666666666666,38.68910256410256,-0.008168514720706264,167,3,16.0,0.0,2.0,1.2085359801488833,-0.6666666666666666,26.413125,422.61,0.0,6,1.7887829472226509,0.23608649647350435,0.9900744416873449,13.23915900131406,3,2.0,0,Premium,Monthly,39.99,credit_card,Asia,0
473,304,14.0,19,-0.25,25.74440789473684,-0.3095700416088766,311,6,20.0,1.0,0.0,1.2274193548387096,1.0,33.751,675.02,0.0,6,0.9442105501435585,0.29248762117414956,1.0,16.294349540078844,6,6.0,0,Standard,Monthly,19.99,paypal,North America,1
474,137,12.0,11,0.08333333333333333,40.00948905109489,-0.34700910273081925,143,4,21.0,2.0,2.0,2.8284955752212393,0.0,45.85190476190476,962.89,4.141455859576665,6,0.9184074153671338,0.31786934915453263,0.9911504424778761,7.424441524310118,4,2.0,0,Basic,Monthly,9.99,credit_card,North America,1
475,365,14.0,12,0.15384615384615385,18.594246575342464,0.005657708628005638,398,4,58.0,1.0,1.0,2.272226512226512,0.0,32.190862068965515,1867.07,-0.1691576086956522,6,1.3351211203385631,0.248370814566408,1.0,25.52562417871222,4,5.0,0,Premium,Monthly,39.99,apple_pay,North America,0
476,55,17.0,15,0.125,35.79272727272727,0.13974092973700433,59,2,9.0,2.0,2.0,2.6342307692307694,0.0,61.16777777777778,550.51,-0.6523876836088747,6,1.3547880630212166,0.2494564628312275,1.0,3.416557161629435,2,1.0,0,Premium,Monthly,39.99,bank_transfer,North America,0
477,44,11.0,17,-0.3333333333333333,21.63181818181818,0.1471931634006189,46,1,6.0,2.0,2.0,1.9225263157894739,0.0,18.72833333333333,112.36999999999999,-0.5558371040723982,6,1.429487440810287,0.25018467625217894,1.0,3.1208935611038107,1,1.0,0,Premium,Monthly,39.99,bank_transfer,Europe,0
478,218,10.0,15,-0.3125,41.05045871559633,-0.3330900243309002,231,6,19.0,1.0,1.0,1.2881069042316258,0.0,24.42157894736842,464.01,0.9395833333333335,6,1.2072262014949187,0.26674766829934154,0.9977728285077951,14.750328515111695,6,8.0,0,Basic,Monthly,9.99,paypal,North America,1
479,134,14.0,19,-0.25,24.176119402985073,0.01682879658228221,138,3,10.0,1.0,1.0,1.2079365079365079,0.0,27.547000000000004,275.47,-0.5417205692108668,6,1.3129388795761936,0.25940604736948614,1.0,8.278580814717477,3,2.0,0,Basic,Monthly,9.99,apple_pay,North America,0
480,115,12.0,11,0.08333333333333333,32.97391304347826,-0.08915680046202719,122,1,9.0,0.0,0.0,0.9132,0.0,39.785555555555554,358.07,0.0,6,1.9409676380354273,0.2738613787696516,0.9800000000000001,9.85545335085414,1,1.0,0,Basic,Annual,9.99,paypal,Europe,0
481,78,16.0,15,0.0625,17.380769230769232,0.013416730328495045,84,1,10.0,5.0,3.0,1.9144654088050315,0.5,45.156,451.56,4.87255888866519,6,1.4948240603816016,0.2634605435544279,1.0,5.223390275952694,1,3.0,0,Standard,Annual,19.99,paypal,Asia,0
482,61,19.0,21,-0.09090909090909091,22.731147540983606,-0.05006644620947552,65,1,14.0,6.0,5.0,4.348571428571429,0.16666666666666666,26.489285714285717,370.85,-0.6312271886998152,6,0.9258200997725514,0.21622741109344007,1.0,3.219448094612352,1,0.0,0,Basic,Annual,9.99,credit_card,North America,0
483,255,11.0,15,-0.25,28.954901960784312,-0.07114624505928856,280,1,45.0,2.0,3.0,2.341538461538462,-0.25,30.750666666666667,1383.78,-0.24431239388794568,6,1.5426514838013348,0.2452745074578021,1.0,19.21813403416557,1,1.0,0,Standard,Monthly,19.99,credit_card,North America,0
484,151,15.0,13,0.14285714285714285,23.987417218543047,0.1274311227267776,156,1,7.0,4.0,1.0,0.6807667731629393,1.5,23.39428571428571,163.76,18.317006802721092,6,1.2638176383646003,0.2371825677854371,1.0,10.282522996057818,1,1.0,0,Basic,Monthly,9.99,credit_card,North America,0
485,186,12.0,12,0.0,38.45752688172043,-0.06591123701605284,212,1,44.0,1.0,3.0,2.1158925750394943,-0.5,43.68954545454545,1922.34,-0.9658620044376721,6,2.4002275525916836,0.23911794101001188,0.9399684044233807,20.795006570302235,1,1.0,0,Basic,Monthly,9.99,credit_card,North America,0
486,214,8.0,10,-0.18181818181818182,15.677102803738318,0.11158798283261794,228,2,25.0,0.0,3.0,1.444022770398482,-0.75,48.0596,1201.49,0.0,6,1.7574448866823493,0.2829220763330028,0.9962049335863377,17.31274638633377,2,0.0,0,Premium,Annual,39.99,paypal,South America,1
487,463,7.0,17,-0.5555555555555556,36.076457883369336,0.05432208407341616,484,2,40.0,2.0,0.0,1.1432863849765258,2.0,28.725,1149.0,0.0,6,1.5880255158131336,0.23618976801227567,0.9793427230046948,34.98685939553219,2,4.0,0,Basic,Monthly,9.99,credit_card,Asia,0
488,450,15.0,17,-0.1111111111111111,39.17688888888888,-0.05272710772302393,475,2,44.0,2.0,1.0,1.523731513083049,0.5,30.548409090909093,1344.13,0.2694516971279374,6,1.2628744846001223,0.24942060976843347,1.0,28.876478318002626,2,13.0,0,Standard,Monthly,19.99,credit_card,North America,0
489,594,18.0,20,-0.09523809523809523,40.102693602693606,0.08571960330754315,603,1,33.0,2.0,0.0,1.1467123287671233,2.0,51.65575757575757,1704.6399999999999,0.0,6,0.8190714218192083,0.2498590286204221,1.0,28.777923784494085,1,5.0,0,Premium,Annual,39.99,paypal,North America,0
490,275,5.0,8,-0.3333333333333333,12.766181818181817,0.013043478260869544,291,2,18.0,0.0,0.0,0.6115178571428572,0.0,33.94111111111111,610.94,0.0,6,2.5553904366995783,0.24693211974408572,0.953125,29.43495400788436,2,10.0,0,Standard,Monthly,19.99,credit_card,North America,0
491,178,15.0,22,-0.30434782608695654,33.221348314606736,-0.1259931895573212,188,1,17.0,1.0,3.0,1.6639228295819937,-0.5,41.66823529411765,708.36,-0.8340660159451606,6,1.1226083708788208,0.22815998654649475,1.0,10.21681997371879,1,3.0,0,Basic,Monthly,9.99,apple_pay,North America,0
492,263,21.0,18,0.15789473684210525,26.16615969581749,-0.024798171243380764,275,2,24.0,0.0,2.0,1.710913348946136,-0.6666666666666666,36.48125,875.5500000000001,0.0,6,0.8295883874527501,0.2521650977529741,1.0,14.027595269382392,2,4.0,0,Standard,Annual,19.99,credit_card,North America,0
493,290,14.0,14,0.0,38.13517241379311,0.008242284838029515,310,2,33.0,3.0,1.0,1.7025762711864407,1.0,28.975757575757576,956.2,2.606268902941985,6,1.3007083218170319,0.24174298442324674,0.9847457627118643,19.38239159001314,2,7.0,0,Premium,Annual,39.99,credit_card,Oceania,0
494,248,11.0,9,0.2,29.445564516129032,0.11374669020300092,261,6,23.0,0.0,0.0,1.1077848101265824,0.0,35.686521739130434,820.79,0.0,6,1.8649216814474754,0.26323494512859896,0.985759493670886,20.76215505913272,6,4.0,0,Basic,Annual,9.99,credit_card,North America,0
495,311,11.0,21,-0.45454545454545453,13.340836012861736,-0.24650545862667075,318,3,30.0,0.0,5.0,1.9512820512820515,-0.8333333333333334,34.407000000000004,1032.21,0.0,6,0.7397018904361746,0.2666560407708941,1.0,15.374507227332456,3,4.0,0,Basic,Monthly,9.99,credit_card,Europe,1
496,173,11.0,12,-0.07692307692307693,32.36184971098266,-0.054654901156029834,196,2,30.0,3.0,3.0,2.3843342036553525,0.0,42.81433333333334,1284.43,-0.7498962224989622,6,1.3725722325032912,0.2358717432640603,1.0,12.582128777923783,2,8.0,0,Standard,Annual,19.99,credit_card,South America,0
497,212,9.0,13,-0.2857142857142857,13.572641509433963,-0.0122549019607844,231,1,20.0,2.0,1.0,0.9005917159763314,0.5,36.974000000000004,739.48,1.21119733924612,6,2.6451592176805883,0.26473466045729455,0.9423076923076923,22.207621550591327,1,8.0,0,Standard,Annual,19.99,credit_card,Europe,0
498,147,17.0,18,-0.05263157894736842,23.970748299319727,-0.048396418924497864,148,2,3.0,1.0,0.0,0.4058666666666667,1.0,27.33,81.99,0.0,6,0.9092654079778834,0.24756376483009646,1.0,7.391590013140604,2,0.0,0,Standard,Monthly,19.99,credit_card,North America,0
499,174,20.0,26,-0.2222222222222222,38.29942528735632,-0.013077361718304564,175,2,17.0,4.0,3.0,2.0135408560311285,0.25,57.81470588235294,982.85,-0.846567212062881,6,0.8711599583953691,0.24407165915342077,1.0,8.442838370565045,2,3.0,0,Basic,Monthly,9.99,credit_card,North America,0
500,542,12.0,18,-0.3157894736842105,37.299630996309965,-0.08839558686694134,568,1,49.0,0.0,0.0,1.4191817316841104,0.0,36.33,1780.17,0.0,6,1.2480058691334113,0.2561409751607534,1.0,34.526938239159,1,7.0,0,Standard,Monthly,19.99,apple_pay,Asia,0
501,191,9.0,6,0.42857142857142855,15.83612565445026,0.36396396396396397,199,1,15.0,0.0,0.0,0.7954703832752614,0.0,32.48266666666667,487.24,0.0,6,2.4893404496936227,0.2569325669283988,0.975609756097561,18.85676741130092,1,1.0,0,Premium,Monthly,39.99,credit_card,Oceania,0
502,111,18.0,18,0.0,21.27747747747748,-0.03653081510934393,113,2,2.0,1.0,0.0,0.33822222222222226,1.0,42.815000000000005,85.63000000000001,0.0,6,0.982308105906296,0.2473996602874835,1.0,5.913272010512483,2,0.0,0,Basic,Monthly,9.99,paypal,North America,0
503,123,7.0,14,-0.4666666666666667,21.504065040650406,-0.10916442048517515,131,1,16.0,1.0,4.0,1.4758787878787878,-0.6,20.320625,325.13,-0.8268096514745308,6,2.1064259805293464,0.2925697226812263,0.9333333333333332,10.840998685939553,1,2.0,0,Standard,Monthly,19.99,credit_card,Asia,1
504,60,14.0,14,0.0,41.93,-0.05799705930403526,64,2,5.0,3.0,1.0,1.0283783783783784,1.0,26.110000000000003,130.55,13.165100671140939,6,1.6916711122655412,0.2206489975097151,0.9932432432432433,4.862023653088042,2,0.0,0,Basic,Monthly,9.99,paypal,Asia,0
505,79,17.0,17,0.0,21.826582278481013,-0.3081434694337921,79,1,2.0,0.0,1.0,0.471937984496124,-0.5,56.735,113.47,0.0,6,1.0927667610881997,0.3042031720925622,1.0,4.23784494086728,1,0.0,0,Basic,Annual,9.99,paypal,North America,0
506,584,15.0,21,-0.2727272727272727,26.10684931506849,0.07887216612688132,605,3,46.0,2.0,2.0,1.3489788053949905,0.0,33.43826086956522,1538.16,-0.8612220447284344,6,1.154304565820668,0.2549817179537483,0.9913294797687862,34.09986859395532,3,7.0,0,Basic,Monthly,9.99,credit_card,Europe,0
507,71,9.0,12,-0.23076923076923078,37.076056338028174,-0.06374378109452739,77,2,6.0,0.0,2.0,0.707906976744186,-0.6666666666666666,19.573333333333334,117.44,0.0,6,2.709049163160582,0.30140410851183164,0.8953488372093024,8.47568988173456,2,0.0,0,Standard,Monthly,19.99,bank_transfer,North America,0
508,27,1.0,6,-0.7142857142857143,16.02962962962963,0.0644067796610169,31,19,4.0,1.0,2.0,1.1170642201834864,-0.3333333333333333,35.8975,143.59,-0.8395497682630767,6,2.6193357059051987,0.20623064290543025,0.8348623853211009,3.5808147174770038,19,1.0,0,Standard,Monthly,19.99,bank_transfer,North America,1
509,77,12.0,13,-0.07142857142857142,32.066233766233765,-0.09064691246324363,81,3,12.0,1.0,3.0,2.029333333333333,-0.5,44.24,530.88,0.2798476371860494,6,1.7979858632806214,0.2174433529049706,0.9722222222222222,5.913272010512483,3,1.0,0,Basic,Monthly,9.99,credit_card,Europe,0
510,367,7.0,8,-0.1111111111111111,22.40790190735695,-0.012703143850684797,390,4,28.0,1.0,0.0,0.8934171907756814,1.0,50.75607142857143,1421.17,0.0,6,1.8953485753654318,0.24287872327852716,0.9612159329140462,31.340341655716163,4,11.0,0,Standard,Monthly,19.99,credit_card,Europe,0
511,308,8.0,13,-0.35714285714285715,12.894155844155845,0.035904965296315976,317,4,17.0,0.0,1.0,0.7643722304283604,-0.5,56.72941176470588,964.4,0.0,6,1.5406454839231547,0.2553343794270703,0.9822747415066471,22.24047306176084,4,5.0,0,Standard,Monthly,19.99,credit_card,Europe,0
512,432,21.0,17,0.2222222222222222,23.27777777777778,-0.0784617979423173,441,1,23.0,2.0,0.0,1.0102741702741702,2.0,43.94086956521739,1010.64,0.0,6,1.0009288500435238,0.25656141640259994,1.0,22.766097240473062,1,5.0,0,Premium,Monthly,39.99,paypal,Europe,0
513,53,23.0,22,0.043478260869565216,21.00754716981132,-0.11860951118813404,54,1,4.0,1.0,2.0,1.7394285714285713,-0.3333333333333333,15.920000000000002,63.68000000000001,-0.7352058903736024,6,0.5326767850483658,0.27061036897346324,1.0,2.299605781865966,1,1.0,0,Premium,Monthly,39.99,bank_transfer,South America,0
514,38,7.0,10,-0.2727272727272727,37.52894736842105,-0.1788825888535472,39,3,2.0,0.0,1.0,0.6546236559139785,-0.5,60.725,121.45,0.0,6,2.803675701564788,0.2998225482223961,0.9032258064516129,3.055190538764783,3,2.0,0,Standard,Monthly,19.99,apple_pay,Europe,1
515,135,9.0,17,-0.4444444444444444,21.61111111111111,-0.226722492808112,146,5,16.0,1.0,0.0,1.6970034843205577,1.0,32.66125,522.58,0.0,6,1.393333883297477,0.24880488749126678,1.0,9.42838370565046,5,5.0,0,Premium,Monthly,39.99,paypal,South America,1
516,390,24.0,22,0.08695652173913043,44.012307692307694,-0.005610511086437146,397,1,28.0,0.0,1.0,1.482295652173913,-0.5,39.28821428571429,1100.0700000000002,0.0,6,0.8298084253363772,0.2608139847649892,1.0,18.889618922470433,1,0.0,0,Standard,Monthly,19.99,bank_transfer,Europe,0
517,459,13.0,14,-0.06666666666666667,14.649673202614379,-0.023510192485261767,500,1,64.0,1.0,2.0,1.9501101101101104,-0.3333333333333333,39.85484375,2550.71,0.5303499166865032,6,1.4297470779222834,0.2344103117337403,1.0,32.81865965834428,1,3.0,0,Standard,Monthly,19.99,paypal,North America,0
518,259,13.0,15,-0.125,42.73783783783784,-0.17794581655967795,269,3,28.0,2.0,0.0,1.67121568627451,2.0,37.202857142857134,1041.6799999999998,0.0,6,1.3845887182557144,0.23397467080705814,0.988235294117647,16.754270696452036,3,1.0,0,Standard,Monthly,19.99,credit_card,North America,0
519,450,12.0,19,-0.35,26.394,0.18407649433019396,458,3,26.0,0.0,0.0,1.1274074074074074,0.0,32.09307692307692,834.42,0.0,6,0.9776574260780494,0.2464090579579112,0.9971509971509971,23.061760840998684,3,4.0,0,Premium,Annual,39.99,credit_card,Europe,0
520,231,18.0,16,0.11764705882352941,14.899134199134199,0.174840676087559,250,2,37.0,2.0,0.0,2.2391252485089463,2.0,41.504864864864864,1535.68,0.0,6,1.4198817757222302,0.2650682297591675,1.0,16.52431011826544,2,4.0,0,Standard,Monthly,19.99,bank_transfer,South America,0
521,597,20.0,22,-0.08695652173913043,15.156281407035175,0.0634287366290836,616,3,55.0,1.0,2.0,1.8377607025246983,-0.3333333333333333,26.78436363636364,1473.14,-0.9582513208329017,6,0.853530049688807,0.25426724235274206,0.9989023051591658,29.927726675427067,3,4.0,0,Premium,Monthly,39.99,credit_card,Europe,0
522,48,12.0,15,-0.1875,15.322916666666666,0.038387920034028064,51,4,6.0,1.0,4.0,1.6911111111111112,-0.6,69.265,415.59000000000003,-0.9433733999375585,6,1.5096965501283321,0.2496996808082425,1.0,3.54796320630749,4,0.0,0,Basic,Monthly,9.99,credit_card,North America,0
523,43,14.0,12,0.15384615384615385,42.29302325581395,0.22251481237656365,46,2,4.0,2.0,1.0,1.2055445544554455,0.5,10.27,41.08,3.221238938053097,6,1.526863822124662,0.2396038157125509,1.0,3.3180026281208934,2,1.0,0,Basic,Monthly,9.99,bank_transfer,North America,0
524,209,6.0,10,-0.36363636363636365,20.16842105263158,-0.07942238267148005,238,3,39.0,4.0,1.0,1.6557322175732216,1.5,34.548205128205126,1347.3799999999999,6.579396698918611,6,2.4137336797510702,0.2398324758526074,0.9470013947001394,23.554533508541393,3,5.0,0,Standard,Monthly,19.99,credit_card,Oceania,0
525,131,4.0,7,-0.375,37.33511450381679,-0.6706692913385827,147,7,17.0,1.0,0.0,1.1033688699360342,1.0,57.686470588235295,980.67,0.0,6,2.4858978736208663,0.2907185327044859,0.9402985074626866,15.407358738501971,7,8.0,0,Basic,Annual,9.99,credit_card,Asia,1
526,99,7.0,6,0.14285714285714285,29.44141414141414,0.16134242641780333,116,2,19.0,3.0,1.0,1.6155307262569834,1.0,28.52421052631579,541.96,2.8858974358974363,6,2.533889296254882,0.21249094750813535,0.9581005586592178,11.76084099868594,2,0.0,0,Standard,Monthly,19.99,credit_card,North America,0
527,439,17.0,20,-0.14285714285714285,25.06492027334852,0.1913783464811479,442,4,16.0,0.0,2.0,0.6300646830530401,-0.6666666666666666,40.940625,655.05,0.0,6,1.1119652458126914,0.25347910571651144,1.0,25.394218134034166,4,0.0,0,Basic,Monthly,9.99,credit_card,Europe,0
528,163,11.0,10,0.09090909090909091,33.188343558282206,-0.06377590573156232,181,2,23.0,3.0,1.0,1.3809072978303747,1.0,36.96217391304348,850.13,2.402631578947368,6,2.566218007172266,0.2577939202156657,0.9112426035502958,16.655716162943495,2,3.0,0,Premium,Monthly,39.99,credit_card,Asia,0
529,622,22.0,17,0.2777777777777778,28.935369774919614,0.06193966065940457,639,2,55.0,0.0,1.0,1.9046643913538113,-0.5,26.905272727272727,1479.79,0.0,6,0.7256985505320362,0.26598513535573104,1.0,28.876478318002626,2,5.0,0,Standard,Annual,19.99,paypal,Asia,0
530,97,7.0,13,-0.42857142857142855,21.6319587628866,-0.014509724060686313,112,6,16.0,3.0,3.0,1.7646376811594202,0.0,41.160624999999996,658.5699999999999,-0.09513542649238649,6,1.6978572032768484,0.2705044388000519,0.9891304347826086,9.067017082785808,6,3.0,0,Basic,Annual,9.99,paypal,North America,0
531,234,7.0,7,0.0,43.32179487179487,-0.2392075694855114,262,1,30.0,2.0,0.0,1.2665742024965325,2.0,34.26733333333333,1028.02,0.0,6,2.0379106629882604,0.2512075434204189,0.970873786407767,23.68593955321945,1,7.0,0,Standard,Monthly,19.99,bank_transfer,Europe,1
532,206,9.0,7,0.25,17.94757281553398,0.02011695906432741,221,4,14.0,0.0,0.0,0.6149494949494949,0.0,70.825,991.55,0.0,6,2.4054516399965267,0.24434466112977254,0.9494949494949495,22.766097240473062,4,8.0,0,Standard,Monthly,19.99,credit_card,Asia,0
533,346,13.0,5,1.3333333333333333,16.75462427745665,-0.16499558835325256,368,3,44.0,1.0,0.0,1.7507973856209151,1.0,34.029318181818184,1497.29,0.0,6,1.5373435537075744,0.24976132374365037,0.9790849673202614,25.131406044678055,3,4.0,0,Standard,Annual,19.99,apple_pay,South America,0
534,199,3.0,10,-0.6363636363636364,29.599999999999998,0.052339764914615235,236,6,47.0,0.0,2.0,2.2964365971107545,-0.6666666666666666,33.07872340425532,1554.7,0.0,6,2.13056284915317,0.26381718259547454,0.9325842696629213,20.466491458607095,6,13.0,0,Basic,Monthly,9.99,bank_transfer,Europe,1
535,259,6.0,18,-0.631578947368421,11.894980694980696,-0.10682768230376224,271,2,24.0,0.0,2.0,1.6198669623059867,-0.6666666666666666,48.38375,1161.21,0.0,6,1.3227377430903422,0.2694526143179738,0.9933481152993348,14.816031537450723,2,4.0,0,Standard,Monthly,19.99,credit_card,North America,0
536,584,18.0,19,-0.05,34.35376712328767,-0.08143043425521591,612,3,56.0,4.0,4.0,1.8388781014023734,0.0,45.017321428571435,2520.9700000000003,0.07396164951506633,6,0.8802947447884911,0.24187992403766329,0.9967637540453075,30.453350854139288,3,10.0,0,Basic,Monthly,9.99,credit_card,Asia,0
537,352,13.0,13,0.0,40.81448863636364,-0.01048492791612071,378,2,37.0,0.0,1.0,1.3768704156479217,-0.5,41.719459459459465,1543.6200000000001,0.0,6,1.6257598170661118,0.2523534548441494,1.0,26.872536136662287,2,7.0,0,Standard,Monthly,19.99,credit_card,South America,0
538,184,21.0,21,0.0,13.243478260869566,-0.014411247803163526,186,1,9.0,2.0,1.0,1.0184386617100372,0.5,67.98777777777778,611.89,8.820658342792282,6,0.9434043411397448,0.2613876064271525,1.0,8.83705650459921,1,1.0,0,Basic,Monthly,9.99,credit_card,Oceania,1
539,584,16.0,18,-0.10526315789473684,20.18304794520548,-0.057220434432823736,613,1,61.0,0.0,4.0,1.971167728237792,-0.8,41.79983606557377,2549.79,0.0,6,1.0425761409513001,0.25573516802592167,1.0,30.946123521681997,1,4.0,0,Standard,Monthly,19.99,paypal,North America,0
540,384,17.0,21,-0.18181818181818182,18.184635416666666,-0.060694628443436774,400,1,29.0,2.0,3.0,1.2887007299270072,-0.25,28.208275862068966,818.04,-0.3322849213691026,6,1.1157039955110963,0.26694069825146816,1.0,22.503285151116952,1,4.0,0,Premium,Monthly,39.99,paypal,Asia,0
541,178,13.0,11,0.16666666666666666,30.937078651685393,-0.07645828491749952,192,1,16.0,2.0,1.0,0.8368384879725087,0.5,38.410625,614.57,4.821023703194777,6,2.6822544323573787,0.22087306554695021,0.9381443298969072,19.11957950065703,1,2.0,0,Premium,Annual,39.99,bank_transfer,Europe,0
542,211,19.0,16,0.17647058823529413,21.803791469194316,0.028661053815308608,216,1,13.0,1.0,2.0,1.1242045454545455,-0.3333333333333333,23.815384615384616,309.6,-0.7310045894951555,6,1.0247534041078379,0.26062725979736734,1.0,11.563731931668856,1,7.0,0,Standard,Monthly,19.99,credit_card,Europe,0
543,257,21.0,20,0.047619047619047616,33.50661478599222,0.025811584562611643,266,1,25.0,3.0,0.0,1.9363867684478373,3.0,32.4448,811.12,0.0,6,0.8351552410956659,0.2555977357731867,1.0,12.910643889618921,1,6.0,0,Basic,Annual,9.99,credit_card,Asia,0
544,52,8.0,8,0.0,38.775,0.07097004279600583,61,5,11.0,5.0,1.0,1.881123595505618,2.0,36.87818181818182,405.66,7.588159031979258,6,2.252117647527563,0.2344628987709178,0.904494382022472,5.847568988173456,5,0.0,0,Standard,Annual,19.99,bank_transfer,North America,0
545,191,19.0,20,-0.047619047619047616,31.752879581151834,-0.02320690825695681,197,1,16.0,1.0,4.0,1.4324705882352942,-0.6,36.26875,580.3,-0.5935275080906148,6,1.0733803955607,0.27262120602497303,1.0,11.169513797634691,1,0.0,0,Premium,Monthly,39.99,bank_transfer,North America,1
546,411,9.0,13,-0.2857142857142857,28.737469586374697,0.11994367639528941,443,2,54.0,2.0,4.0,1.503897529734675,-0.4,47.629629629629626,2572.0,0.12200511746917882,6,2.041514127427438,0.2542887179980642,0.9734675205855444,35.90670170827858,2,10.0,0,Premium,Annual,39.99,credit_card,North America,0
547,222,24.0,20,0.19047619047619047,40.73873873873874,0.1282986580203547,230,1,28.0,3.0,5.0,2.705777777777778,-0.3333333333333333,27.495,769.86,0.015534754033061166,6,0.7230168670406533,0.24286636627744898,1.0,10.348226018396845,1,2.0,0,Basic,Annual,9.99,credit_card,North America,0
548,146,11.0,16,-0.29411764705882354,38.50684931506849,0.16368616830866448,154,1,13.0,2.0,2.0,1.2562539682539684,0.0,47.67,619.71,-0.7585733882030178,6,1.3707030930818849,0.2544493044665436,1.0,10.348226018396845,1,3.0,0,Standard,Monthly,19.99,paypal,South America,0
549,405,24.0,18,0.3157894736842105,20.378271604938273,-0.030117270788912687,413,1,21.0,1.0,0.0,1.0945890410958905,1.0,44.359047619047615,931.54,0.0,6,0.7283396092796015,0.25236800257927666,1.0,19.185282522996058,1,4.0,0,Basic,Monthly,9.99,credit_card,Oceania,0
550,315,13.0,17,-0.2222222222222222,22.83968253968254,-0.062062520614211886,337,1,41.0,4.0,0.0,1.772784090909091,4.0,33.51829268292683,1374.25,0.0,6,1.4113838118642017,0.24899370586847056,1.0,23.127463863337713,1,6.0,0,Premium,Monthly,39.99,paypal,South America,0
551,403,12.0,12,0.0,20.841935483870966,-0.07999999999999989,434,2,62.0,2.0,4.0,2.1919628339140536,-0.4,54.1691935483871,3358.4900000000002,-0.5282958542044122,6,1.4270607687735821,0.2591133674517758,1.0,28.28515111695138,2,9.0,0,Basic,Monthly,9.99,apple_pay,Europe,0
552,297,15.0,15,0.0,31.908417508417507,-0.10939659143251962,309,1,11.0,1.0,0.0,0.6833469387755102,1.0,51.290909090909096,564.2,0.0,6,0.8926648551350136,0.265807227149279,1.0,16.09724047306176,1,7.0,0,Premium,Monthly,39.99,bank_transfer,Europe,0
553,157,18.0,12,0.46153846153846156,40.01910828025478,0.18046920334908403,174,1,29.0,2.0,4.0,2.5366666666666666,-0.4,23.015517241379307,667.4499999999999,0.256081081081081,6,1.5439303514836924,0.2961562095656345,1.0,11.432325886990801,1,2.0,0,Premium,Monthly,39.99,credit_card,Asia,0
554,156,7.0,14,-0.4666666666666667,18.358974358974358,0.08093170153967634,165,7,16.0,0.0,1.0,1.1541232227488152,-0.5,30.5425,488.68,0.0,6,1.7774903077385389,0.24051696500235611,0.9620853080568721,13.863337713534822,7,0.0,0,Premium,Monthly,39.99,credit_card,North America,0
555,108,18.0,18,0.0,17.93888888888889,-0.03267411865864142,112,2,6.0,1.0,2.0,1.0203351955307263,-0.3333333333333333,34.04333333333333,204.26,-0.9046537193111029,6,1.0302548526578565,0.24583757513471644,1.0,5.88042049934297,2,0.0,0,Basic,Monthly,9.99,credit_card,Asia,1
556,86,10.0,20,-0.47619047619047616,27.236046511627908,-0.2293946024799415,91,1,14.0,2.0,0.0,2.55185628742515,2.0,26.917857142857144,376.85,0.0,6,1.3484165587755235,0.2966911764619851,1.0,5.486202365308804,1,1.0,0,Premium,Monthly,39.99,credit_card,Europe,1
557,40,16.0,9,0.7,39.345,0.08118959636156915,41,1,1.0,0.0,1.0,0.3106122448979592,-0.5,55.25,55.25,0.0,6,1.5994790818680102,0.2524840755734315,1.0,3.219448094612352,1,0.0,0,Standard,Monthly,19.99,paypal,North America,0
558,147,15.0,10,0.45454545454545453,37.275510204081634,0.0757660167130919,155,6,19.0,2.0,0.0,1.3836363636363638,2.0,50.17,953.23,0.0,6,1.979909276600864,0.26803433384396386,0.9880382775119617,13.731931668856767,6,0.0,0,Basic,Monthly,9.99,credit_card,North America,0
559,479,21.0,22,-0.043478260869565216,44.809812108559505,-0.029377880184331764,482,1,15.0,0.0,1.0,0.6754437869822485,-0.5,44.45733333333333,666.86,0.0,6,0.7002375599270867,0.2353614934107336,1.0,22.207621550591327,1,2.0,0,Basic,Monthly,9.99,credit_card,North America,0
560,131,12.0,10,0.18181818181818182,39.92442748091603,0.1560886223554892,149,1,32.0,2.0,2.0,2.3192380952380955,0.0,59.832187499999996,1914.6299999999999,1.3086740211983559,6,2.1201607996825116,0.2617387724256974,0.9833333333333333,13.797634691195794,1,1.0,0,Basic,Monthly,9.99,paypal,North America,0
561,36,11.0,10,0.09090909090909091,33.724999999999994,0.07648576090961728,41,1,6.0,3.0,1.0,1.844848484848485,1.0,41.17333333333334,247.04000000000002,1.0471638984644314,6,1.795828499606797,0.2732651601948032,1.0,3.252299605781866,1,0.0,0,Basic,Monthly,9.99,credit_card,North America,0
562,344,20.0,20,0.0,35.03023255813953,0.04637839312508533,352,1,34.0,0.0,5.0,2.0494257425742575,-0.8333333333333334,58.13470588235295,1976.5800000000002,0.0,6,0.8621843325889331,0.25382111158833537,1.0,16.590013140604466,1,4.0,0,Standard,Monthly,19.99,credit_card,North America,0
563,737,23.0,21,0.09090909090909091,33.79267299864315,-0.0843824966292527,758,1,96.0,3.0,0.0,2.7777946768060837,3.0,34.057812500000004,3269.55,0.0,6,0.785873597001381,0.25261136954406654,1.0,34.55978975032851,1,16.0,0,Basic,Annual,9.99,bank_transfer,Asia,0
564,283,9.0,5,0.6666666666666666,31.37632508833922,-0.04088406125066003,323,1,55.0,0.0,1.0,1.540202391904324,-0.5,35.70709090909091,1963.89,0.0,6,2.7869743210823734,0.27316046587889914,0.9402023919043239,35.709592641261494,1,5.0,0,Premium,Annual,39.99,bank_transfer,South America,0
565,338,12.0,10,0.18181818181818182,20.668639053254438,-0.012462533522637737,371,1,49.0,0.0,1.0,1.7223556581986144,-0.5,26.391428571428573,1293.18,0.0,6,1.672972032278675,0.25104367502193536,0.9942263279445728,28.44940867279895,1,9.0,0,Standard,Annual,19.99,credit_card,Asia,0
566,505,13.0,18,-0.2631578947368421,22.125742574257426,0.0009819967266776499,514,2,29.0,0.0,2.0,0.9940990990990991,-0.6666666666666666,34.51655172413793,1000.98,0.0,6,1.137101230361514,0.23985841678159503,1.0,29.17214191852825,2,2.0,0,Standard,Annual,19.99,apple_pay,South America,0
567,524,14.0,15,-0.0625,20.483969465648855,-0.09744476302917873,549,1,52.0,4.0,2.0,1.5032098765432098,0.6666666666666666,39.02192307692307,2029.1399999999999,-0.5583928882691302,6,1.2504512856484236,0.2406608855781211,1.0,34.59264126149803,1,6.0,0,Basic,Annual,9.99,credit_card,Asia,0
568,578,21.0,18,0.15789473684210525,24.10155709342561,0.12932862190812724,605,1,62.0,3.0,3.0,2.1349321266968326,0.0,42.1058064516129,2610.56,2.9654341678014036,6,0.7918785233001736,0.2527385903389008,1.0,29.040735873850196,1,10.0,0,Basic,Annual,9.99,paypal,North America,0
569,567,21.0,26,-0.18518518518518517,15.329453262786595,0.026982461400089967,580,2,43.0,2.0,0.0,1.5751143200962696,2.0,29.124186046511625,1252.34,0.0,6,0.7870659321130401,0.2591783624822269,1.0,27.299605781865964,2,4.0,0,Premium,Monthly,39.99,credit_card,North America,0
570,308,16.0,15,0.0625,23.211363636363636,-0.13140029721696853,333,1,47.0,4.0,0.0,2.428998302207131,4.0,49.02638297872341,2304.2400000000002,0.0,6,1.310660922316937,0.23486086844198872,0.9983022071307301,19.349540078843624,1,4.0,0,Standard,Monthly,19.99,credit_card,North America,0
571,316,8.0,12,-0.3076923076923077,32.52183544303797,0.12546583850931686,323,1,15.0,1.0,1.0,0.5118834080717489,0.0,16.832666666666668,252.49,-0.6704024452368824,6,2.0190579189637003,0.2684556956119413,0.9887892376681614,29.303547963206306,1,3.0,0,Premium,Monthly,39.99,credit_card,North America,0
572,64,16.0,21,-0.22727272727272727,30.315625,0.1295159796201944,67,1,4.0,2.0,0.0,1.0146666666666668,2.0,28.0875,112.35,0.0,6,1.0701501975056795,0.25685584006175366,1.0,3.9421813403416555,1,1.0,0,Basic,Monthly,9.99,paypal,South America,0
573,258,9.0,11,-0.16666666666666666,13.890310077519379,-0.019512511344483303,294,2,61.0,4.0,3.0,2.6526285714285716,0.25,61.37573770491803,3743.92,-0.25053363902284775,6,1.7208462712540264,0.2532760761213949,1.0,22.996057818659658,2,6.0,0,Premium,Annual,39.99,credit_card,Asia,0
574,88,19.0,20,-0.047619047619047616,24.43409090909091,-0.08814767217711314,90,1,4.0,1.0,1.0,0.8635460992907801,0.0,25.0775,100.31,-0.8010966415352981,6,0.963983690561749,0.2538454023705436,1.0,4.6320630749014455,1,2.0,0,Basic,Annual,9.99,apple_pay,North America,0
575,25,6.0,12,-0.46153846153846156,18.48,-0.0018365472910928367,27,1,2.0,1.0,0.0,0.8339726027397261,1.0,77.315,154.63,0.0,6,2.642842292800572,0.31029905110239464,1.0,2.3981603153745072,1,3.0,0,Premium,Monthly,39.99,credit_card,Europe,0
576,187,20.0,23,-0.125,13.737433155080215,-0.06966666666666654,191,2,9.0,0.0,1.0,0.9479584775086506,-0.5,40.76888888888889,366.92,0.0,6,0.9243300086615607,0.24753909681487704,1.0,9.494086727989487,2,3.0,0,Basic,Monthly,9.99,paypal,Europe,0
577,100,6.0,13,-0.5,12.482999999999999,-0.2399811409712401,109,2,11.0,0.0,1.0,1.4948214285714287,-0.5,17.471818181818183,192.19,0.0,6,1.3968205502876092,0.3146465113794362,1.0,7.35873850197109,2,2.0,0,Basic,Monthly,9.99,credit_card,North America,1
578,204,2.0,8,-0.6666666666666666,36.88088235294118,0.12000000000000008,229,10,21.0,2.0,0.0,0.918448275862069,2.0,42.61333333333333,894.88,0.0,6,2.513384835439006,0.24903685786017504,0.9252873563218391,22.864651773981603,10,16.0,0,Standard,Monthly,19.99,apple_pay,Asia,1
579,77,15.0,14,0.06666666666666667,20.435064935064936,0.15971479500891275,78,1,2.0,1.0,0.0,0.43177304964539004,1.0,53.25,106.5,0.0,6,0.9559684085188821,0.2817039453584116,1.0,4.6320630749014455,1,0.0,0,Basic,Monthly,9.99,credit_card,Europe,0
580,96,8.0,7,0.125,23.394791666666666,-0.07505707762557096,112,5,27.0,4.0,2.0,2.3549570200573067,0.6666666666666666,42.041481481481476,1135.12,6.181083562901745,6,2.497107253512479,0.26821431434110077,0.9426934097421203,11.465177398160314,5,0.0,0,Standard,Monthly,19.99,paypal,North America,0
581,238,13.0,12,0.07692307692307693,17.212605042016808,-0.031697960831819035,259,1,26.0,1.0,0.0,1.1387625899280576,1.0,43.315769230769234,1126.21,0.0,6,1.9976345617219948,0.2568782585212043,0.976978417266187,22.831800262812088,1,5.0,0,Basic,Monthly,9.99,apple_pay,Europe,0
582,156,3.0,6,-0.42857142857142855,12.88653846153846,-0.2643051771117167,180,5,32.0,2.0,1.0,2.1455506607929515,0.5,35.339375,1130.86,3.496941896024465,6,1.8279008500997789,0.254684033064833,0.9713656387665197,14.914586070959263,5,6.0,0,Standard,Monthly,19.99,credit_card,Europe,1
583,476,18.0,16,0.11764705882352941,18.10882352941176,0.09619377162629741,493,2,22.0,2.0,1.0,0.7584144960362401,0.5,28.31954545454545,623.03,6.105769230769231,6,1.1854654917386074,0.25628909559764096,1.0,29.00788436268068,2,9.0,0,Standard,Monthly,19.99,paypal,Europe,0
584,227,14.0,12,0.15384615384615385,18.02114537444934,-0.11596227733147042,244,1,29.0,0.0,1.0,1.451907894736842,-0.5,36.74793103448276,1065.69,0.0,6,2.1863106884473376,0.2636974291310096,0.9671052631578947,19.97371879106439,1,3.0,0,Standard,Annual,19.99,credit_card,North America,0
585,146,7.0,11,-0.3333333333333333,15.868493150684932,-0.05325879064293064,166,1,30.0,3.0,2.0,1.830060120240481,0.3333333333333333,66.19966666666667,1985.99,0.3136396790663751,6,2.402926892285199,0.24277218547216037,0.9819639278557113,16.392904073587385,1,4.0,0,Basic,Monthly,9.99,credit_card,Asia,0
586,40,17.0,18,-0.05263157894736842,16.855,-0.0761213406717986,41,1,5.0,1.0,4.0,2.238235294117647,-0.6,46.129999999999995,230.64999999999998,-0.863125488663018,6,0.8378084965689216,0.2903279815856436,1.0,2.2339027595269383,1,0.0,0,Basic,Monthly,9.99,credit_card,Europe,0
587,244,21.0,16,0.29411764705882354,31.83032786885246,0.09103669350632124,246,1,7.0,0.0,1.0,0.5122115384615384,-0.5,38.521428571428565,269.65,0.0,6,1.105205300130524,0.2562766805564753,1.0,13.66622864651774,1,3.0,0,Standard,Monthly,19.99,paypal,Europe,0
588,117,10.0,15,-0.3125,40.65982905982906,-0.23146708138932104,123,1,14.0,2.0,4.0,1.5553284671532845,-0.4,40.753571428571426,570.55,-0.6864660858523509,6,1.621412906397832,0.2780208312868213,1.0,9.00131406044678,1,2.0,0,Basic,Monthly,9.99,apple_pay,Europe,0
589,29,16.0,13,0.21428571428571427,29.844827586206897,-0.1203434225844005,32,1,8.0,2.0,5.0,3.9921311475409835,-0.5,27.400000000000002,219.20000000000002,-0.7878293764675189,6,1.2092830898502838,0.30413437932528276,1.0,2.0039421813403417,1,1.0,0,Basic,Annual,9.99,apple_pay,Asia,0
590,214,14.0,4,2.0,34.82663551401869,0.03719244707228675,230,2,21.0,2.0,3.0,1.2887903225806452,-0.25,36.04095238095238,756.86,-0.22882882882882888,6,1.5728924481634527,0.24915784721933165,0.9879032258064515,16.294349540078844,2,3.0,0,Basic,Annual,9.99,bank_transfer,South America,0
591,187,19.0,17,0.1111111111111111,12.483957219251337,0.037445764950009515,190,1,13.0,3.0,0.0,1.2251393188854491,3.0,32.71230769230769,425.26,0.0,6,1.104650246485591,0.24420811983409377,1.0,10.611038107752956,1,0.0,0,Standard,Monthly,19.99,apple_pay,Europe,0
592,591,18.0,27,-0.32142857142857145,19.403722504230117,0.026594804735819027,607,2,60.0,1.0,2.0,2.1614201183431954,-0.3333333333333333,43.35366666666666,2601.22,-0.699671878015827,6,0.720779973749877,0.2476579551671597,1.0,27.75952693823916,2,5.0,0,Basic,Monthly,9.99,credit_card,Asia,0
593,298,8.0,13,-0.35714285714285715,43.72147651006711,-0.058455114822547054,318,2,25.0,2.0,1.0,0.9632911392405065,0.5,36.818000000000005,920.45,-0.853159133213922,6,1.9930147952998818,0.2516839556640553,0.9924050632911392,25.952693823915897,2,8.0,0,Standard,Annual,19.99,bank_transfer,Europe,0
594,86,12.0,11,0.08333333333333333,36.98488372093023,0.037113877362839956,94,2,10.0,2.0,1.0,1.2475409836065574,0.5,36.001999999999995,360.02,-0.8661325966850829,6,2.0490707594156183,0.2600331193925677,1.0,8.015768725361367,2,1.0,0,Standard,Annual,19.99,credit_card,North America,0
595,251,19.0,19,0.0,39.65657370517928,0.06436077057793334,260,3,15.0,0.0,1.0,1.2176000000000002,-0.5,35.066,525.99,0.0,6,0.7090195263567857,0.2260725086311944,1.0,12.319316688567673,3,1.0,0,Standard,Monthly,19.99,credit_card,Asia,0
596,49,8.0,13,-0.35714285714285715,28.357142857142858,0.07433834976647652,59,1,14.0,3.0,2.0,2.6306172839506172,0.3333333333333333,60.76,850.64,1.6206927018907933,6,2.060855753511538,0.25290540175321524,0.9938271604938271,5.321944809461235,1,1.0,0,Basic,Monthly,9.99,paypal,Asia,0
597,121,20.0,19,0.05,12.260330578512397,0.033963720571208,126,2,7.0,2.0,1.0,1.0496551724137932,0.5,32.25857142857143,225.81,17.574132492113566,6,0.9494990190078,0.2562834015545966,1.0,6.668856767411301,2,2.0,0,Standard,Monthly,19.99,credit_card,Europe,0
598,168,8.0,12,-0.3076923076923077,33.64821428571428,-0.09501689189189177,181,9,20.0,1.0,2.0,1.533501259445844,-0.3333333333333333,24.6415,492.83,0.39832480223359695,6,1.6413723043810244,0.28878574603846613,0.9874055415617128,13.042049934296976,9,4.0,0,Standard,Monthly,19.99,credit_card,North America,1
599,320,10.0,9,0.1,25.195625,-0.03859432799013562,352,3,34.0,0.0,0.0,1.0803340292275574,0.0,36.448235294117644,1239.24,0.0,6,2.2277964276560187,0.25973978280129484,0.9498956158663883,31.471747700394218,3,11.0,0,Basic,Annual,9.99,credit_card,North America,0
600,273,12.0,8,0.4444444444444444,24.845054945054944,0.12129380053908356,324,1,72.0,2.0,1.0,2.266473629782834,0.5,34.80583333333333,2506.02,7.125000000000001,6,2.275287256605449,0.26085378888819993,0.9627714581178904,31.76741130091984,1,8.0,0,Premium,Annual,39.99,paypal,North America,0
601,397,22.0,21,0.045454545454545456,21.983627204030228,-0.06453049301795387,411,1,34.0,2.0,0.0,1.7050411861614498,2.0,40.260588235294115,1368.86,0.0,6,0.8597242393848128,0.2489058119672684,1.0,19.940867279894874,1,4.0,0,Premium,Monthly,39.99,credit_card,North America,0
602,60,7.0,5,0.3333333333333333,36.288333333333334,-0.05210876336391947,70,1,12.0,0.0,1.0,1.8828865979381444,-0.5,30.784999999999997,369.41999999999996,0.0,6,2.259487904924005,0.2543087220932308,1.0,6.3731931668856765,1,3.0,0,Basic,Monthly,9.99,credit_card,North America,0
603,169,6.0,9,-0.3,22.99940828402367,-0.25000000000000006,195,3,33.0,0.0,2.0,1.524309559939302,-0.6666666666666666,43.68393939393939,1441.57,0.0,6,2.528360581981856,0.2531430600469665,0.9347496206373294,21.64914586070959,3,5.0,0,Premium,Monthly,39.99,paypal,North America,0
604,93,21.0,24,-0.12,27.74516129032258,-0.024843024843024825,93,2,5.0,2.0,2.0,1.0949640287769784,0.0,56.69000000000001,283.45000000000005,0.5902956935899981,6,0.9433930487014789,0.269702165554064,1.0,4.566360052562418,2,1.0,0,Basic,Monthly,9.99,paypal,North America,0
605,146,21.0,21,0.0,30.46986301369863,0.0539027511196417,147,1,18.0,2.0,1.0,2.7672727272727276,0.5,32.806666666666665,590.52,-0.5211930926216641,6,0.7664739305769852,0.23353995228669863,1.0,6.504599211563732,1,2.0,0,Basic,Monthly,9.99,credit_card,North America,0
606,190,11.0,7,0.5,36.630526315789474,-0.05100129664313498,208,2,24.0,1.0,2.0,1.345414364640884,-0.3333333333333333,32.583333333333336,782.0,-0.6817835365853658,6,1.8941428955484387,0.26311654745254615,1.0,17.83837056504599,2,3.0,0,Premium,Monthly,39.99,credit_card,North America,0
607,331,16.0,15,0.0625,19.408761329305136,-0.15871401752190242,362,2,56.0,2.0,5.0,2.3383264746227708,-0.5,31.722857142857144,1776.48,-0.5796098174952801,6,1.4220053120216067,0.26336093188963355,1.0,23.94875164257556,2,8.0,0,Basic,Monthly,9.99,credit_card,North America,0
608,241,10.0,11,-0.08333333333333333,24.156016597510376,-0.20286430361618324,267,6,36.0,2.0,2.0,2.462561797752809,0.0,52.12361111111111,1876.45,3.579056505961638,6,1.0230427856905027,0.2738080473684133,0.9910112359550562,14.61892247043364,6,15.0,0,Basic,Monthly,9.99,credit_card,Europe,1
609,159,24.0,20,0.19047619047619047,44.88238993710692,-0.013130471029595718,161,1,12.0,2.0,1.0,1.6091629955947138,0.5,39.17583333333334,470.11,-0.5709804493726292,6,0.6857718416995002,0.2540140578729375,1.0,7.457293035479632,1,0.0,0,Basic,Monthly,9.99,apple_pay,North America,0
610,163,6.0,14,-0.5333333333333333,39.42147239263804,-0.3802027061789369,176,8,16.0,0.0,4.0,1.1879024390243902,-0.8,35.461875,567.39,0.0,6,1.6387547837853318,0.26808117696334255,0.9902439024390244,13.469119579500656,8,7.0,0,Basic,Monthly,9.99,credit_card,Asia,1
611,391,15.0,18,-0.15789473684210525,43.29156010230179,-0.03722508483096656,404,3,21.0,2.0,1.0,0.8174424552429669,0.5,37.99047619047619,797.8,0.31120000000000003,6,1.4839029039502674,0.24954337082305514,0.9846547314578006,25.689881734559787,3,0.0,0,Premium,Annual,39.99,apple_pay,Europe,0
612,142,12.0,20,-0.38095238095238093,42.78661971830986,-0.18133333333333326,147,1,17.0,3.0,5.0,2.352181818181818,-0.3333333333333333,30.11235294117647,511.91,-0.7158542731658146,6,0.9843364671623897,0.2458691949330951,1.0,7.227332457293035,1,1.0,0,Standard,Monthly,19.99,paypal,Europe,1
613,145,11.0,8,0.3333333333333333,37.471724137931034,-0.04044334394528937,159,3,18.0,2.0,3.0,1.1757939914163091,-0.25,24.926111111111112,448.67,-0.23104874075930332,6,2.2719274720911122,0.25627437812781495,0.9163090128755365,15.308804204993429,3,2.0,0,Premium,Monthly,39.99,bank_transfer,Europe,0
614,283,16.0,21,-0.22727272727272727,35.32367491166078,-0.008914249431894259,294,2,20.0,2.0,3.0,1.4705314009661836,-0.25,27.6205,552.41,-0.1614673146261168,6,0.6989937532289958,0.2534321930143649,1.0,13.600525624178712,2,9.0,0,Premium,Monthly,39.99,credit_card,North America,0
615,169,18.0,15,0.1875,21.90828402366864,-0.09428307976025832,173,1,6.0,0.0,0.0,0.5468263473053893,0.0,52.72333333333333,316.34,0.0,6,1.3048779170286289,0.23591371113814252,1.0,10.972404730617608,1,3.0,0,Premium,Monthly,39.99,paypal,Europe,0
616,232,10.0,8,0.2222222222222222,43.536206896551725,0.16889033517735105,243,6,22.0,1.0,1.0,1.1894849023090586,0.0,35.00590909090909,770.13,8.935872709739634,6,1.804303882269099,0.24644649461834084,0.9698046181172291,18.495400788436267,6,2.0,0,Basic,Annual,9.99,credit_card,Asia,0
617,585,16.0,13,0.21428571428571427,37.15179487179487,0.1281869688385271,601,2,27.0,1.0,2.0,0.7746277097078228,-0.3333333333333333,38.86740740740741,1049.42,3.0470995210218206,6,1.1603301968973931,0.2513982066006188,1.0,34.85545335085414,2,11.0,0,Standard,Monthly,19.99,bank_transfer,North America,0
618,131,7.0,5,0.3333333333333333,33.9793893129771,0.06649350649350652,151,3,17.0,1.0,3.0,1.2439423076923077,-0.5,66.06764705882354,1123.15,-0.9732106129164952,6,2.113988776190947,0.2605976309573282,0.9759615384615384,13.66622864651774,3,8.0,0,Basic,Monthly,9.99,paypal,Europe,1
619,175,26.0,21,0.22727272727272727,40.44857142857143,-0.07395778824350259,178,1,14.0,0.0,2.0,1.8290128755364807,-0.6666666666666666,24.136428571428574,337.91,0.0,6,0.7534375936324894,0.2349458261148013,1.0,7.654402102496714,1,1.0,0,Standard,Monthly,19.99,credit_card,Europe,0
620,303,16.0,17,-0.05555555555555555,23.409900990099008,-0.1395770770770771,317,2,34.0,1.0,1.0,2.3415384615384616,0.0,40.405,1373.77,0.5501474926253687,6,0.6554818224251814,0.2499851044517362,1.0,14.520367936925098,2,6.0,0,Basic,Monthly,9.99,apple_pay,Europe,0
621,61,2.0,11,-0.75,24.92295081967213,-0.37389597644749756,70,15,15.0,0.0,2.0,2.2944723618090452,-0.6666666666666666,41.82533333333333,627.38,0.0,6,2.3900368647436716,0.34731224215521544,0.8793969849246231,6.5374507227332455,15,3.0,0,Basic,Monthly,9.99,bank_transfer,Asia,1
622,260,17.0,14,0.2,40.71269230769231,-0.11465103201600343,279,1,24.0,3.0,0.0,1.4185631067961166,3.0,27.885833333333334,669.26,0.0,6,1.2684091008599625,0.25450143903001776,1.0,16.918528252299605,1,7.0,0,Standard,Monthly,19.99,paypal,South America,0
623,190,16.0,20,-0.19047619047619047,44.44894736842105,-0.03862772208779804,200,1,18.0,4.0,3.0,1.501150684931507,0.25,40.864444444444445,735.5600000000001,0.5681661693826028,6,1.202251580366726,0.2698295426736932,1.0,11.990801576872535,1,4.0,0,Basic,Annual,9.99,credit_card,Asia,0
624,319,14.0,13,0.07142857142857142,15.865517241379312,0.10091498029786947,346,1,48.0,2.0,2.0,2.1145007235890017,0.0,32.111041666666665,1541.33,-0.050457443859162746,6,1.5211684615360965,0.25425762312990186,1.0,22.700394218134033,1,8.0,0,Standard,Monthly,19.99,bank_transfer,Asia,0
625,177,12.0,4,1.6,17.382485875706212,-0.05793103448275866,201,4,35.0,3.0,2.0,1.8432525951557095,0.3333333333333333,41.42742857142857,1449.96,-0.1292551061273528,6,2.2358376169226224,0.2573738472653846,0.9567474048442907,18.988173455978973,4,2.0,0,Standard,Annual,19.99,credit_card,Europe,0
626,57,19.0,16,0.17647058823529413,25.143859649122806,-0.007455421508583088,60,1,2.0,1.0,0.0,0.5968627450980393,1.0,80.075,160.15,0.0,6,1.1334146955129336,0.29156518990054864,1.0,3.350854139290407,1,1.0,0,Premium,Monthly,39.99,apple_pay,North America,0
627,239,12.0,14,-0.13333333333333333,43.315481171548115,-0.06001220070154029,249,2,16.0,1.0,2.0,0.8158123953098828,-0.3333333333333333,22.579375,361.27,0.27656929770043504,6,1.6838972625602904,0.2603077771319168,1.0,19.612352168199735,2,5.0,0,Premium,Annual,39.99,paypal,Europe,0
628,103,13.0,16,-0.17647058823529413,42.52427184466019,-0.03014101450243929,111,4,12.0,1.0,1.0,1.5347899159663867,0.0,32.29666666666667,387.56,0.4137115839243499,6,1.5735777035122307,0.24102367841395617,1.0,7.818659658344283,4,2.0,0,Basic,Monthly,9.99,bank_transfer,Asia,0
629,117,4.0,11,-0.5833333333333334,16.02991452991453,-0.27374920835972133,128,2,19.0,1.0,2.0,2.0222377622377623,-0.3333333333333333,44.921578947368424,853.51,-0.6929970129439097,6,1.6400575527715329,0.2757772288569785,1.0,9.395532194480946,2,3.0,0,Basic,Monthly,9.99,credit_card,North America,1
630,417,14.0,17,-0.16666666666666666,23.614388489208636,-0.028797289666854853,430,1,32.0,0.0,4.0,1.2568774193548389,-0.8,40.1384375,1284.43,0.0,6,1.192028143052122,0.25338338351515144,1.0,25.45992115637319,1,1.0,0,Basic,Monthly,9.99,paypal,Europe,0
631,102,16.0,12,0.3076923076923077,37.96862745098039,-0.05719633943427632,111,3,12.0,0.0,2.0,1.225771812080537,-0.6666666666666666,23.656666666666666,283.88,0.0,6,2.17622301756625,0.2418138814602579,0.9865771812080537,9.789750328515112,3,1.0,0,Basic,Annual,9.99,credit_card,Europe,0
632,167,16.0,19,-0.15,13.185029940119762,-0.27565744535519127,171,1,5.0,0.0,0.0,0.5595588235294118,0.0,31.008,155.04,0.0,6,0.9643849270412469,0.29794897980324325,1.0,8.935611038107753,1,4.0,0,Premium,Monthly,39.99,paypal,North America,1
633,284,18.0,18,0.0,12.592957746478874,-0.12923561859732074,297,4,30.0,2.0,2.0,1.9104602510460251,0.0,33.205,996.15,-0.1637426900584796,6,1.0398165735562377,0.2783359220506662,0.9958158995815899,15.703022339027594,4,3.0,0,Standard,Annual,19.99,paypal,Oceania,0
634,363,13.0,9,0.4,20.99641873278237,0.09122104661138111,379,1,19.0,1.0,4.0,0.7580078636959371,-0.6,30.199473684210524,573.79,-0.9103920888272033,6,1.323030804263906,0.2743593827201807,1.0,25.065703022339026,1,8.0,0,Standard,Monthly,19.99,apple_pay,Europe,0
635,436,7.0,13,-0.42857142857142855,15.373853211009175,-0.3196803196803196,472,1,62.0,2.0,0.0,2.0337068965517244,2.0,33.45161290322581,2074.0,0.0,6,1.4206099177058849,0.2676733063450471,0.9956896551724137,30.486202365308802,1,15.0,0,Standard,Monthly,19.99,apple_pay,Asia,1
636,114,15.0,20,-0.23809523809523808,14.123684210526315,0.10781003826243536,117,1,2.0,0.0,0.0,0.3074747474747475,0.0,16.655,33.31,0.0,6,1.137608422761642,0.2616981844154642,1.0,6.504599211563732,1,2.0,0,Standard,Monthly,19.99,paypal,Europe,0
637,679,21.0,18,0.15789473684210525,13.674963181148748,0.0644897959183673,691,1,51.0,0.0,0.0,1.572887537993921,0.0,33.33588235294118,1700.13,0.0,6,0.7455920683897317,0.2468325621465182,1.0,32.42444152431012,1,8.0,0,Standard,Monthly,19.99,bank_transfer,North America,0
638,43,6.0,15,-0.5625,12.995348837209301,-0.48028237585199607,50,1,8.0,0.0,3.0,1.9024999999999999,-0.75,32.4125,259.3,0.0,6,1.8929694486000912,0.3940648078350398,1.0,4.204993429697766,1,4.0,0,Basic,Monthly,9.99,paypal,Asia,1
639,29,4.0,10,-0.5454545454545454,27.655172413793103,-0.41414686825054003,33,6,6.0,1.0,2.0,2.052134831460674,-0.3333333333333333,56.915,341.49,-0.9474291532326489,6,2.093576966851,0.4445473697794601,1.0,2.923784494086728,6,0.0,0,Basic,Monthly,9.99,credit_card,Europe,1
640,193,6.0,18,-0.631578947368421,37.93108808290155,-0.4517973856209151,198,5,13.0,0.0,3.0,1.276516129032258,-0.75,27.41,356.33,0.0,6,1.4585505577859599,0.2763303244947696,0.9483870967741935,10.183968462549277,5,0.0,0,Standard,Monthly,19.99,apple_pay,Europe,1
641,43,15.0,21,-0.2727272727272727,32.699999999999996,-0.13927203065134094,44,4,4.0,0.0,3.0,1.6679452054794521,-0.75,105.53999999999999,422.15999999999997,0.0,6,1.1368196004585382,0.32518158489381815,1.0,2.3981603153745072,4,1.0,0,Basic,Monthly,9.99,bank_transfer,Europe,1
642,280,11.0,21,-0.45454545454545453,17.42285714285714,-0.4093956910141881,289,4,27.0,1.0,3.0,1.933835294117647,-0.5,27.87222222222222,752.55,-0.8462265339548948,6,0.9760426292391851,0.28137917991102707,0.988235294117647,13.961892247043364,4,9.0,0,Premium,Monthly,39.99,paypal,Asia,1
643,171,23.0,22,0.043478260869565216,35.35906432748538,-0.016069675448819862,171,2,7.0,0.0,1.0,0.8952941176470589,-0.5,23.735714285714288,166.15,0.0,6,0.7629608727985403,0.24700370271131813,1.0,7.818659658344283,2,0.0,0,Premium,Monthly,39.99,paypal,Asia,0
644,219,15.0,14,0.06666666666666667,39.90684931506849,-0.11235200565470924,225,1,5.0,0.0,0.0,0.39842931937172776,0.0,21.506,107.53,0.0,6,1.0273330505093283,0.2644730242363923,1.0,12.54927726675427,1,3.0,0,Standard,Annual,19.99,credit_card,Asia,0
645,39,15.0,13,0.14285714285714285,16.894871794871793,-0.2323147440794499,40,1,3.0,0.0,2.0,1.1274074074074074,-0.6666666666666666,16.233333333333334,48.7,0.0,6,1.1920791213585393,0.27555349673509505,1.0,2.6609724047306176,1,0.0,0,Basic,Monthly,9.99,credit_card,Europe,0
646,420,21.0,21,0.0,17.141666666666666,-0.08105420188960706,435,1,43.0,2.0,2.0,1.9832121212121212,0.0,28.560232558139532,1228.09,0.5287146763901551,6,0.9223332879925007,0.25434809755141624,1.0,21.681997371879106,1,4.0,0,Basic,Monthly,9.99,apple_pay,North America,0
647,638,23.0,17,0.3333333333333333,30.63040752351097,-0.02268906906014728,671,1,65.0,2.0,0.0,1.8790123456790122,2.0,46.09984615384616,2996.4900000000002,0.0,6,0.9392639240890217,0.23704517045877452,1.0,34.59264126149803,1,15.0,0,Premium,Monthly,39.99,paypal,Europe,0
648,493,16.0,19,-0.15,27.240365111561864,-0.08175058892815083,509,2,49.0,2.0,1.0,1.8976590330788805,0.5,38.25061224489796,1874.28,1.000637755102041,6,0.9526583689738397,0.2566653140118278,1.0,25.821287779237842,2,5.0,0,Standard,Annual,19.99,credit_card,Asia,0
649,389,2.0,10,-0.7272727272727273,35.4681233933162,-0.06227371469949308,408,2,23.0,0.0,0.0,0.7471931696905016,0.0,33.10782608695652,761.48,0.0,6,1.8797725235893015,0.2629701907029418,0.9711846318036286,30.781865965834427,2,16.0,0,Basic,Annual,9.99,credit_card,Asia,1
650,213,14.0,14,0.0,15.634741784037558,0.031539108494533265,226,4,24.0,2.0,0.0,1.7069158878504673,2.0,54.52541666666667,1308.6100000000001,0.0,6,1.3810939993065767,0.23693860503299521,0.9813084112149533,14.060446780551905,4,2.0,0,Basic,Annual,9.99,credit_card,South America,0
651,542,23.0,16,0.4117647058823529,26.566789667896682,0.056020658065970515,571,1,71.0,4.0,2.0,2.5456301531213192,0.6666666666666666,33.3912676056338,2370.7799999999997,0.47005687520909994,6,0.8262116682282776,0.2513660333091989,1.0,27.890932982917214,1,5.0,0,Standard,Monthly,19.99,credit_card,North America,0
652,305,13.0,10,0.2727272727272727,35.101967213114754,0.0444010053057804,332,1,56.0,2.0,2.0,2.540447093889717,0.0,37.22571428571428,2084.64,-0.20934579439252324,6,1.4395824717401569,0.24187566286618933,1.0,22.043363994743757,1,2.0,0,Basic,Monthly,9.99,paypal,Europe,0
653,240,18.0,18,0.0,40.83416666666667,0.12282828282828291,259,1,37.0,3.0,3.0,2.4221075268817205,0.0,33.803513513513515,1250.73,-0.4952824254623224,6,1.2623235013120964,0.26959288107434454,1.0,15.275952693823916,1,3.0,0,Premium,Monthly,39.99,credit_card,North America,0
654,261,10.0,11,-0.08333333333333333,18.331417624521073,0.015384615384615438,281,7,33.0,2.0,0.0,1.5869194312796209,2.0,27.82030303030303,918.07,0.0,6,1.4122389467812944,0.26627494366741955,1.0,20.795006570302235,7,4.0,0,Standard,Monthly,19.99,bank_transfer,North America,0
655,364,9.0,14,-0.3333333333333333,14.627747252747254,-0.14056939501779364,379,4,27.0,0.0,0.0,0.976104513064133,0.0,48.2837037037037,1303.6599999999999,0.0,6,1.6498626582271345,0.2711310763663987,0.9893111638954869,27.660972404730618,4,5.0,0,Standard,Annual,19.99,bank_transfer,Asia,0
656,73,12.0,20,-0.38095238095238093,41.32054794520548,-0.2792022792022792,76,1,7.0,2.0,1.0,1.7323577235772356,0.5,38.62571428571429,270.38,3.5204981837052416,6,1.0751911625548434,0.28595022695915795,1.0,4.040735873850197,1,1.0,0,Standard,Monthly,19.99,credit_card,Europe,1
657,298,10.0,9,0.1,14.133221476510066,0.003211009174312062,347,1,65.0,1.0,1.0,2.389613526570048,0.0,43.745999999999995,2843.49,1.2142076502732242,6,1.7640874953629633,0.25496046132197264,0.9806763285024154,27.201051248357423,1,5.0,0,Premium,Monthly,39.99,apple_pay,North America,0
658,180,5.0,6,-0.14285714285714285,17.914444444444445,-0.26567164179104474,203,16,25.0,0.0,0.0,1.3374340949033394,0.0,36.7984,919.96,0.0,6,2.1173226069543825,0.2636762666827905,0.9349736379613356,18.69250985545335,16,2.0,0,Basic,Monthly,9.99,credit_card,Europe,1
659,418,13.0,11,0.16666666666666666,43.83803827751196,0.0999065023374418,468,1,80.0,1.0,4.0,2.2402943882244712,-0.6,33.643625,2691.49,-0.8365902657291572,6,1.7672876246248947,0.2427637741153199,0.985280588776449,35.709592641261494,1,7.0,0,Standard,Monthly,19.99,paypal,South America,0
660,271,7.0,12,-0.38461538461538464,29.80221402214022,-0.38357104721226465,282,3,23.0,1.0,0.0,1.3259848484848484,1.0,41.68521739130435,958.76,0.0,6,1.3454436469119624,0.2626544990055033,0.9810606060606061,17.345597897503286,3,4.0,0,Premium,Monthly,39.99,credit_card,Europe,1
661,602,24.0,17,0.3888888888888889,38.97558139534883,-0.011590038314176118,614,2,35.0,1.0,0.0,1.0827235772357724,1.0,41.34171428571429,1446.96,0.0,6,0.9590280098559583,0.243781405030093,1.0,32.32588699080158,2,9.0,0,Premium,Monthly,39.99,credit_card,Asia,0
662,298,19.0,17,0.1111111111111111,43.08657718120805,-0.08674908110280628,305,1,29.0,1.0,1.0,1.9190434782608696,0.0,34.49103448275862,1000.24,-0.5985401459854014,6,0.8936342433275842,0.26286891134675316,1.0,15.111695137976346,1,12.0,0,Standard,Annual,19.99,paypal,North America,0
663,170,5.0,3,0.5,15.90529411764706,-0.19906976744186047,199,11,42.0,2.0,2.0,2.4213636363636364,0.0,40.22357142857143,1689.39,-0.2877697841726619,6,2.1594397476165232,0.2482160472146748,0.9545454545454545,17.345597897503286,11,4.0,0,Basic,Monthly,9.99,credit_card,Europe,1
664,230,9.0,9,0.0,34.958695652173915,0.13019000703729777,255,11,31.0,2.0,3.0,1.4063189269746648,-0.25,25.68064516129032,796.1,-0.041251778093883404,6,1.8426645191014814,0.24036933502888658,0.9910581222056631,22.043363994743757,11,6.0,0,Standard,Monthly,19.99,bank_transfer,North America,0
665,115,9.0,16,-0.4117647058823529,25.82608695652174,-0.060502838605028406,124,3,15.0,0.0,1.0,1.648375451263538,-0.5,64.32533333333333,964.88,0.0,6,1.6437313017328639,0.26431073313508335,0.9855595667870036,9.099868593955321,3,2.0,0,Basic,Monthly,9.99,bank_transfer,South America,1
666,85,9.0,3,1.5,22.07176470588235,0.3117338003502625,97,1,14.0,1.0,0.0,1.348607594936709,1.0,48.019285714285715,672.27,0.0,6,2.565779352206757,0.255535149600066,0.9525316455696202,10.38107752956636,1,2.0,0,Standard,Monthly,19.99,bank_transfer,Europe,0
667,332,16.0,14,0.13333333333333333,31.821084337349397,0.0049523706429964,350,5,32.0,2.0,1.0,1.3234782608695652,0.5,40.409375,1293.1,3.199060336300693,6,1.3665541615037278,0.238415697121857,0.9796195652173914,24.178712220762154,5,2.0,0,Basic,Annual,9.99,credit_card,Asia,0
668,232,12.0,10,0.18181818181818182,37.38103448275862,-0.006290094143131023,251,2,28.0,2.0,3.0,1.352888888888889,-0.25,43.16857142857143,1208.72,-0.640492631878693,6,1.8437607803782583,0.26510948272118773,0.9666666666666667,20.69645203679369,2,8.0,0,Basic,Monthly,9.99,credit_card,Europe,0
669,351,7.0,14,-0.4666666666666667,23.704843304843305,-0.25769230769230766,368,9,24.0,0.0,1.0,1.0021399176954733,-0.5,29.450833333333335,706.82,0.0,6,1.3287618359048499,0.28919286464237887,0.9890260631001372,23.94875164257556,9,8.0,0,Basic,Monthly,9.99,credit_card,Asia,1
670,92,9.0,10,-0.09090909090909091,27.594565217391303,0.11642531331650496,109,1,17.0,2.0,2.0,1.587361963190184,0.0,40.554117647058824,689.42,-0.9269203829091758,6,2.4741480941870755,0.2721899872155827,0.9662576687116565,10.709592641261498,1,1.0,0,Standard,Monthly,19.99,credit_card,Europe,0
671,138,4.0,9,-0.5,35.1731884057971,0.30423728813559336,144,24,8.0,0.0,1.0,1.0062809917355373,-0.5,43.243750000000006,345.95000000000005,0.0,6,0.9702052043156834,0.2976931786310724,0.9256198347107438,7.9500657030223385,24,4.0,0,Standard,Monthly,19.99,paypal,North America,1
672,61,9.0,13,-0.2857142857142857,15.360655737704919,0.10651750972762654,75,2,14.0,4.0,2.0,2.614478527607362,0.6666666666666666,31.874285714285715,446.24,0.8452183526810394,6,1.6388019933302518,0.2638528490120605,0.9877300613496933,5.354796320630749,2,4.0,0,Basic,Monthly,9.99,apple_pay,Asia,0
673,123,19.0,20,-0.047619047619047616,43.447154471544714,-0.06511577345363621,132,2,22.0,3.0,6.0,3.2989162561576357,-0.42857142857142855,42.015454545454546,924.34,0.82203253341923,6,0.8626795982601289,0.2155161034778605,1.0,6.668856767411301,2,1.0,0,Premium,Monthly,39.99,credit_card,North America,1
674,143,10.0,11,-0.08333333333333333,38.467832167832164,0.13221166195735937,164,2,30.0,1.0,0.0,2.36580310880829,1.0,60.65,1819.5,0.0,6,1.6691869152267218,0.2552729254985764,1.0,12.680683311432325,2,1.0,0,Premium,Monthly,39.99,credit_card,North America,0
675,408,11.0,17,-0.3333333333333333,39.36495098039216,0.0012804097311139595,447,5,71.0,7.0,5.0,2.180867810292634,0.3333333333333333,27.970281690140844,1985.8899999999999,1.0253771323840408,6,1.5043176970850571,0.25495874194512347,0.9959636730575175,32.55584756898817,5,0.0,0,Basic,Annual,9.99,apple_pay,Europe,0
676,439,13.0,19,-0.3,41.221412300683376,0.01490212466876237,455,1,51.0,3.0,1.0,2.0866129032258067,1.0,39.0143137254902,1989.73,4.329529243937232,6,1.0347526814678014,0.23848446893660272,1.0,24.441524310118265,1,2.0,0,Basic,Monthly,9.99,credit_card,Asia,0
677,334,13.0,17,-0.2222222222222222,34.70449101796407,0.0005438395069188927,366,2,64.0,2.0,2.0,2.8861629629629633,0.0,39.2884375,2514.46,-0.661615439599714,6,1.4143093586322601,0.25127203078063215,1.0,22.174770039421812,2,1.0,0,Basic,Annual,9.99,credit_card,North America,0
678,69,2.0,5,-0.5,25.156521739130433,-0.7715736040609138,78,7,11.0,1.0,1.0,1.5151131221719458,0.0,31.94363636363636,351.38,2.411042944785276,6,2.468876670958809,0.30125776599957843,0.9502262443438914,7.260183968462549,7,3.0,0,Basic,Annual,9.99,credit_card,Europe,1
679,406,20.0,20,0.0,41.203448275862065,-0.0016913869372887024,410,1,18.0,4.0,1.0,0.9562303664921468,1.5,33.431666666666665,601.77,1.4948599787309462,6,0.6856972636168296,0.26074303089328343,1.0,18.823915900131404,1,2.0,0,Standard,Monthly,19.99,bank_transfer,Oceania,0
680,185,7.0,20,-0.6190476190476191,16.527567567567566,-0.1875290832945556,192,8,11.0,0.0,3.0,1.00855421686747,-0.75,21.111818181818183,232.23000000000002,0.0,6,1.1350280986782653,0.2858461230107907,0.9909638554216867,10.90670170827858,8,2.0,0,Standard,Monthly,19.99,bank_transfer,North America,1
681,324,9.0,12,-0.23076923076923078,28.696296296296296,-0.13789066018193288,378,2,80.0,0.0,3.0,2.926923076923077,-0.75,34.136624999999995,2730.93,0.0,6,1.6620602482653666,0.2512165539496129,1.0,27.33245729303548,2,14.0,0,Standard,Monthly,19.99,bank_transfer,Oceania,0
682,76,11.0,16,-0.29411764705882354,19.49736842105263,-0.09057863256336544,78,4,4.0,1.0,0.0,0.9366153846153846,1.0,63.754999999999995,255.01999999999998,0.0,6,1.1925090867905042,0.35837253516345285,0.9692307692307691,4.270696452036794,4,2.0,0,Standard,Monthly,19.99,bank_transfer,Asia,1
683,84,5.0,5,0.0,19.325,-0.25534591194968553,90,5,9.0,0.0,0.0,0.9612631578947369,0.0,29.716666666666672,267.45000000000005,0.0,6,2.4065262815136537,0.3154042033734571,0.9578947368421052,9.362680683311432,5,2.0,0,Standard,Monthly,19.99,credit_card,Europe,1
684,100,5.0,5,0.0,20.655,-0.10721442885771545,120,10,24.0,1.0,2.0,2.0579154929577466,-0.3333333333333333,48.34291666666667,1160.23,-0.9207979194037054,6,2.2147232982588894,0.2712503353919171,0.9464788732394366,11.662286465177397,10,2.0,0,Standard,Monthly,19.99,bank_transfer,North America,1
685,173,16.0,15,0.0625,43.0242774566474,-0.04535398230088505,182,2,6.0,1.0,1.0,0.49229110512129387,0.0,24.486666666666665,146.92,-0.09284420289855061,6,1.299383619280792,0.256970184643223,1.0,12.187910643889618,2,8.0,0,Basic,Annual,9.99,credit_card,North America,0
686,614,14.0,19,-0.25,31.77882736156352,0.0412207879456789,647,1,86.0,2.0,1.0,2.4673327049952873,0.5,45.23627906976744,3890.32,-0.0842368640533778,6,1.0348059882956482,0.2599769950538532,1.0,34.85545335085414,1,6.0,0,Premium,Annual,39.99,paypal,Asia,0
687,249,5.0,14,-0.6,25.32369477911647,0.15519348268839112,261,4,13.0,1.0,0.0,0.517281045751634,1.0,39.059230769230766,507.77,0.0,6,2.2877983704910236,0.268252277311911,0.9333333333333332,25.131406044678055,4,7.0,0,Standard,Monthly,19.99,paypal,Europe,0
688,128,12.0,16,-0.23529411764705882,27.1234375,0.10810190498049121,133,1,8.0,0.0,2.0,0.8397241379310345,-0.6666666666666666,41.37875,331.03,0.0,6,1.7553329073269153,0.26097548761511236,0.9896551724137931,9.526938239159001,1,2.0,0,Standard,Annual,19.99,credit_card,North America,1
689,142,17.0,13,0.2857142857142857,34.69154929577465,-0.10789251771998977,144,2,11.0,2.0,2.0,1.2265201465201465,0.0,40.13636363636363,441.5,2.8150337837837838,6,1.2374057751197916,0.23434658226957525,1.0,8.968462549277266,2,1.0,0,Standard,Monthly,19.99,credit_card,Oceania,0
690,217,15.0,23,-0.3333333333333333,25.050230414746544,0.06300518134715015,226,1,27.0,3.0,0.0,2.560373831775701,3.0,31.702962962962964,855.98,0.0,6,0.7755438440012621,0.2640865515758438,1.0,10.545335085413928,1,2.0,0,Basic,Monthly,9.99,credit_card,Europe,0
691,282,10.0,9,0.1,22.047517730496452,-0.2994057724957555,318,3,48.0,3.0,3.0,2.0015342465753427,0.0,45.553125,2186.55,-0.4547898198455819,6,1.626244497483443,0.26187495529029764,0.9972602739726026,23.98160315374507,3,4.0,0,Standard,Annual,19.99,credit_card,Asia,0
692,498,8.0,15,-0.4375,34.178514056224905,-0.16696265475948854,514,8,32.0,2.0,0.0,1.2377128335451082,2.0,22.853437500000002,731.3100000000001,0.0,6,0.8993369538875184,0.263230623263276,0.9961880559085133,25.854139290407357,8,1.0,0,Premium,Monthly,39.99,paypal,Asia,1
693,270,14.0,18,-0.21052631578947367,30.610740740740738,0.006033865967087956,296,1,37.0,3.0,2.0,1.7792733017377567,0.3333333333333333,20.84081081081081,771.11,-0.21380221231632815,6,1.595082087946977,0.25605381570793884,1.0,20.795006570302235,1,3.0,0,Basic,Annual,9.99,credit_card,North America,0
694,435,14.0,20,-0.2857142857142857,26.243448275862068,0.03433579286646615,446,3,44.0,1.0,0.0,1.753089005235602,1.0,31.59659090909091,1390.25,0.0,6,1.0139077412586361,0.24220039483979944,0.9986910994764399,25.09855453350854,3,2.0,0,Premium,Monthly,39.99,credit_card,North America,0
695,436,20.0,23,-0.125,44.82660550458716,0.00906862745098037,451,3,40.0,1.0,5.0,1.5979002624671919,-0.6666666666666666,50.89475,2035.79,-0.8900514864640425,6,1.04418826197858,0.246114643877001,1.0,25.03285151116951,3,4.0,0,Premium,Monthly,39.99,bank_transfer,Europe,0
696,33,14.0,11,0.25,26.87272727272727,0.012806755621909138,36,1,10.0,3.0,5.0,3.2042105263157894,-0.3333333333333333,49.161,491.61,-0.5172721973965416,6,2.3682067817959935,0.15691753639156109,0.9578947368421052,3.1208935611038107,1,0.0,0,Premium,Monthly,39.99,credit_card,Asia,0
697,179,22.0,16,0.35294117647058826,28.293296089385475,-0.0303030303030303,184,1,15.0,0.0,0.0,1.691111111111111,0.0,27.684666666666665,415.27,0.0,6,0.8567274158852428,0.24992884834644072,1.0,8.869908015768726,1,1.0,0,Basic,Monthly,9.99,credit_card,North America,0
698,494,11.0,17,-0.3333333333333333,26.75323886639676,-0.1302651188328497,525,2,51.0,1.0,1.0,1.505761396702231,0.0,33.14509803921569,1690.4,-0.5399931342258839,6,1.3083323505975912,0.24243343027383965,1.0,33.86990801576872,2,1.0,0,Premium,Monthly,39.99,paypal,North America,0
699,630,19.0,21,-0.09090909090909091,32.327460317460314,-0.012953790888804195,648,1,55.0,2.0,0.0,1.7660337552742618,2.0,38.26690909090909,2104.68,0.0,6,0.7876978414502315,0.23997275242333369,1.0,31.143232588699078,1,3.0,0,Premium,Annual,39.99,credit_card,Europe,0
700,120,5.0,7,-0.25,22.043333333333333,0.08200115008625647,131,4,17.0,1.0,2.0,1.1249565217391304,-0.3333333333333333,43.0564705882353,731.96,0.6984328674290556,6,2.8607620403314407,0.20856691286117204,0.8521739130434783,15.111695137976346,4,3.0,0,Basic,Monthly,9.99,paypal,Europe,1
701,214,18.0,18,0.0,41.828504672897196,-0.0019052803483942445,226,1,26.0,1.0,2.0,2.280806916426513,-0.3333333333333333,30.215769230769233,785.61,-0.6404353809583386,6,0.8610163798379252,0.26070544723389577,1.0,11.399474375821287,1,1.0,0,Standard,Annual,19.99,credit_card,Europe,0
702,416,11.0,15,-0.25,19.407692307692308,0.09081723261581796,453,1,57.0,2.0,2.0,1.8458297872340426,0.0,32.95894736842106,1878.66,13.068256578947368,6,1.4609406106241059,0.27196087451647005,1.0,30.880420499342968,1,12.0,0,Basic,Monthly,9.99,credit_card,North America,0
703,287,6.0,13,-0.5,32.67665505226481,-0.2848526077097506,288,2,11.0,0.0,0.0,0.7507623318385651,0.0,28.42,312.62,0.0,6,1.0529927090816018,0.2902338612740064,1.0,14.651773981603153,2,1.0,0,Basic,Monthly,9.99,paypal,North America,1
704,385,16.0,12,0.3076923076923077,20.30025974025974,0.09598853868194837,416,1,59.0,1.0,3.0,2.314381443298969,-0.5,52.39305084745763,3091.19,-0.18422387302723842,6,1.228851123179882,0.24202735841217077,1.0,25.492772667542706,1,7.0,0,Standard,Monthly,19.99,credit_card,Oceania,0
705,689,19.0,18,0.05263157894736842,14.214949201741655,0.11102131528437226,703,2,38.0,0.0,1.0,1.1441345202769535,-0.5,33.61842105263158,1277.5,0.0,6,0.7691837246995047,0.2502026281524454,1.0,33.21287779237845,2,1.0,0,Standard,Annual,19.99,bank_transfer,North America,0
706,267,15.0,20,-0.23809523809523808,20.63071161048689,-0.12512686675366108,290,1,43.0,4.0,1.0,2.4884410646387836,1.5,26.1353488372093,1123.82,0.0997764681975209,6,1.2322070826375386,0.2605986891232691,0.9980988593155894,17.279894875164256,1,5.0,0,Premium,Annual,39.99,credit_card,Europe,0
707,77,9.0,11,-0.16666666666666666,25.65064935064935,-0.10920816153927472,88,1,12.0,2.0,1.0,1.6528506787330317,0.5,53.45249999999999,641.43,6.475592747559275,6,1.8416314838534433,0.22824770087634466,1.0,7.260183968462549,1,6.0,0,Standard,Monthly,19.99,paypal,Europe,0
708,374,9.0,10,-0.09090909090909091,43.38101604278075,0.03502656042496679,437,2,77.0,0.0,1.0,2.1543014705882353,-0.5,36.14961038961039,2783.52,0.0,6,1.9386944906730903,0.24229532733257853,0.9779411764705883,35.74244415243101,2,10.0,0,Premium,Monthly,39.99,credit_card,North America,0
709,44,11.0,12,-0.07692307692307693,44.84772727272727,-0.16088045812455273,47,3,8.0,3.0,3.0,2.5366666666666666,0.0,21.09375,168.75,0.6506520247083049,6,1.5844961405202829,0.244573599309211,1.0,3.1537450722733245,3,0.0,0,Basic,Monthly,9.99,credit_card,North America,0
710,224,12.0,20,-0.38095238095238093,36.82767857142857,0.05598138516287968,229,1,10.0,1.0,0.0,0.7591022443890274,1.0,31.392000000000003,313.92,0.0,6,1.2269593808289623,0.24381107811784924,1.0,13.173455978975033,1,2.0,0,Basic,Annual,9.99,paypal,Oceania,0
711,153,12.0,8,0.4444444444444444,33.953594771241825,-0.04312604241124611,165,1,21.0,1.0,2.0,1.522,-0.3333333333333333,28.52,598.92,-0.50366076876144,6,2.1111827545415083,0.25984972950840035,1.0,13.797634691195794,1,1.0,0,Premium,Annual,39.99,credit_card,North America,0
712,105,14.0,13,0.07142857142857142,31.35142857142857,0.08890030832476882,109,1,7.0,0.0,2.0,0.6986229508196722,-0.6666666666666666,24.955714285714286,174.69,0.0,6,1.7138694709681912,0.23274050620773565,1.0,10.019710906701707,1,4.0,0,Basic,Monthly,9.99,credit_card,Europe,0
713,218,7.0,13,-0.42857142857142855,21.843577981651375,-0.24190186712983058,229,7,13.0,0.0,1.0,0.6562520729684909,-0.5,66.86,869.1800000000001,0.0,6,2.011021490408985,0.2578912911821104,0.9635157545605307,19.80946123521682,7,2.0,0,Basic,Monthly,9.99,credit_card,North America,0
714,244,15.0,11,0.3333333333333333,36.700409836065575,-0.045497265233803236,270,3,47.0,2.0,1.0,2.654322820037106,0.5,25.433829787234046,1195.39,-0.16071428571428564,6,1.4220874006343636,0.27201836405021956,1.0,17.706964520367936,3,8.0,0,Basic,Monthly,9.99,credit_card,Asia,0
715,186,17.0,18,-0.05263157894736842,25.872580645161293,0.06768007665315741,193,1,12.0,1.0,1.0,1.1633121019108281,0.0,40.024166666666666,480.29,-0.9599156118143459,6,1.238020696243846,0.2577884707985197,1.0,10.315374507227332,1,2.0,0,Standard,Monthly,19.99,credit_card,Europe,0
716,528,20.0,18,0.10526315789473684,28.39753787878788,-0.04965504381875811,536,1,22.0,1.0,1.0,0.7786976744186047,0.0,19.700454545454544,433.40999999999997,3.2895805142083896,6,0.9359478937788621,0.2530438150445203,1.0,28.252299605781864,1,8.0,0,Basic,Monthly,9.99,credit_card,Europe,0
717,86,22.0,18,0.21052631578947367,26.098837209302324,-0.05704172120720492,87,2,2.0,0.0,0.0,0.4612121212121212,0.0,20.105,40.21,0.0,6,0.8910560297496531,0.2766193202520644,1.0,4.336399474375821,2,1.0,0,Basic,Monthly,9.99,credit_card,North America,0
718,179,22.0,23,-0.041666666666666664,39.94134078212291,0.15632688835151382,182,1,10.0,2.0,1.0,1.2031620553359685,0.5,35.31,353.1,29.015174506828526,6,0.7553370572013423,0.24539708686447592,1.0,8.31143232588699,1,4.0,0,Basic,Annual,9.99,paypal,Europe,0
719,15,5.0,10,-0.45454545454545453,42.5,0.11158798283261802,19,8,6.0,0.0,6.0,3.044,-0.8571428571428571,32.93833333333333,197.63,0.0,6,2.4070973488953085,0.23886202446721289,0.9333333333333333,1.9710906701708277,8,0.0,0,Basic,Monthly,9.99,bank_transfer,North America,1
720,60,17.0,15,0.125,36.208333333333336,0.04897684264545514,64,2,7.0,4.0,1.0,2.196701030927835,1.5,20.21857142857143,141.53,2.637767812655705,6,0.9816545590599031,0.25674364135361377,1.0,3.1865965834428382,2,1.0,0,Standard,Annual,19.99,credit_card,North America,0
721,208,9.0,9,0.0,17.86923076923077,-0.04469273743016762,224,1,21.0,1.0,0.0,0.9003380281690142,1.0,44.579047619047614,936.16,0.0,6,2.4361436292487793,0.22716217566839694,0.9661971830985915,23.324572930354794,1,6.0,0,Standard,Annual,19.99,paypal,Europe,1
722,124,16.0,13,0.21428571428571427,23.148387096774194,0.026880637886598103,129,1,12.0,1.0,2.0,1.6091629955947138,-0.3333333333333333,42.879999999999995,514.56,-0.8089162844036698,6,1.1870984609144735,0.26577096074485174,1.0,7.457293035479632,1,1.0,0,Standard,Monthly,19.99,apple_pay,Europe,0
723,261,11.0,12,-0.07692307692307693,29.181226053639847,-0.07546872538207022,285,4,32.0,2.0,1.0,1.8950972762645917,0.5,39.714375000000004,1270.8600000000001,-0.561951126384116,6,1.1810382893032207,0.2725483798763706,0.980544747081712,16.88567674113009,4,7.0,0,Standard,Monthly,19.99,paypal,Europe,0
724,367,20.0,24,-0.16,12.2283378746594,-0.07906976744186055,373,1,21.0,0.0,0.0,1.1750735294117647,0.0,39.09619047619047,821.02,0.0,6,0.7312713908965168,0.2619958633167162,1.0,17.871222076215506,1,3.0,0,Basic,Monthly,9.99,credit_card,Europe,0
725,51,9.0,12,-0.23076923076923078,29.288235294117648,-0.11099899091826432,56,2,4.0,1.0,3.0,0.8455555555555555,-0.5,56.252500000000005,225.01000000000002,-0.690754945498587,6,2.0892542126278375,0.2068229620523258,1.0,4.730617608409987,2,2.0,0,Basic,Annual,9.99,apple_pay,Europe,0
726,137,10.0,12,-0.15384615384615385,28.4007299270073,-0.2451229855810008,139,5,6.0,0.0,1.0,0.5585321100917432,-0.5,32.08166666666667,192.49,0.0,6,1.8015943196117767,0.2903820692510765,1.0,10.74244415243101,5,1.0,0,Basic,Annual,9.99,credit_card,Europe,1
727,222,10.0,11,-0.08333333333333333,29.193693693693692,-0.12611111111111106,238,1,26.0,2.0,2.0,1.5161685823754791,0.0,28.47653846153846,740.39,-0.5323811069631553,6,1.4666913717825927,0.24718951671064934,1.0,17.1484888304862,1,3.0,0,Premium,Monthly,39.99,credit_card,North America,0
728,202,13.0,9,0.4,28.63118811881188,0.10917230038370174,217,1,22.0,2.0,1.0,1.2044604316546763,0.5,52.874545454545455,1163.24,28.81379310344828,6,1.8438563397267123,0.2539566765802545,0.9694244604316546,18.265440210249672,1,3.0,0,Basic,Monthly,9.99,credit_card,Europe,0
729,124,17.0,18,-0.05263157894736842,41.61612903225806,0.06329055023459637,129,1,10.0,5.0,1.0,1.2424489795918368,2.0,34.761,347.61,4.385746244806648,6,1.19605548386036,0.24554665000673517,1.0,8.04862023653088,1,3.0,0,Basic,Monthly,9.99,credit_card,Europe,0
730,227,7.0,14,-0.4666666666666667,22.337004405286343,-0.1817927953085731,251,1,30.0,2.0,1.0,1.5322147651006712,0.5,68.95466666666667,2068.64,54.20404721753793,6,1.6648311177420998,0.2383404082779103,0.9983221476510068,19.579500657030223,1,4.0,0,Premium,Monthly,39.99,credit_card,North America,0
731,109,10.0,6,0.5714285714285714,15.872477064220183,-0.16601529311809676,129,1,25.0,2.0,1.0,1.6948775055679288,0.5,30.782799999999998,769.5699999999999,10.989637305699482,6,2.7262643350213573,0.25218914187170194,0.9510022271714923,14.750328515111695,1,2.0,0,Standard,Annual,19.99,credit_card,Europe,0
732,397,14.0,15,-0.0625,23.380100755667506,0.08696085069098715,419,1,40.0,2.0,2.0,1.5432192648922687,0.0,28.190499999999997,1127.62,0.48759623609923014,6,1.3314639000638542,0.23538170914267148,1.0,25.919842312746386,1,6.0,0,Basic,Monthly,9.99,bank_transfer,South America,0
733,151,5.0,8,-0.3333333333333333,27.919205298013246,-0.42043343653250775,157,13,13.0,3.0,3.0,1.3279194630872484,0.0,63.84153846153846,829.94,-0.3428680396643783,6,1.5047759644081178,0.3055577562949985,0.9630872483221476,9.789750328515112,13,2.0,0,Standard,Annual,19.99,credit_card,Asia,1
734,545,21.0,22,-0.043478260869565216,35.14128440366972,-0.024341580207502055,557,1,35.0,0.0,3.0,1.374709677419355,-0.75,48.23028571428571,1688.06,0.0,6,0.6955782866751238,0.2559323900433964,1.0,25.45992115637319,1,2.0,0,Basic,Annual,9.99,credit_card,North America,0
735,120,6.0,15,-0.5625,34.10166666666667,-0.31703716568252865,130,6,16.0,1.0,3.0,1.8309774436090225,-0.5,25.033125,400.53,-0.813215132460571,6,1.4761918716279623,0.2836481966694151,0.9473684210526315,8.73850197109067,6,4.0,0,Basic,Monthly,9.99,credit_card,Asia,1
736,531,18.0,23,-0.20833333333333334,31.574387947269305,0.046183974755403305,553,2,43.0,3.0,3.0,1.6021052631578947,0.0,35.43511627906977,1523.71,-0.6243649276154056,6,0.85807136185293,0.2538490562379906,1.0,26.839684625492772,2,13.0,0,Basic,Monthly,9.99,apple_pay,Europe,0
737,633,17.0,20,-0.14285714285714285,26.643127962085305,-0.15909495813290575,653,4,47.0,1.0,2.0,1.3903595724003885,-0.3333333333333333,49.034893617021275,2304.64,-0.793995490684704,6,0.9755946338992767,0.24949854899024917,1.0,33.8042049934297,4,17.0,0,Basic,Monthly,9.99,bank_transfer,North America,0
738,332,7.0,12,-0.38461538461538464,26.133734939759034,-0.11499875632202973,357,5,39.0,1.0,3.0,1.3756199304750871,-0.5,41.38897435897436,1614.17,-0.9495578717068278,6,1.6372073343573088,0.2601740893596082,0.9895712630359211,28.350854139290405,5,6.0,0,Basic,Monthly,9.99,credit_card,Europe,0
739,545,22.0,16,0.35294117647058826,12.19467889908257,0.038765008576329335,577,1,68.0,2.0,1.0,2.349511918274688,0.5,44.02279411764706,2993.55,-0.7447477708562354,6,0.9395737932932551,0.24345963008580493,1.0,28.942181340341655,1,5.0,0,Standard,Monthly,19.99,paypal,Europe,0
740,130,16.0,15,0.0625,19.787692307692307,-0.01697224975222999,138,1,22.0,3.0,2.0,2.317231833910035,0.3333333333333333,27.371363636363636,602.17,-0.2752756742394048,6,1.54007577894557,0.2830251953011933,0.9930795847750865,9.494086727989487,1,1.0,0,Basic,Monthly,9.99,paypal,Europe,0
741,180,11.0,4,1.4,36.80888888888889,0.10227272727272729,213,2,40.0,1.0,0.0,1.6840940525587829,1.0,34.53575,1381.43,0.0,6,2.8905138290333365,0.2644906511236378,0.929460580912863,23.751642575558474,2,4.0,0,Premium,Monthly,39.99,paypal,North America,0
742,539,19.0,17,0.1111111111111111,28.715584415584416,0.11923741836342687,568,1,44.0,0.0,1.0,1.2344331797235022,-0.5,39.71295454545455,1747.3700000000001,0.0,6,1.322268388292911,0.2401214866188917,1.0,35.64388961892247,1,9.0,0,Basic,Monthly,9.99,paypal,Europe,1
743,156,4.0,4,0.0,15.358333333333334,0.04552352048558422,187,11,28.0,2.0,0.0,1.4594520547945204,2.0,26.354285714285712,737.92,0.0,6,2.7391963684869753,0.23262116002897062,0.875,19.185282522996058,11,9.0,0,Standard,Monthly,19.99,credit_card,North America,0
744,255,13.0,14,-0.06666666666666667,44.8678431372549,-0.03892849121064895,275,3,24.0,2.0,2.0,1.375819209039548,0.0,24.430833333333336,586.34,0.5173948693920579,6,1.2972082039344972,0.2501636876166997,0.9887005649717514,17.444152431011826,3,10.0,0,Standard,Annual,19.99,credit_card,Europe,0
745,192,20.0,18,0.10526315789473684,44.31666666666666,-0.08295985620131821,193,1,8.0,3.0,0.0,0.8574647887323944,3.0,32.442499999999995,259.53999999999996,0.0,6,0.8309138086571333,0.25579328332207657,1.0,9.329829172141919,1,2.0,0,Basic,Annual,9.99,credit_card,Asia,0
746,480,14.0,20,-0.2857142857142857,29.839791666666667,0.012741008005412106,496,5,41.0,1.0,1.0,1.5332186732186732,0.0,32.7009756097561,1340.74,-0.8741698706745893,6,0.9467782164402768,0.25918032414440745,0.9975429975429975,26.741130091984232,5,8.0,0,Premium,Monthly,39.99,credit_card,North America,0
747,105,8.0,9,-0.1,38.00095238095238,0.18839969372128645,123,1,31.0,4.0,6.0,2.7351884057971017,-0.2857142857142857,64.15322580645162,1988.75,-0.6179622310057092,6,2.2127710020207303,0.23429916700830375,0.9333333333333333,11.333771353482259,1,2.0,0,Basic,Monthly,9.99,credit_card,Asia,0
748,260,10.0,12,-0.15384615384615385,35.89076923076923,0.1218390804597702,274,3,26.0,2.0,1.0,1.0856515775034294,0.5,32.74192307692307,851.29,0.5747883349012229,6,2.046670505833412,0.2484955679939099,0.9602194787379973,23.94875164257556,3,4.0,0,Standard,Annual,19.99,credit_card,Europe,0
749,165,27.0,24,0.12,19.073939393939394,0.016070502851218273,166,2,10.0,4.0,0.0,1.3899543378995434,4.0,35.322,353.22,0.0,6,0.6590660596278926,0.2374075472459622,1.0,7.194480946123521,2,5.0,0,Standard,Monthly,19.99,bank_transfer,North America,0
750,513,15.0,14,0.06666666666666667,41.06296296296296,0.0305250305250307,541,1,47.0,0.0,4.0,1.6093138357705288,-0.8,31.397234042553194,1475.67,0.0,6,1.019051664838026,0.25933899513238434,1.0,29.204993429697765,1,8.0,0,Standard,Annual,19.99,paypal,Asia,0
751,307,13.0,7,0.75,32.50684039087948,-0.0311932162325863,337,3,43.0,0.0,5.0,1.7712043301759135,-0.8333333333333334,37.826279069767445,1626.53,0.0,6,1.5983289070006217,0.23654878801721727,1.0,24.277266754270695,3,3.0,0,Standard,Monthly,19.99,apple_pay,North America,0
752,421,18.0,11,0.5833333333333334,30.86104513064133,-0.003567635736094619,447,1,36.0,0.0,0.0,1.3941984732824428,0.0,26.339166666666667,948.21,0.0,6,1.2428036412944452,0.278634016858556,1.0,25.821287779237842,1,15.0,0,Basic,Monthly,9.99,paypal,North America,0
753,78,5.0,15,-0.625,13.39102564102564,-0.41417322834645665,78,9,2.0,0.0,1.0,0.3805,-0.5,19.84,39.68,0.0,6,1.6490640274957753,0.3469335808796818,0.91875,5.256241787122208,9,0.0,0,Basic,Monthly,9.99,credit_card,North America,1
754,421,17.0,19,-0.1,21.493349168646084,-0.07964601769911493,439,1,50.0,1.0,4.0,2.1650071123755334,-0.6,31.290599999999998,1564.53,-0.8496032245874796,6,1.0380371288368544,0.2554106935116006,1.0,23.0946123521682,1,6.0,0,Basic,Monthly,9.99,bank_transfer,Europe,0
755,473,12.0,19,-0.35,19.674841437632136,-0.001463544438531211,498,3,59.0,3.0,1.0,2.1005380116959067,1.0,40.27779661016949,2376.39,1.5527511357900052,6,1.078967333570596,0.24563727345363476,0.9988304093567252,28.088042049934295,3,4.0,0,Basic,Annual,9.99,apple_pay,South America,0
756,97,10.0,11,-0.08333333333333333,31.831958762886597,-0.006554524361949115,119,1,26.0,2.0,4.0,2.719725085910653,-0.4,42.45423076923077,1103.81,4.467371037911747,6,1.6827128472908799,0.2805169939354637,1.0,9.559789750328514,1,4.0,0,Basic,Monthly,9.99,paypal,North America,0
757,208,8.0,10,-0.18181818181818182,32.454807692307696,-0.045365989423879836,239,1,30.0,1.0,3.0,1.225771812080537,-0.5,51.248666666666665,1537.46,4.147382029734971,6,2.613423545076796,0.24754188288159903,0.9395973154362416,24.47437582128778,1,9.0,0,Basic,Annual,9.99,paypal,North America,0
758,330,15.0,15,0.0,18.523030303030303,0.017108352901710647,350,2,45.0,4.0,1.0,2.0263313609467457,1.5,34.04533333333333,1532.04,6.6577480490523975,6,1.2598457876352709,0.24527603635654682,1.0,22.207621550591327,2,4.0,0,Standard,Monthly,19.99,paypal,North America,0
759,282,9.0,7,0.25,43.665957446808505,-0.09385113268608394,317,3,51.0,3.0,4.0,2.0135408560311285,-0.2,42.61098039215686,2173.16,-0.402486456452285,6,1.8935717107066494,0.2477511465071604,0.9805447470817121,25.328515111695136,3,6.0,0,Basic,Monthly,9.99,credit_card,Asia,0
760,52,4.0,4,0.0,20.371153846153845,-0.41981132075471694,61,19,10.0,0.0,0.0,1.3963302752293578,0.0,42.711,427.11,0.0,6,3.3461336150087506,0.29527488265034824,0.8348623853211009,7.1616294349540075,19,0.0,0,Basic,Monthly,9.99,credit_card,Asia,1
761,156,15.0,14,0.06666666666666667,26.16346153846154,0.053794280836534286,161,1,10.0,2.0,1.0,0.8432132963988921,0.5,30.162,301.62,2.608111351091913,6,1.6310181255234915,0.2409857700537719,0.9889196675900277,11.85939553219448,1,1.0,0,Standard,Monthly,19.99,credit_card,South America,0
762,177,8.0,11,-0.25,32.58135593220339,-0.2754421673217294,209,3,37.0,1.0,4.0,2.2346825396825394,-0.6,50.30189189189189,1861.17,-0.8800787542509397,6,1.9335329828102268,0.25573762483132084,1.0,16.557161629434955,3,4.0,0,Standard,Monthly,19.99,paypal,Europe,0
763,168,16.0,13,0.21428571428571427,43.06428571428572,0.15129808650587998,184,3,31.0,2.0,5.0,2.401119592875318,-0.5,45.06129032258064,1396.8999999999999,-0.8808914728682171,6,1.3829997847041344,0.2557517259309744,0.9974554707379134,12.910643889618921,3,3.0,0,Basic,Annual,9.99,credit_card,Europe,0
764,37,13.0,16,-0.17647058823529413,15.856756756756758,-0.04720750584544364,38,1,0.0,0.0,0.0,0.0,0.0,0.0,0.0,0.0,6,1.734216684127882,0.2856629882368835,1.0,2.726675427069645,1,2.0,0,Premium,Monthly,39.99,bank_transfer,Asia,1
765,319,9.0,16,-0.4117647058823529,21.54670846394984,-0.21915546119367776,345,1,56.0,3.0,2.0,2.171515923566879,0.3333333333333333,27.804285714285715,1557.04,-0.12165075454265474,6,1.7318526244402344,0.263848234277199,0.9808917197452229,25.78843626806833,1,4.0,0,Basic,Monthly,9.99,apple_pay,North America,1
766,277,15.0,14,0.06666666666666667,28.646931407942237,0.21507500914745695,294,1,34.0,1.0,4.0,1.6746925566343043,-0.6,50.055588235294124,1701.89,-0.7325641467194765,6,1.4090219775729058,0.23470683828112737,1.0,20.302233902759525,1,5.0,0,Basic,Monthly,9.99,paypal,North America,0
767,469,11.0,16,-0.29411764705882354,20.84733475479744,-0.24159886805801198,489,2,30.0,1.0,1.0,1.0832740213523133,0.0,58.638000000000005,1759.14,0.07506255212677233,6,1.2290575749889683,0.26438720281716455,1.0,27.69382391590013,2,13.0,0,Standard,Monthly,19.99,credit_card,North America,1
768,112,12.0,9,0.3,37.59375,-0.13283619817997977,124,1,12.0,1.0,1.0,0.9819354838709677,0.0,27.391666666666666,328.7,-0.8644501278772379,6,2.355655681091401,0.24432535325162041,0.9596774193548386,12.220762155059132,1,5.0,0,Premium,Monthly,39.99,paypal,North America,0
769,222,6.0,11,-0.4166666666666667,21.305405405405406,-0.3775017253278123,265,12,57.0,1.0,3.0,2.585812220566319,-0.5,31.97,1822.29,-0.9485546300832925,6,1.8019685565096892,0.24181218789666695,0.9701937406855439,22.043363994743757,12,9.0,0,Basic,Monthly,9.99,credit_card,Europe,1
770,286,16.0,18,-0.10526315789473684,24.505244755244757,0.05428125722209388,297,3,30.0,1.0,2.0,1.8674846625766874,-0.3333333333333333,39.912666666666674,1197.38,-0.9596346309897839,6,1.005140247471256,0.264900093832476,1.0,16.064388961892245,3,7.0,0,Basic,Monthly,9.99,paypal,North America,0
771,307,14.0,12,0.15384615384615385,41.68501628664495,-0.10124826629680998,318,4,21.0,2.0,0.0,0.9656193353474322,2.0,22.903333333333332,480.96999999999997,0.0,6,1.5510133124032706,0.246937809253335,0.9833836858006042,21.747700394218132,4,4.0,0,Premium,Monthly,39.99,bank_transfer,Europe,0
772,88,12.0,16,-0.23529411764705882,41.72272727272727,-0.15618810741098993,94,1,22.0,3.0,6.0,3.699889502762431,-0.42857142857142855,26.50681818181818,583.15,-0.4682123545797149,6,1.261784098700905,0.21987530440099462,1.0,5.946123521681997,1,3.0,0,Basic,Annual,9.99,credit_card,North America,0
773,540,12.0,13,-0.07142857142857142,41.59796296296297,-0.18181191775536093,574,4,58.0,0.0,1.0,1.6197431192660552,-0.5,43.52862068965517,2524.66,0.0,6,1.2288186360735798,0.2718846656242111,1.0,35.808147174770035,4,14.0,0,Standard,Annual,19.99,bank_transfer,Europe,0
774,476,14.0,15,-0.0625,43.51470588235294,-0.07366856178556368,508,1,60.0,4.0,3.0,2.0026315789473683,0.25,43.0295,2581.77,0.8331728454501683,6,1.1745615199767736,0.2353250995395367,1.0,29.96057818659658,1,7.0,0,Standard,Annual,19.99,credit_card,North America,0
775,49,13.0,15,-0.125,26.86122448979592,-0.40172822771941713,49,2,2.0,0.0,1.0,0.6408421052631579,-0.5,31.27,62.54,0.0,6,1.538512683274254,0.3625985559237734,1.0,3.1208935611038107,2,1.0,0,Basic,Monthly,9.99,bank_transfer,South America,1
776,322,8.0,10,-0.18181818181818182,31.65621118012422,-0.11037005163511188,358,1,41.0,1.0,1.0,1.2247693817468106,0.0,29.765609756097565,1220.39,-0.21948912015137184,6,2.1566671728170035,0.22651172644568912,0.9892051030421981,33.47568988173456,1,12.0,0,Standard,Monthly,19.99,paypal,Europe,0
777,51,9.0,9,0.0,31.488235294117647,-0.04597326377567645,60,2,6.0,1.0,1.0,0.9714893617021277,0.0,64.855,389.13,-0.1639676113360324,6,2.5051670740622303,0.21699045634821384,0.9308510638297872,6.176084099868594,2,3.0,0,Standard,Monthly,19.99,credit_card,Europe,0
778,140,15.0,15,0.0,43.395,0.04459549071618027,149,1,10.0,1.0,5.0,1.0832740213523133,-0.6666666666666666,18.444,184.44,-0.9525413349663197,6,1.5176082391119523,0.267398114509554,1.0,9.231274638633376,1,3.0,0,Basic,Monthly,9.99,credit_card,Europe,0
779,355,17.0,9,0.8,21.65661971830986,-0.035561497326203166,368,1,28.0,1.0,2.0,1.0680701754385964,-0.3333333333333333,31.90857142857143,893.44,-0.7739088381090558,6,1.728518337652999,0.2436815412046018,0.9824561403508771,26.21550591327201,1,4.0,0,Basic,Monthly,9.99,credit_card,Asia,0
780,213,10.0,7,0.375,20.114553990610325,-0.14672489082969445,235,1,31.0,1.0,2.0,1.3423044096728307,-0.3333333333333333,43.84516129032258,1359.2,-0.9759247719934289,6,2.6747874862403895,0.24355887396029807,0.9260312944523471,23.0946123521682,1,2.0,0,Premium,Monthly,39.99,bank_transfer,South America,0
781,154,4.0,14,-0.6666666666666666,17.626623376623378,-0.32541167664670656,161,11,17.0,0.0,1.0,1.7135099337748345,-0.5,23.34647058823529,396.89,0.0,6,1.258290119629504,0.2617190990876625,0.9966887417218543,9.921156373193167,11,0.0,0,Basic,Monthly,9.99,credit_card,Europe,1
782,503,10.0,11,-0.08333333333333333,28.753081510934393,-0.10885690561859958,526,1,46.0,1.0,1.0,1.3049767008387698,0.0,43.546521739130434,2003.1399999999999,-0.48863636363636365,6,1.5433679836074181,0.24103300510563305,0.9916123019571296,35.2496714848883,1,3.0,0,Basic,Monthly,9.99,credit_card,North America,0
783,596,14.0,19,-0.25,32.18120805369127,-0.07272139625080797,623,4,43.0,3.0,0.0,1.205267034990792,3.0,28.22558139534884,1213.7,0.0,6,1.0903504185774893,0.24933456795603864,0.9990791896869246,35.67674113009198,4,7.0,0,Basic,Monthly,9.99,paypal,North America,0
784,284,5.0,8,-0.3333333333333333,13.263028169014083,-0.30737005430566333,338,1,79.0,3.0,2.0,2.3189585342333654,0.3333333333333333,41.105063291139246,3247.3,-0.24796049806784023,6,2.4003526423604664,0.2558914002007815,0.9450337512054002,34.06701708278581,1,2.0,0,Basic,Annual,9.99,paypal,Asia,0
785,38,7.0,12,-0.38461538461538464,16.792105263157897,-0.013256173877935413,43,1,8.0,0.0,3.0,2.254814814814815,-0.75,45.74625,365.97,0.0,6,2.142973283728362,0.26565484595061234,0.9722222222222222,3.54796320630749,1,1.0,0,Basic,Monthly,9.99,paypal,Europe,0
786,283,22.0,22,0.0,27.60106007067138,0.08683285929396005,291,1,30.0,2.0,3.0,2.2773067331670824,-0.25,24.391333333333332,731.74,-0.40113557127203914,6,0.6397335682148614,0.24130829858330652,1.0,13.173455978975033,1,1.0,0,Basic,Monthly,9.99,credit_card,Asia,0
787,45,16.0,13,0.21428571428571427,32.742222222222225,-0.04704555580307418,47,1,5.0,1.0,1.0,1.8337349397590361,0.0,49.086,245.43,-0.7979420018709074,6,1.0091370015625754,0.2741040273461356,1.0,2.726675427069645,1,0.0,0,Standard,Monthly,19.99,paypal,North America,0
788,115,13.0,14,-0.06666666666666667,29.56086956521739,-0.031340345151735435,126,4,19.0,4.0,3.0,2.0955072463768114,0.25,41.485263157894735,788.22,0.5314465408805032,6,1.442757216962291,0.2523381959933408,0.9891304347826086,9.067017082785808,4,2.0,0,Premium,Monthly,39.99,credit_card,Asia,0
789,85,5.0,8,-0.3333333333333333,40.76705882352941,-0.3611800201139792,93,4,11.0,0.0,2.0,1.0766559485530547,-0.6666666666666666,28.565454545454546,314.22,0.0,6,3.043010680074001,0.312705987589841,0.8778135048231511,10.21681997371879,4,1.0,0,Basic,Monthly,9.99,credit_card,North America,1
790,539,21.0,15,0.375,21.912987012987013,-0.04923962506320269,548,1,18.0,1.0,1.0,0.5356011730205279,0.0,45.96388888888889,827.35,-0.14465962441314553,6,1.267556393939947,0.23743778865251727,0.9990224828934506,33.60709592641261,1,9.0,0,Basic,Monthly,9.99,credit_card,Oceania,0
791,33,13.0,20,-0.3333333333333333,37.75454545454546,-0.32898544465080126,33,1,2.0,1.0,1.0,1.106909090909091,0.0,9.504999999999999,19.009999999999998,-0.33386201427438533,6,1.358589757444188,0.4152837450020669,1.0,1.8068331143232588,1,0.0,0,Basic,Monthly,9.99,credit_card,North America,1
792,102,4.0,5,-0.16666666666666666,40.52156862745098,-0.4758759333716256,128,11,25.0,1.0,2.0,2.0964187327823693,-0.3333333333333333,45.578,1139.45,-0.6693323414543425,6,2.3169115197016548,0.2906032031885622,0.9449035812672177,11.925098554533507,11,5.0,0,Basic,Monthly,9.99,credit_card,Europe,1
793,279,16.0,20,-0.19047619047619047,18.219354838709677,0.022359913793103595,282,1,11.0,2.0,1.0,0.8391979949874686,0.5,18.12181818181818,199.34,0.8806146572104018,6,0.7566011817635895,0.23470365266601081,1.0,13.107752956636006,1,4.0,0,Basic,Annual,9.99,apple_pay,Europe,0
794,217,9.0,9,0.0,12.244239631336406,0.01760563380281684,233,1,25.0,0.0,4.0,1.619148936170213,-0.8,27.6712,691.78,0.0,6,1.391005751085225,0.27675230582705235,0.997872340425532,15.440210249671484,1,4.0,0,Basic,Monthly,9.99,credit_card,Europe,1
795,96,11.0,12,-0.07692307692307693,23.23229166666667,-0.1507410236822002,105,4,13.0,1.0,3.0,1.6488333333333334,-0.5,28.83230769230769,374.82,-0.26217147781128824,6,1.7693768813258177,0.23664386773419857,0.9916666666666667,7.884362680683311,4,2.0,0,Basic,Monthly,9.99,paypal,Europe,1
796,108,23.0,17,0.3333333333333333,33.324074074074076,0.015063871725863346,111,1,5.0,0.0,0.0,0.9168674698795181,0.0,38.936,194.68,0.0,6,0.8099156145872812,0.24224567661220012,1.0,5.45335085413929,1,0.0,0,Standard,Monthly,19.99,credit_card,Asia,0
797,596,22.0,16,0.35294117647058826,23.476677852348995,0.04898395721925137,619,1,54.0,1.0,0.0,1.5149861751152074,1.0,33.181666666666665,1791.81,0.0,6,1.251653613991821,0.26064351985318146,0.9806451612903225,35.64388961892247,1,6.0,0,Standard,Monthly,19.99,credit_card,North America,0
798,264,9.0,5,0.6666666666666666,41.98977272727272,-0.12847499777955407,311,3,68.0,3.0,6.0,2.8200544959128067,-0.42857142857142855,35.713235294117645,2428.5,-0.7416330251334808,6,1.849231619970573,0.22879221648051956,0.9822888283378747,24.113009198423125,3,4.0,0,Premium,Monthly,39.99,credit_card,North America,0
799,584,20.0,18,0.10526315789473684,12.42722602739726,-0.08151879116621463,609,1,48.0,1.0,1.0,1.5510828025477708,0.0,51.025,2449.2,-0.6273867975995635,6,0.8935212317701439,0.24654545036161518,1.0,30.946123521681997,1,5.0,0,Standard,Annual,19.99,bank_transfer,Asia,0
800,275,9.0,11,-0.16666666666666666,32.908,0.15992904172210295,302,2,30.0,1.0,1.0,0.9612631578947368,0.0,40.77733333333333,1223.32,21.834001603849234,6,2.389956838042822,0.24952621957705945,0.9947368421052631,31.208935611038108,2,10.0,0,Standard,Annual,19.99,credit_card,Asia,0
801,150,18.0,18,0.0,43.19066666666667,-0.10916344294003866,155,3,16.0,0.0,1.0,1.9960655737704918,-0.5,42.9425,687.08,0.0,6,0.870168826496072,0.23489387386858668,1.0,8.015768725361367,3,3.0,0,Premium,Monthly,39.99,credit_card,North America,0
802,333,15.0,13,0.14285714285714285,38.686186186186184,-0.10915789473684223,365,3,56.0,1.0,0.0,1.9526231386025201,1.0,40.28375,2255.89,0.0,6,1.780367680789558,0.24591799868605335,0.9942726231386025,28.679369250985545,3,0.0,0,Standard,Monthly,19.99,credit_card,Asia,0
803,473,19.0,16,0.17647058823529413,40.858985200845666,0.02681916456239385,501,1,46.0,2.0,3.0,1.5170530877573132,-0.25,25.29021739130435,1163.3500000000001,-0.13390771028037385,6,1.192689824739052,0.24985232004890012,1.0,30.321944809461232,1,11.0,0,Standard,Annual,19.99,credit_card,North America,0
804,56,12.0,12,0.0,35.06785714285714,-0.07020280811232449,64,1,12.0,0.0,1.0,2.3566451612903228,-0.5,30.763333333333332,369.15999999999997,0.0,6,1.417648977226679,0.23663000694064845,1.0,5.091984231274639,1,2.0,0,Standard,Monthly,19.99,credit_card,Europe,0
805,499,15.0,13,0.14285714285714285,18.24448897795591,0.13687792428753728,529,1,56.0,3.0,3.0,1.5976007497656983,0.0,44.5075,2492.42,-0.8044802219006271,6,1.4576960624086495,0.25632474953250955,0.9971883786316776,35.05256241787122,1,13.0,0,Basic,Monthly,9.99,credit_card,North America,0
806,276,17.0,23,-0.25,27.015217391304347,-0.18440185062789155,286,1,29.0,1.0,1.0,2.1068257756563247,0.0,36.9048275862069,1070.24,7.533595113438046,6,0.8577183402339658,0.2471515095343508,1.0,13.764783180026281,1,3.0,0,Basic,Monthly,9.99,apple_pay,Europe,0
807,278,14.0,16,-0.11764705882352941,40.37841726618705,0.04836374167390671,288,3,13.0,0.0,0.0,0.6466013071895425,0.0,64.63153846153847,840.21,0.0,6,1.4613095325972854,0.2457062518721899,1.0,20.105124835742444,3,4.0,0,Standard,Annual,19.99,credit_card,North America,0
808,98,17.0,10,0.6363636363636364,36.44183673469388,-0.16474227092692906,104,3,11.0,2.0,1.0,1.5869194312796209,0.5,69.39454545454545,763.34,-0.7472350230414747,6,1.4176419639189852,0.2913192730700588,0.9952606635071091,6.931668856767411,3,0.0,0,Basic,Monthly,9.99,bank_transfer,Asia,0
809,142,13.0,10,0.2727272727272727,37.59366197183099,-0.022331209422926202,148,1,13.0,0.0,1.0,1.167315634218289,-0.5,62.31384615384616,810.08,0.0,6,1.8050292655577869,0.2561265170409426,0.9705014749262536,11.136662286465176,1,2.0,0,Basic,Annual,9.99,paypal,Europe,0
810,259,4.0,13,-0.6428571428571429,37.11158301158301,0.0035087719298246027,270,1,14.0,0.0,0.0,0.599381153305204,0.0,19.060714285714287,266.85,0.0,6,2.028065578741797,0.2538798487636885,0.9648382559774965,23.35742444152431,1,5.0,0,Basic,Annual,9.99,paypal,North America,1
811,341,11.0,12,-0.07692307692307693,12.820234604105572,-0.043577607311898074,366,5,39.0,0.0,1.0,1.4674412855377008,-0.5,34.4274358974359,1342.67,0.0,6,1.5163914477240672,0.24606050307704422,1.0,26.576872536136662,5,3.0,0,Standard,Monthly,19.99,apple_pay,Asia,0
812,446,16.0,17,-0.05555555555555555,18.211434977578477,0.03638339328537156,450,2,15.0,3.0,0.0,0.6212244897959184,3.0,45.39333333333333,680.9,0.0,6,0.9429783459829193,0.2566059780874299,1.0,24.14586070959264,2,1.0,0,Premium,Annual,39.99,paypal,Europe,0
813,237,19.0,17,0.1111111111111111,19.831645569620253,0.0283277445691791,251,1,30.0,3.0,1.0,2.094495412844037,1.0,45.86033333333333,1375.81,3.1352657004830915,6,1.0317139792305612,0.2564366837676816,1.0,14.323258869908015,1,6.0,0,Basic,Monthly,9.99,apple_pay,South America,0
814,358,13.0,15,-0.125,27.77709497206704,-0.3742061069961564,364,7,16.0,0.0,2.0,0.8604946996466432,-0.6666666666666666,25.02375,400.38,0.0,6,0.8639028728691546,0.2803411666402656,1.0,18.593955321944808,7,4.0,0,Standard,Annual,19.99,credit_card,North America,1
815,89,12.0,11,0.08333333333333333,30.87191011235955,0.26052948255114317,99,1,16.0,1.0,3.0,2.1455506607929515,-0.5,67.53875,1080.62,-0.01966911764705896,6,1.6308874315638677,0.2715511618220911,0.9867841409691629,7.457293035479632,1,2.0,0,Standard,Monthly,19.99,credit_card,Asia,0
816,127,8.0,13,-0.35714285714285715,28.606299212598426,-0.048577400215749814,143,3,26.0,1.0,3.0,2.7867605633802817,-0.5,32.45153846153846,843.74,-0.23889173935351463,6,1.426538288081992,0.2512642498420386,1.0,9.329829172141919,3,4.0,0,Standard,Annual,19.99,credit_card,North America,0
817,246,13.0,16,-0.17647058823529413,12.678861788617887,-0.10702208682406704,261,1,27.0,0.0,3.0,1.602105263157895,-0.75,31.513703703703705,850.87,0.0,6,1.3381163591240446,0.2511415742366554,1.0,16.852825229960576,1,1.0,0,Basic,Monthly,9.99,apple_pay,Europe,0
818,211,12.0,19,-0.35,17.813270142180095,-0.07098765432098775,228,4,27.0,1.0,1.0,1.782819956616052,0.0,33.7837037037037,912.16,-0.738504512247529,6,1.267288151332774,0.27764223892575757,1.0,15.14454664914586,4,4.0,0,Basic,Monthly,9.99,credit_card,North America,0
819,71,12.0,10,0.18181818181818182,39.25352112676056,-0.08004640371229704,73,3,9.0,1.0,2.0,1.480864864864865,-0.3333333333333333,23.44666666666667,211.02,-0.6739024390243903,6,2.0555185463825647,0.2543378369794505,0.945945945945946,6.077529566360052,3,1.0,0,Standard,Monthly,19.99,credit_card,North America,0
820,416,20.0,20,0.0,25.15192307692308,0.07494824016563156,419,2,19.0,0.0,0.0,0.915126582278481,0.0,30.267368421052634,575.08,0.0,6,0.8793916429154575,0.24717342312620022,1.0,20.76215505913272,2,3.0,0,Basic,Monthly,9.99,bank_transfer,North America,0
821,88,17.0,17,0.0,37.07613636363636,-0.017520996235157814,94,1,9.0,0.0,1.0,1.43434554973822,-0.5,54.031111111111116,486.28000000000003,0.0,6,1.654466802948018,0.27180505748683903,0.9895287958115183,6.274638633377135,1,0.0,0,Basic,Annual,9.99,credit_card,North America,0
822,367,7.0,16,-0.5294117647058824,26.535967302452317,0.04441890338719499,387,3,29.0,3.0,0.0,0.8375332068311195,3.0,34.49068965517242,1000.23,0.0,6,2.0634980879711584,0.2539146997952357,0.9762808349146109,34.62549277266754,3,0.0,0,Basic,Monthly,9.99,bank_transfer,North America,0
823,23,7.0,7,0.0,36.81304347826087,-0.15671641791044771,27,6,4.0,1.0,2.0,1.4324705882352942,-0.3333333333333333,47.425000000000004,189.70000000000002,-0.193769223137216,6,2.3664319132398464,0.2549384670813698,0.9058823529411765,2.7923784494086727,6,0.0,0,Premium,Annual,39.99,apple_pay,Europe,0
824,219,11.0,15,-0.25,43.84155251141552,-0.06067236920628607,232,3,29.0,3.0,2.0,2.05293023255814,0.3333333333333333,40.782758620689656,1182.7,2.005939902166317,6,1.4250455264635873,0.2484442238526164,0.9604651162790697,14.126149802890932,3,2.0,0,Basic,Annual,9.99,credit_card,Asia,0
825,37,19.0,17,0.1111111111111111,32.116216216216216,-0.09698134599372893,38,1,0.0,0.0,0.0,0.0,0.0,0.0,0.0,0.0,6,0.9818166651488269,0.19042022957866608,1.0,2.0039421813403417,1,1.0,0,Basic,Monthly,9.99,bank_transfer,Asia,0
826,137,13.0,21,-0.36363636363636365,14.546715328467155,-0.3814611608431996,146,7,19.0,3.0,4.0,2.514608695652174,-0.2,39.42947368421053,749.16,-0.3929336188436831,6,0.8901870310173985,0.3292788622476132,1.0,7.555847568988173,7,3.0,0,Premium,Monthly,39.99,paypal,Europe,1
827,221,15.0,5,1.6666666666666667,44.917647058823526,0.1891760117016091,249,1,44.0,2.0,3.0,2.044824427480916,-0.25,28.81863636363636,1268.02,-0.6555994012790856,6,2.103918370283283,0.2566227418080666,0.9618320610687023,21.517739816031536,1,2.0,0,Basic,Annual,9.99,paypal,North America,0
828,325,2.0,16,-0.8235294117647058,14.411076923076925,-0.25750682438580536,346,24,36.0,0.0,2.0,1.6234666666666668,-0.6666666666666666,41.053333333333335,1477.92,0.0,6,1.3124972916337792,0.276351560612508,0.9748148148148148,22.174770039421812,24,14.0,0,Basic,Monthly,9.99,credit_card,North America,1
829,120,12.0,12,0.0,23.636666666666667,-0.10340270895275855,127,2,12.0,2.0,1.0,1.1344099378881987,0.5,87.46749999999999,1049.61,-0.3354331671814318,6,1.9665778833874266,0.2623295206063959,1.0,10.578186596583443,2,1.0,0,Standard,Monthly,19.99,paypal,North America,1
830,60,12.0,8,0.4444444444444444,13.561666666666667,-0.06289308176100625,68,1,12.0,2.0,2.0,2.283,0.0,36.32583333333333,435.90999999999997,-0.8844517958412098,6,1.6578691374436907,0.2805042657020766,1.0,5.256241787122208,1,2.0,0,Basic,Monthly,9.99,credit_card,North America,0
831,343,16.0,20,-0.19047619047619047,13.170845481049565,0.025905342416636924,356,1,43.0,5.0,3.0,2.483719165085389,0.5,44.95348837209303,1933.0,3.0575113279888466,6,0.7822735695486503,0.25590269859399356,1.0,17.31274638633377,1,1.0,0,Basic,Monthly,9.99,credit_card,North America,0
832,290,17.0,14,0.2,29.750689655172415,0.09389112700893178,307,2,20.0,0.0,3.0,1.053287197231834,-0.75,48.266000000000005,965.32,0.0,6,1.4716179829829654,0.23636076980398996,1.0,18.988173455978973,2,5.0,0,Premium,Monthly,39.99,credit_card,Asia,0
833,107,9.0,10,-0.09090909090909091,46.1018691588785,-0.052221774734863745,117,1,13.0,0.0,2.0,1.033211488250653,-0.6666666666666666,25.235384615384614,328.06,0.0,6,2.690911462265365,0.24437048542190634,0.9503916449086162,12.582128777923783,1,7.0,0,Basic,Annual,9.99,credit_card,Oceania,0
834,170,13.0,10,0.2727272727272727,30.191764705882356,0.07317914234340735,186,1,19.0,0.0,2.0,1.0651197053406998,-0.6666666666666666,38.275263157894734,727.23,0.0,6,2.2197436889545035,0.22105224491738013,0.9797421731123389,17.83837056504599,1,6.0,0,Basic,Monthly,9.99,paypal,North America,0
835,310,6.0,11,-0.4166666666666667,22.636129032258065,-0.05719619823489478,325,8,28.0,1.0,0.0,1.6051224105461395,1.0,29.329642857142858,821.23,0.0,6,1.0636581813853372,0.27057004549701885,0.9887005649717514,17.444152431011826,8,4.0,0,Basic,Monthly,9.99,bank_transfer,Europe,1
836,141,8.0,5,0.5,37.06241134751773,-0.33791801510248115,152,2,18.0,1.0,1.0,1.5305027932960895,0.0,37.18111111111111,669.26,-0.9522494534575997,6,2.0011475736384434,0.2971723333517816,0.9776536312849161,11.76084099868594,2,0.0,0,Basic,Monthly,9.99,apple_pay,North America,1
837,153,20.0,22,-0.08695652173913043,40.04117647058823,0.015871999999999904,155,1,7.0,1.0,1.0,1.0146666666666666,0.0,26.297142857142855,184.07999999999998,-0.587375803623612,6,0.6924293827147178,0.26487121842960754,1.0,6.898817345597897,1,0.0,0,Basic,Monthly,9.99,credit_card,Europe,0
838,238,13.0,8,0.5555555555555556,35.62058823529412,-0.030769230769230754,284,2,57.0,0.0,4.0,2.126323529411765,-0.8,34.09350877192983,1943.33,0.0,6,2.171233997846157,0.26472391052564437,0.9607843137254902,26.806833114323258,2,8.0,0,Basic,Monthly,9.99,apple_pay,Asia,0
839,197,16.0,12,0.3076923076923077,17.83756345177665,-0.10215664018161195,207,1,21.0,3.0,0.0,1.5403373493975903,3.0,48.422380952380955,1016.87,0.0,6,1.4055554333604603,0.2571985522141158,1.0,13.633377135348226,1,2.0,0,Basic,Annual,9.99,bank_transfer,North America,0
840,295,16.0,15,0.0625,35.70203389830509,-0.10506586322869958,307,2,21.0,2.0,1.0,1.2534117647058824,0.5,45.01619047619048,945.34,0.9279761904761904,6,1.0285332462269932,0.23844487628084068,1.0,16.754270696452036,2,4.0,0,Basic,Annual,9.99,paypal,Europe,0
841,244,13.0,17,-0.2222222222222222,39.800000000000004,-0.0684426647622935,258,1,18.0,1.0,0.0,0.8045814977973568,1.0,25.290000000000003,455.22,0.0,6,2.254143935792141,0.2733087656631402,0.9456681350954478,22.371879106438897,1,4.0,0,Premium,Monthly,39.99,paypal,Europe,0
842,285,8.0,7,0.125,20.014385964912282,-0.0052875082617318036,308,1,23.0,2.0,1.0,0.7285327783558794,0.5,52.323913043478264,1203.45,2.0267903142709947,6,2.5554213341553917,0.2552312060728933,0.9396462018730489,31.57030223390276,1,9.0,0,Basic,Monthly,9.99,paypal,Asia,0
843,203,15.0,17,-0.1111111111111111,24.070443349753695,0.08745265151515164,215,9,15.0,0.0,1.0,1.224128686327078,-0.5,37.64666666666666,564.6999999999999,0.0,6,0.9759064958579812,0.24734934684803714,0.9946380697050938,12.253613666228645,9,6.0,0,Basic,Annual,9.99,credit_card,North America,0
844,419,16.0,18,-0.10526315789473684,20.968257756563247,-0.27134945212005723,430,1,20.0,0.0,1.0,1.030118443316413,-0.5,41.1435,822.87,0.0,6,0.8518507731219306,0.25156096396066846,1.0,19.415243101182654,1,14.0,0,Basic,Monthly,9.99,credit_card,North America,1
845,81,15.0,10,0.45454545454545453,19.250617283950618,-0.03696402168555921,83,1,4.0,0.0,2.0,0.712046783625731,-0.6666666666666666,73.62,294.48,0.0,6,1.4888929336999621,0.24718392367834557,1.0,5.617608409986859,1,1.0,0,Standard,Annual,19.99,credit_card,North America,0
846,537,15.0,16,-0.058823529411764705,13.753258845437616,0.12798053527980552,583,2,77.0,2.0,1.0,2.1763045496750233,0.5,33.20909090909091,2557.1,8.004335260115607,6,1.190459806713978,0.25193324524894495,1.0,35.38107752956636,2,7.0,0,Standard,Monthly,19.99,credit_card,North America,0
847,446,18.0,15,0.1875,18.032286995515694,0.0385483487764314,480,1,49.0,5.0,3.0,1.4411207729468598,0.5,33.68571428571428,1650.6,4.215673848753696,6,1.5397500102538553,0.2391381453893387,0.9942028985507246,34.00131406044678,1,6.0,0,Premium,Monthly,39.99,credit_card,Europe,0
848,495,23.0,18,0.2631578947368421,17.813333333333333,0.08600323289260993,504,1,28.0,4.0,1.0,1.226359712230216,1.5,37.228928571428575,1042.41,6.252584269662922,6,0.7091788094216179,0.23940209284894678,1.0,22.831800262812088,1,2.0,0,Standard,Monthly,19.99,paypal,Europe,0
849,156,13.0,11,0.16666666666666666,29.601282051282052,-0.01602746315651382,167,2,16.0,3.0,1.0,1.352888888888889,1.0,46.390625,742.25,3.591353111432706,6,1.564623511386711,0.2606798934363013,1.0,11.826544021024967,2,4.0,0,Standard,Monthly,19.99,paypal,North America,0
850,564,14.0,12,0.15384615384615385,38.23599290780142,-0.2200062978902068,573,3,20.0,0.0,1.0,0.6155712841253793,-0.5,39.1175,782.35,0.0,6,1.127864435343411,0.25955208153867826,0.9979777553083924,32.49014454664914,3,4.0,0,Standard,Monthly,19.99,paypal,Europe,0
851,402,12.0,11,0.08333333333333333,19.77537313432836,0.2428369148758954,424,1,35.0,1.0,2.0,1.1074844074844075,-0.3333333333333333,63.523714285714284,2223.33,-0.8811520233321181,6,1.6121673313263538,0.25790958200082537,1.0,31.603153745072273,1,4.0,0,Standard,Monthly,19.99,paypal,Europe,0
852,151,12.0,13,-0.07142857142857142,27.497350993377484,-0.09699103713188226,161,2,15.0,3.0,0.0,1.5477966101694915,3.0,15.965333333333332,239.48,0.0,6,1.0711885774939252,0.2234422413530942,1.0,9.69119579500657,2,2.0,0,Standard,Monthly,19.99,credit_card,North America,0
853,68,19.0,11,0.6666666666666666,23.194117647058825,-0.020006389266033157,74,1,9.0,0.0,5.0,1.9025,-0.8333333333333334,41.89111111111111,377.02,0.0,6,1.195342305278464,0.2651047849574317,1.0,4.730617608409987,1,3.0,0,Basic,Monthly,9.99,paypal,Asia,0
854,53,14.0,13,0.07142857142857142,21.2811320754717,0.04559426229508192,56,1,4.0,0.0,0.0,1.0062809917355373,0.0,41.55,166.2,0.0,6,1.7042233141161707,0.23378865566516654,1.0,3.9750328515111693,1,3.0,0,Basic,Monthly,9.99,credit_card,North America,0
855,67,12.0,13,-0.07142857142857142,39.64328358208955,0.03252843743763722,73,1,12.0,2.0,3.0,1.9326984126984128,-0.25,37.0925,445.11,-0.018693644160985297,6,1.7508660946449195,0.26341233604126296,1.0,6.2089356110381075,1,0.0,0,Standard,Monthly,19.99,paypal,North America,0
856,309,8.0,15,-0.4375,35.19741100323625,0.009668255131964806,330,6,24.0,1.0,0.0,0.8254915254237288,1.0,25.68416666666667,616.4200000000001,0.0,6,2.1798321095439444,0.24943561787342017,0.9570621468926553,29.07358738501971,6,6.0,0,Standard,Monthly,19.99,paypal,North America,0
857,182,10.0,14,-0.26666666666666666,21.962637362637363,0.12448840381991817,190,4,19.0,2.0,1.0,1.3114739229024943,0.5,37.72315789473684,716.74,10.272197962154292,6,1.9468769461682298,0.25754595109119843,0.9841269841269841,14.487516425755585,4,5.0,0,Premium,Monthly,39.99,paypal,North America,0
858,95,6.0,15,-0.5625,18.720000000000002,-0.3196381454956653,95,6,3.0,0.0,0.0,0.5468263473053893,0.0,18.143333333333334,54.43,0.0,6,1.2236235666278816,0.32709752734592806,1.0,5.486202365308804,6,0.0,0,Standard,Monthly,19.99,paypal,Europe,1
859,427,20.0,17,0.16666666666666666,12.24824355971897,0.0567788461538462,432,2,16.0,2.0,1.0,0.8023723228995058,0.5,28.48625,455.78,31.506930693069304,6,0.7467044811374566,0.2432016363862851,1.0,19.940867279894874,2,2.0,0,Basic,Monthly,9.99,credit_card,South America,0
860,201,22.0,22,0.0,14.812437810945275,-0.008338296605122078,203,4,8.0,0.0,0.0,0.8227027027027027,0.0,41.52375,332.19,0.0,6,0.7719817771444742,0.24216347656010018,0.9932432432432433,9.724047306176084,4,2.0,0,Standard,Annual,19.99,credit_card,Europe,0
861,161,12.0,8,0.4444444444444444,18.196273291925465,0.018960244648318008,175,3,12.0,2.0,0.0,0.614949494949495,2.0,28.284166666666664,339.40999999999997,0.0,6,3.042699906783886,0.23314277607586942,0.9074074074074073,19.513797634691194,3,7.0,0,Standard,Annual,19.99,credit_card,Asia,0
862,397,11.0,14,-0.2,18.012594458438286,0.08447822274188832,406,4,22.0,1.0,1.0,0.9236965517241379,0.0,49.575,1090.65,0.24572317262830484,6,1.2221572139927257,0.2698800834778203,0.9848275862068966,23.817345597897503,4,4.0,0,Standard,Monthly,19.99,credit_card,North America,0
863,167,20.0,20,0.0,23.303592814371257,-0.11819923371647512,171,1,5.0,2.0,1.0,0.5809160305343511,0.5,12.197999999999999,60.989999999999995,0.05919540229885065,6,0.8223513527090905,0.2557890827032844,1.0,8.607095926412615,1,2.0,0,Standard,Monthly,19.99,paypal,Asia,0
864,122,9.0,9,0.0,16.198360655737705,-0.11817501869857884,133,1,16.0,0.0,1.0,1.3417079889807164,-0.5,46.699375,747.19,0.0,6,1.9990021799576316,0.28810749107603484,0.9834710743801653,11.925098554533507,1,2.0,0,Basic,Annual,9.99,bank_transfer,North America,1
865,253,13.0,18,-0.2631578947368421,16.977470355731224,-0.31825866441251066,262,3,14.0,0.0,2.0,0.9264347826086957,-0.6666666666666666,35.222142857142856,493.11,0.0,6,1.0720438074724346,0.2731179980117562,1.0,15.111695137976346,3,4.0,0,Standard,Monthly,19.99,credit_card,South America,1
866,84,2.0,10,-0.7272727272727273,36.925,0.4674122637871191,93,16,18.0,1.0,5.0,2.321694915254237,-0.6666666666666666,29.418333333333333,529.53,-0.8493771234428086,6,1.8154194365298453,0.27503850801181634,0.9194915254237288,7.752956636005256,16,0.0,0,Standard,Monthly,19.99,apple_pay,Europe,1
867,38,10.0,6,0.5714285714285714,30.813157894736843,0.10322580645161288,42,1,5.0,0.0,2.0,1.2789915966386556,-0.6666666666666666,22.137999999999998,110.69,0.0,6,1.9352317564621326,0.23089823866502499,1.0,3.9093298291721417,1,1.0,0,Premium,Monthly,39.99,credit_card,Asia,1
868,232,18.0,7,1.375,40.1146551724138,0.06948103542006455,248,1,24.0,4.0,0.0,1.500123203285421,4.0,41.31541666666667,991.57,0.0,6,1.4281446413507768,0.2681677777540012,1.0,15.99868593955322,1,6.0,0,Premium,Annual,39.99,paypal,North America,0
869,419,14.0,11,0.25,37.78758949880668,-0.1355625708768812,469,4,78.0,1.0,4.0,2.3790781563126253,-0.6,37.112435897435894,2894.77,-0.9401476059042362,6,1.5786105285315444,0.2513726873630583,0.9889779559118236,32.78580814717477,4,6.0,0,Premium,Monthly,39.99,bank_transfer,North America,0
870,54,17.0,17,0.0,44.13148148148148,0.014168319637290967,57,1,6.0,3.0,3.0,2.007032967032967,0.0,25.3,151.8,0.2965506943407496,6,1.005019867995123,0.2571092377449887,1.0,2.9894875164257555,1,0.0,0,Standard,Annual,19.99,credit_card,Asia,0
871,453,24.0,17,0.3888888888888889,32.79977924944812,0.06619822485207091,468,1,44.0,1.0,2.0,1.8525034578146613,-0.3333333333333333,41.460454545454546,1824.26,-0.7053460422710319,6,0.9847940027413964,0.2507326665910595,0.9972337482710926,23.751642575558474,1,10.0,0,Standard,Monthly,19.99,credit_card,South America,0
872,178,21.0,19,0.1,38.75,-0.07654850495497148,185,2,17.0,1.0,1.0,1.9751145038167939,0.0,73.26764705882353,1245.55,6.024123512383403,6,0.6856772149128234,0.23789008096931108,1.0,8.607095926412615,2,3.0,0,Basic,Monthly,9.99,bank_transfer,Asia,0
873,72,17.0,11,0.5,23.293055555555554,-0.010366876978310312,81,1,7.0,0.0,1.0,1.4300671140939598,-0.5,52.91285714285714,370.39,0.0,6,1.4151083511765523,0.2445264758836907,1.0,4.894875164257556,1,4.0,0,Standard,Monthly,19.99,credit_card,North America,0
874,340,10.0,13,-0.21428571428571427,43.44911764705883,-0.06944350186630474,390,2,70.0,1.0,3.0,2.3010799136069116,-0.5,33.203,2324.21,0.11959287531806602,6,1.787126851566492,0.26304265652315556,0.9827213822894169,30.420499342969777,2,5.0,0,Premium,Monthly,39.99,credit_card,North America,0
875,343,13.0,19,-0.3,43.1067055393586,-0.09386364682594482,369,3,47.0,2.0,2.0,2.049684813753582,0.0,31.839148936170215,1496.44,0.2556255625562557,6,1.3127254602952336,0.2614329359407817,1.0,22.93035479632063,3,8.0,0,Premium,Annual,39.99,credit_card,Europe,0
876,236,24.0,12,0.9230769230769231,38.19703389830509,0.08718861209964426,250,1,27.0,2.0,1.0,1.8023684210526316,0.5,32.97888888888889,890.43,3.912671232876712,6,1.180442606283275,0.2606710735399629,1.0,14.98028909329829,1,6.0,0,Standard,Monthly,19.99,paypal,North America,0
877,428,9.0,13,-0.2857142857142857,23.432710280373833,-0.04560271882369252,461,1,67.0,0.0,2.0,1.8693675527039413,-0.6666666666666666,31.004179104477615,2077.28,0.0,6,1.8359600392954993,0.25080558403477965,0.9880843263061412,35.84099868593955,1,5.0,0,Premium,Monthly,39.99,paypal,Asia,0
878,97,17.0,11,0.5,40.65257731958763,-0.04080906190010048,102,1,4.0,0.0,1.0,0.5159322033898306,-0.5,16.235,64.94,0.0,6,1.6799339921026006,0.26302462281620426,1.0,7.752956636005256,1,3.0,0,Standard,Annual,19.99,paypal,North America,0
879,89,14.0,23,-0.375,11.715730337078652,0.09054153393776027,91,1,11.0,3.0,1.0,1.881123595505618,1.0,36.24727272727273,398.72,-0.5843316731727016,6,1.3975187571743655,0.2494691029227915,1.0,5.847568988173456,1,0.0,0,Standard,Annual,19.99,paypal,North America,0
880,623,21.0,16,0.29411764705882354,19.859069020866777,-0.10816700078445043,634,1,25.0,1.0,0.0,0.7845360824742268,1.0,36.086,902.15,0.0,6,0.8766569489618715,0.2633060752419777,1.0,31.865965834428383,1,14.0,0,Standard,Monthly,19.99,paypal,Asia,0
881,415,17.0,16,0.058823529411764705,24.28746987951807,0.13076597545493016,443,2,60.0,2.0,5.0,2.3118987341772153,-0.5,52.626333333333335,3157.58,-0.8975460122699387,6,1.1680872494856782,0.2678682406865336,1.0,25.952693823915897,2,6.0,0,Standard,Monthly,19.99,credit_card,Europe,0
882,279,23.0,19,0.2,28.168458781362006,0.10472935063141456,286,1,24.0,2.0,2.0,1.8975584415584417,0.0,43.50833333333333,1044.2,3.287564766839378,6,0.6445490969844915,0.2515946692949186,1.0,12.64783180026281,1,3.0,0,Standard,Monthly,19.99,credit_card,North America,0
883,287,17.0,16,0.058823529411764705,32.90418118466899,0.11710719125634914,304,2,40.0,1.0,3.0,2.515702479338843,-0.5,36.604,1464.16,-0.9828208744710861,6,0.9265297452946126,0.2652901751206487,1.0,15.900131406044677,2,3.0,0,Standard,Monthly,19.99,credit_card,North America,0
884,236,4.0,7,-0.375,30.558474576271188,0.15369743837602687,266,10,34.0,0.0,2.0,1.1348245614035088,-0.6666666666666666,32.96794117647059,1120.91,0.0,6,2.7913326605273516,0.2517139542310528,0.8903508771929826,29.96057818659658,10,7.0,0,Standard,Annual,19.99,paypal,North America,0
885,268,19.0,22,-0.13043478260869565,17.312313432835822,-0.01696752299970314,272,4,19.0,0.0,2.0,1.4315841584158417,-0.6666666666666666,58.93526315789474,1119.77,0.0,6,0.8725068935827726,0.26629568923842856,1.0,13.272010512483574,4,4.0,0,Basic,Annual,9.99,paypal,Europe,0
886,76,12.0,17,-0.2777777777777778,43.113157894736844,-0.18026054097056493,82,1,14.0,1.0,3.0,2.5216568047337278,-0.5,35.44714285714286,496.26,-0.8055510204081633,6,1.5157608202475517,0.26814185726273354,0.9940828402366864,5.551905387647832,1,0.0,0,Basic,Monthly,9.99,paypal,Europe,0
887,233,5.0,10,-0.45454545454545453,34.79785407725322,-0.050729673384294675,295,9,64.0,1.0,1.0,2.044239244491081,0.0,36.005,2304.32,2.6671543525969277,6,2.496246398505277,0.2869764539178318,0.9622245540398741,31.307490144546648,9,16.0,0,Basic,Annual,9.99,apple_pay,Asia,1
888,178,17.0,15,0.125,25.982022471910113,-0.08685353335965251,188,2,16.0,2.0,2.0,1.522,0.0,53.035000000000004,848.5600000000001,0.5143850774581096,6,0.9870939930952097,0.2534452764724434,1.0,10.512483574244415,2,1.0,0,Premium,Monthly,39.99,paypal,Europe,0
889,185,8.0,7,0.125,13.282702702702704,0.04577464788732397,214,2,41.0,1.0,3.0,1.890969696969697,-0.5,43.619512195121956,1788.4,-0.8397493285586392,6,2.143916277321329,0.22141300912219947,0.9439393939393939,21.681997371879106,2,7.0,0,Basic,Monthly,9.99,paypal,Europe,0
890,116,6.0,8,-0.2222222222222222,37.300862068965515,-0.3271285763529817,123,1,16.0,2.0,2.0,1.9960655737704918,0.0,20.79875,332.78,-0.6964656964656964,6,1.5901744098811745,0.29097147037134324,1.0,8.015768725361367,1,4.0,0,Basic,Monthly,9.99,paypal,North America,1
891,99,10.0,16,-0.35294117647058826,18.855555555555554,-0.01586073500967105,105,1,10.0,0.0,2.0,1.3836363636363638,-0.6666666666666666,26.119,261.19,0.0,6,1.3640809920785355,0.2581096999764142,1.0,7.227332457293035,1,3.0,0,Standard,Monthly,19.99,credit_card,Asia,0
892,313,21.0,22,-0.043478260869565216,35.146964856230035,-0.03709835111774904,323,2,40.0,4.0,2.0,2.6819383259911898,0.6666666666666666,29.007749999999998,1160.31,4.765071770334929,6,0.7683690863151027,0.2465546691389537,1.0,14.914586070959263,2,11.0,0,Basic,Annual,9.99,apple_pay,Europe,0
893,70,18.0,22,-0.17391304347826086,11.67142857142857,0.08893735611292872,74,2,8.0,3.0,1.0,2.3642718446601942,1.0,32.3775,259.02,0.7002213829925771,6,0.7570068432521555,0.2961995462592194,1.0,3.383705650459921,2,1.0,0,Premium,Monthly,39.99,apple_pay,Europe,0
894,213,6.0,17,-0.6111111111111112,23.640375586854457,-0.2141331282577117,216,6,4.0,0.0,1.0,0.3602366863905325,-0.5,65.31,261.24,0.0,6,0.9205093890441362,0.27278482486323913,1.0,11.103810775295663,6,2.0,0,Basic,Annual,9.99,credit_card,Asia,1
895,201,18.0,20,-0.09523809523809523,12.659701492537312,-0.03525824280541265,210,2,24.0,1.0,3.0,2.1678338278931752,-0.5,47.23291666666666,1133.59,-0.7978370583994232,6,0.9313725964980631,0.2744838708965456,1.0,11.070959264126149,2,3.0,0,Basic,Monthly,9.99,bank_transfer,Europe,0
896,419,12.0,12,0.0,27.858472553699286,0.0387596899224807,451,4,57.0,0.0,0.0,1.7832271325796507,0.0,33.86350877192982,1930.22,0.0,6,1.6723377902599406,0.27222652404550735,0.9856115107913669,31.964520367936924,4,4.0,0,Basic,Monthly,9.99,apple_pay,North America,0
897,264,12.0,7,0.625,19.51401515151515,-0.08355886332882297,281,1,22.0,0.0,1.0,0.7575565610859729,-0.5,87.44727272727272,1923.84,0.0,6,2.433551112868849,0.24040039527953538,0.9423076923076923,29.040735873850196,1,1.0,0,Basic,Monthly,9.99,bank_transfer,Asia,0
898,475,20.0,11,0.75,26.09263157894737,0.14633320797292224,512,1,50.0,1.0,4.0,1.5854166666666667,-0.6,40.657000000000004,2032.8500000000001,-0.7113858165256994,6,1.384248133650311,0.26549759273871315,0.9916666666666667,31.537450722733244,1,11.0,0,Basic,Annual,9.99,credit_card,Europe,0
899,438,17.0,20,-0.14285714285714285,27.32283105022831,0.03229237450881923,448,3,27.0,1.0,1.0,1.1367634854771784,0.0,35.70851851851852,964.13,2.4900542495479203,6,1.007002897177265,0.237718289366139,0.9972337482710926,23.751642575558474,3,4.0,0,Premium,Annual,39.99,credit_card,Oceania,0
900,195,17.0,21,-0.18181818181818182,26.91384615384615,0.01835151336993831,201,2,14.0,0.0,3.0,1.348607594936709,-0.75,49.625,694.75,0.0,6,0.980090755719712,0.2446681607986958,1.0,10.38107752956636,2,2.0,0,Basic,Monthly,9.99,credit_card,North America,0
901,423,10.0,8,0.2222222222222222,30.22340425531915,-0.11564023039432873,473,5,75.0,4.0,1.0,2.320121951219512,1.5,44.327733333333335,3324.58,47.38933333333333,6,1.545277578738098,0.25715199490894297,0.9888211382113821,32.32588699080158,5,7.0,0,Standard,Monthly,19.99,credit_card,Asia,0
902,31,7.0,12,-0.38461538461538464,47.41290322580645,-0.03445899379738122,35,2,7.0,0.0,3.0,2.1742857142857144,-0.75,33.58,235.06,0.0,6,2.051910982700496,0.30073555288772985,1.0,3.219448094612352,2,0.0,0,Standard,Monthly,19.99,paypal,North America,0
903,67,12.0,17,-0.2777777777777778,23.39402985074627,0.06807742782152222,70,1,7.0,4.0,1.0,1.4397297297297298,1.5,69.21857142857142,484.53,7.260655737704918,6,1.4606226702421248,0.2531432617964802,1.0,4.862023653088042,1,0.0,0,Basic,Monthly,9.99,paypal,Europe,0
904,53,13.0,13,0.0,41.53584905660377,0.03910086890819795,55,2,5.0,1.0,1.0,1.110948905109489,0.0,36.262,181.31,-0.7698197085700172,6,1.5130459927248179,0.26765210580274934,1.0,4.50065703022339,2,0.0,0,Basic,Monthly,9.99,credit_card,North America,0
905,99,12.0,13,-0.07142857142857142,35.468686868686866,-0.4019209151623355,107,2,10.0,2.0,2.0,1.5451776649746194,0.0,42.754000000000005,427.54,-0.7432432432432433,6,1.1447367741626875,0.3064989562769594,0.9949238578680203,6.471747700394218,2,2.0,0,Standard,Monthly,19.99,paypal,Asia,1
906,145,9.0,12,-0.23076923076923078,29.69655172413793,-0.05986616024597575,166,3,30.0,1.0,2.0,2.099310344827586,-0.3333333333333333,26.756666666666668,802.7,-0.7672338568935427,6,2.1172574263911024,0.24175908869736212,0.9333333333333332,14.290407358738502,3,1.0,0,Premium,Annual,39.99,credit_card,Asia,0
907,262,21.0,22,-0.043478260869565216,37.47748091603054,0.0959491724333293,264,1,4.0,0.0,0.0,0.2919904076738609,0.0,89.075,356.3,0.0,6,0.9964672163127494,0.25526817797925505,1.0,13.699080157687254,1,7.0,0,Standard,Monthly,19.99,bank_transfer,North America,0
908,411,16.0,20,-0.19047619047619047,45.09610705596107,0.029886700550614202,419,4,19.0,0.0,1.0,0.793360768175583,-0.5,42.294736842105266,803.6,0.0,6,1.1813807621121786,0.25082761817388094,0.9986282578875172,23.94875164257556,4,1.0,0,Basic,Monthly,9.99,apple_pay,Europe,0
909,95,21.0,18,0.15789473684210525,43.86947368421053,0.0047607205030732146,100,1,8.0,2.0,0.0,1.415813953488372,2.0,30.3575,242.86,0.0,6,0.9820067464389113,0.2648039066532502,1.0,5.650459921156373,1,2.0,0,Premium,Monthly,39.99,credit_card,Europe,0
910,114,9.0,22,-0.5652173913043478,31.922807017543857,-0.1927287243025809,120,5,13.0,0.0,5.0,1.7056896551724139,-0.8333333333333334,31.446923076923078,408.81,0.0,6,1.3083279317229164,0.23164731043328085,0.9956896551724137,7.621550591327201,5,4.0,0,Premium,Monthly,39.99,credit_card,Europe,1
911,269,11.0,17,-0.3333333333333333,27.943866171003716,-0.016134181903322792,282,1,22.0,3.0,3.0,1.4558260869565218,0.0,28.82681818181818,634.1899999999999,0.3314037626628075,6,1.0093235917495573,0.2728657980447759,1.0,15.111695137976346,1,2.0,0,Standard,Annual,19.99,bank_transfer,Asia,0
912,562,24.0,18,0.3157894736842105,13.027935943060498,-0.047649888971132426,570,1,38.0,1.0,0.0,1.365667060212515,1.0,25.83105263157895,981.58,0.0,6,0.8137800235207013,0.24690905201627703,1.0,27.825229960578184,1,2.0,0,Standard,Monthly,19.99,credit_card,North America,0
913,488,23.0,20,0.14285714285714285,33.422336065573774,0.0403841815193219,505,1,32.0,4.0,1.0,1.3417079889807164,1.5,29.8215625,954.29,7.791107382550335,6,0.7800867234862743,0.24715917593965656,1.0,23.850197109067015,1,11.0,0,Premium,Annual,39.99,bank_transfer,North America,0
914,343,9.0,12,-0.23076923076923078,17.75451895043732,0.04096834264432015,368,6,32.0,1.0,3.0,1.0042061855670104,-0.5,40.7128125,1302.81,-0.8363320961755689,6,1.8567984010814829,0.2668246901953418,0.9525773195876288,31.865965834428383,6,11.0,0,Basic,Monthly,9.99,apple_pay,North America,0
915,349,25.0,15,0.625,31.566475644699143,-0.028605482717520676,358,1,37.0,3.0,1.0,2.0973556797020487,1.0,34.72432432432432,1284.8,1.3985194324491055,6,0.805963203010179,0.257406206757476,1.0,17.641261498028907,1,3.0,0,Basic,Monthly,9.99,apple_pay,Asia,0
916,530,14.0,18,-0.21052631578947367,32.35471698113208,-0.025105721090749898,558,1,48.0,0.0,1.0,1.4538507462686565,-0.5,35.016875,1680.81,0.0,6,1.1937159209411154,0.25143593496537264,1.0,33.01576872536137,1,10.0,0,Basic,Monthly,9.99,credit_card,Asia,0
917,311,16.0,20,-0.19047619047619047,17.838263665594855,-0.04745808545159552,313,2,8.0,0.0,0.0,0.4774901960784314,0.0,49.002500000000005,392.02000000000004,0.0,6,1.0398721041116337,0.2605250427423826,1.0,16.754270696452036,2,2.0,0,Basic,Monthly,9.99,credit_card,North America,0
918,269,15.0,18,-0.15789473684210525,12.017843866171004,-0.36021341463414636,277,2,19.0,2.0,3.0,1.3387962962962963,-0.25,23.607368421052634,448.54,-0.7732514880952381,6,1.0270389277708927,0.2665245384104953,1.0,14.19185282522996,2,4.0,0,Premium,Monthly,39.99,credit_card,North America,1
919,218,11.0,12,-0.07692307692307693,28.972477064220183,-0.05748020018463633,247,3,47.0,3.0,4.0,2.1976651305683563,-0.2,44.50042553191489,2091.52,-0.518697369996408,6,2.0732240206309727,0.25577904759484726,0.956989247311828,21.38633377135348,3,3.0,0,Premium,Monthly,39.99,credit_card,North America,0
920,375,10.0,11,-0.08333333333333333,15.0648,-0.30857142857142855,384,3,23.0,1.0,0.0,1.043397913561848,1.0,51.58956521739131,1186.5600000000002,0.0,6,1.1705481797105182,0.2645117018625164,0.9910581222056631,22.043363994743757,3,0.0,0,Premium,Monthly,39.99,credit_card,North America,0
921,125,22.0,18,0.21052631578947367,28.1448,-0.01989869753979727,130,1,9.0,5.0,1.0,1.3629850746268657,2.0,34.79666666666666,313.16999999999996,4.027556968733439,6,0.918624582749127,0.24503797873856187,1.0,6.603153745072273,1,3.0,0,Basic,Monthly,9.99,bank_transfer,Europe,0
922,78,16.0,20,-0.19047619047619047,36.27051282051282,-0.16422636883682926,83,1,9.0,4.0,1.0,2.2273170731707315,1.5,46.058888888888895,414.53000000000003,-0.23562436202790066,6,0.9968332876829008,0.30846615401684474,1.0,4.040735873850197,1,2.0,0,Basic,Annual,9.99,credit_card,North America,1
923,38,11.0,15,-0.25,11.88421052631579,-0.060817231548938804,38,6,2.0,1.0,0.0,0.7424390243902439,1.0,26.169999999999998,52.339999999999996,0.0,6,1.2681120250624975,0.5273247139411412,1.0,2.6938239159001314,6,0.0,0,Premium,Monthly,39.99,credit_card,North America,1
924,300,11.0,18,-0.3684210526315789,27.105666666666664,0.03221160601376987,313,3,25.0,1.0,1.0,1.5099206349206349,0.0,42.2588,1056.47,-0.5222809667673716,6,0.9708208887947395,0.28155100292065144,1.0,16.557161629434955,3,3.0,0,Standard,Monthly,19.99,apple_pay,North America,0
925,75,17.0,14,0.2,36.474666666666664,-0.036723841074036145,78,1,10.0,1.0,2.0,2.3968503937007872,-0.3333333333333333,58.831999999999994,588.3199999999999,-0.14832793959007562,6,0.9720987997909594,0.1965309496902786,1.0,4.1721419185282524,1,2.0,0,Basic,Monthly,9.99,credit_card,Asia,0
926,581,15.0,16,-0.058823529411764705,25.89621342512909,0.13446808510638297,623,1,85.0,0.0,1.0,2.5120388349514564,-0.5,43.154117647058825,3668.1,0.0,6,1.0157244225897863,0.2605338363685919,0.9990291262135923,33.83705650459921,1,10.0,0,Premium,Annual,39.99,credit_card,North America,0
927,459,21.0,21,0.0,26.763180827886707,0.01348780909562532,474,1,57.0,4.0,3.0,2.54784140969163,0.25,41.80649122807017,2382.97,0.20054270950607672,6,0.8004370469211043,0.25261880750828186,1.0,22.371879106438897,1,4.0,0,Basic,Annual,9.99,credit_card,Asia,0
928,71,9.0,12,-0.23076923076923078,30.288732394366196,-0.3379975874547647,74,1,5.0,0.0,1.0,0.7725888324873097,-0.5,13.974,69.87,0.0,6,1.8447135377965003,0.28344245001489593,0.9949238578680203,6.471747700394218,1,5.0,0,Premium,Monthly,39.99,credit_card,North America,0
929,75,7.0,9,-0.2,28.241333333333333,-0.1904055128544925,83,2,10.0,1.0,0.0,1.2127490039840638,1.0,19.317,193.17000000000002,0.0,6,2.4365788703401607,0.321264895516864,0.9203187250996017,8.245729303547963,2,2.0,0,Basic,Monthly,9.99,credit_card,Europe,1
930,143,11.0,14,-0.2,28.592307692307692,0.2086948321388154,151,2,16.0,2.0,0.0,1.3642577030812326,2.0,37.719375,603.51,0.0,6,1.6845793558820497,0.24173988297662466,1.0,11.727989487516425,2,3.0,0,Standard,Monthly,19.99,credit_card,North America,0
931,415,11.0,12,-0.07692307692307693,22.308192771084336,0.10065726312680015,453,2,76.0,3.0,2.0,2.662186421173763,0.3333333333333333,33.87552631578947,2574.54,-0.4684583799925345,6,1.301518164304064,0.2541318348486341,1.0,28.54796320630749,2,4.0,0,Basic,Monthly,9.99,credit_card,North America,0
932,42,7.0,10,-0.2727272727272727,13.890476190476189,-0.075011944577162,50,6,9.0,3.0,1.0,1.7230188679245284,1.0,53.62666666666667,482.64000000000004,-0.5455541806611278,6,2.616015560918166,0.24608444655065326,0.880503144654088,5.223390275952694,6,0.0,0,Standard,Annual,19.99,credit_card,South America,0
933,127,11.0,11,0.0,21.443307086614176,-0.01490514905149055,137,1,12.0,0.0,1.0,1.3187003610108303,-0.5,34.55583333333333,414.67,0.0,6,1.3191855611180368,0.26824601238778695,1.0,9.099868593955321,1,6.0,0,Standard,Monthly,19.99,credit_card,Europe,0
934,73,16.0,17,-0.05555555555555555,26.264383561643836,0.05011766024204396,79,2,10.0,0.0,2.0,1.9025,-0.6666666666666666,29.506999999999998,295.07,0.0,6,1.4943561265977505,0.24379278395681153,1.0,5.256241787122208,2,1.0,0,Basic,Annual,9.99,paypal,Europe,0
935,660,18.0,16,0.11764705882352941,26.53181818181818,-0.04668234623334042,680,2,58.0,1.0,2.0,1.6593233082706766,-0.3333333333333333,39.992413793103445,2319.56,-0.9600585979576888,6,0.9843638776297231,0.2522966601092443,1.0,34.95400788436268,2,7.0,0,Premium,Monthly,39.99,paypal,Europe,0
936,270,19.0,20,-0.047619047619047616,39.69851851851852,0.10719453350586093,277,4,25.0,0.0,2.0,1.8205741626794258,-0.6666666666666666,36.166,904.15,0.0,6,0.7977240352174657,0.23880893969413855,1.0,13.731931668856767,4,4.0,0,Basic,Monthly,9.99,credit_card,Europe,0
937,608,18.0,18,0.0,28.041282894736838,-0.04560662088395837,653,1,96.0,3.0,5.0,2.736179775280899,-0.3333333333333333,42.0565625,4037.43,1.8314035087719296,6,1.0440795281061845,0.24601929679292467,1.0,35.08541392904073,1,6.0,0,Basic,Monthly,9.99,credit_card,North America,0
938,281,15.0,13,0.14285714285714285,40.33416370106762,0.06866297921037566,300,4,33.0,1.0,3.0,1.6576237623762378,-0.5,51.802424242424244,1709.48,-0.9435002674787046,6,1.4825267516464888,0.24590651872102026,0.9933993399339934,19.90801576872536,4,1.0,0,Basic,Annual,9.99,paypal,North America,0
939,401,15.0,13,0.14285714285714285,32.85860349127182,-0.06250276854928029,429,3,48.0,2.0,2.0,1.704924154025671,0.0,38.638958333333335,1854.67,-0.4536490745979148,6,1.4978224763116401,0.2613704236592987,0.9964994165694282,28.153745072273324,3,3.0,0,Premium,Monthly,39.99,credit_card,Europe,0
940,28,6.0,11,-0.4166666666666667,19.764285714285712,0.14572787237306353,30,1,2.0,0.0,1.0,0.5798095238095239,-0.5,13.309999999999999,26.619999999999997,0.0,6,2.5577083338766884,0.23884387629438092,1.0,3.4494086727989486,1,0.0,0,Basic,Monthly,9.99,apple_pay,Europe,0
941,40,14.0,19,-0.25,15.2875,-0.19694244604316546,40,2,2.0,1.0,1.0,0.8339726027397261,0.0,118.2,236.4,6.223525353570197,6,1.2951690576867576,0.2773581641151022,1.0,2.3981603153745072,2,1.0,0,Basic,Monthly,9.99,paypal,North America,1
942,433,16.0,17,-0.05555555555555555,20.96974595842956,0.09587197128327857,471,2,63.0,2.0,0.0,1.927356783919598,2.0,38.01063492063492,2394.67,0.0,6,1.4841187748485036,0.23564494195508057,1.0,32.68725361366623,2,2.0,0,Basic,Annual,9.99,credit_card,Europe,0
943,201,19.0,22,-0.13043478260869565,23.114427860696516,-0.0021090462004066807,210,1,15.0,2.0,0.0,1.4449367088607594,2.0,18.137333333333334,272.06,0.0,6,0.8886009813664333,0.26799946113776163,1.0,10.38107752956636,1,1.0,0,Standard,Monthly,19.99,credit_card,Europe,0
944,131,17.0,16,0.058823529411764705,13.563358778625954,0.010739887684066259,135,1,9.0,0.0,1.0,1.2452727272727273,-0.5,37.38666666666667,336.48,0.0,6,1.029935721595448,0.2625559707498732,1.0,7.227332457293035,1,2.0,0,Basic,Monthly,9.99,credit_card,Europe,0
945,178,14.0,13,0.07142857142857142,30.838764044943822,-0.10027282887384134,184,1,15.0,0.0,1.0,1.1952879581151832,-0.5,45.86,687.9,0.0,6,1.5755175179821277,0.241401461148681,1.0,12.54927726675427,1,2.0,0,Premium,Monthly,39.99,bank_transfer,North America,0
946,416,8.0,14,-0.4,39.338221153846156,-0.1948148148148148,440,7,52.0,0.0,1.0,2.0450645994832044,-0.5,25.287884615384616,1314.97,0.0,6,1.180507935095894,0.26608908800219916,0.9948320413436693,25.427069645203677,7,10.0,0,Basic,Monthly,9.99,bank_transfer,Europe,1
947,308,13.0,11,0.16666666666666666,13.031493506493506,0.04037170882808468,331,3,29.0,0.0,1.0,1.2363585434173672,-0.5,54.83689655172414,1590.27,0.0,6,1.5500017084256124,0.2530483430318933,0.9901960784313726,23.45597897503285,3,6.0,0,Standard,Monthly,19.99,credit_card,South America,0
948,514,17.0,11,0.5,14.12101167315175,0.0005938021896456507,535,1,26.0,1.0,1.0,0.7480529300567109,0.0,37.36730769230769,971.55,-0.6243115656963021,6,1.3750185651679652,0.25198239577961584,1.0,34.75689881734559,1,6.0,0,Premium,Monthly,39.99,credit_card,North America,0
949,69,5.0,14,-0.6,20.30144927536232,-0.30541905082463816,74,1,2.0,0.0,0.0,0.41986206896551725,0.0,10.155000000000001,20.310000000000002,0.0,6,1.707602304888072,0.3215924853029345,1.0,4.763469119579501,1,4.0,0,Standard,Monthly,19.99,credit_card,North America,1
950,56,5.0,11,-0.5,28.780357142857145,-0.28547589616810876,58,3,2.0,0.0,0.0,0.32211640211640213,0.0,35.15,70.3,0.0,6,2.9597339513301937,0.26515686190640503,0.8518518518518519,6.2089356110381075,3,0.0,0,Standard,Monthly,19.99,bank_transfer,North America,1
951,94,23.0,24,-0.04,37.340425531914896,-0.031855451806385854,96,1,7.0,2.0,2.0,1.6265648854961832,0.0,11.321428571428571,79.25,0.34683281412253375,6,0.7003438605116253,0.2444026176440983,1.0,4.303547963206308,1,0.0,0,Standard,Monthly,19.99,paypal,North America,0
952,36,11.0,14,-0.2,16.444444444444443,-0.06474206278664618,39,7,6.0,2.0,1.0,1.9025,0.5,22.465,134.79,1.2652608213096557,6,1.5405842124028724,0.2449850762224949,1.0,3.1537450722733245,7,0.0,0,Standard,Annual,19.99,credit_card,Asia,0
953,191,20.0,18,0.10526315789473684,35.422513089005236,-0.025379577255135472,194,1,8.0,1.0,0.0,0.8759712230215827,1.0,20.04375,160.35,0.0,6,0.7618522334162396,0.2525610431355627,1.0,9.132720105124836,1,5.0,0,Basic,Annual,9.99,paypal,Europe,0
954,453,13.0,13,0.0,42.25187637969095,0.060142534329914864,509,5,86.0,2.0,1.0,2.4626904985888998,0.5,40.30709302325581,3466.41,5.0372511239563265,6,1.4517401372643164,0.2451236005047847,0.9811853245531514,34.92115637319316,5,18.0,0,Standard,Annual,19.99,apple_pay,Oceania,0
955,305,11.0,9,0.2,15.838688524590165,0.04725080679534781,342,4,60.0,1.0,4.0,2.0158940397350995,-0.6,33.759499999999996,2025.57,-0.9294418805884049,6,2.0852083449003924,0.25355980261848915,0.9503311258278146,29.7634691195795,4,5.0,0,Premium,Monthly,39.99,credit_card,Oceania,0
956,136,14.0,16,-0.11764705882352941,13.811029411764705,0.05188820396193663,138,1,8.0,2.0,1.0,0.8985977859778599,0.5,27.37125,218.97,1.214759535655058,6,1.3169796429677312,0.25877674666908146,1.0,8.902759526938238,1,0.0,0,Basic,Annual,9.99,credit_card,Europe,0
957,460,14.0,16,-0.11764705882352941,32.747608695652175,0.12089635854341735,508,1,91.0,3.0,2.0,2.832351738241309,0.3333333333333333,36.97043956043956,3364.31,1.9096385542168677,6,1.4611570235106248,0.2550346225725784,1.0,32.12877792378449,1,2.0,0,Standard,Monthly,19.99,bank_transfer,South America,0
958,66,10.0,11,-0.08333333333333333,34.52727272727273,0.027585359862441722,76,2,17.0,1.0,4.0,2.3737614678899086,-0.6,36.54882352941177,621.33,-0.6500256203791815,6,2.1745456188934384,0.23089776553333108,0.963302752293578,7.1616294349540075,2,1.0,0,Standard,Annual,19.99,credit_card,Europe,0
959,558,17.0,17,0.0,26.300179211469533,-0.06802173475548388,582,5,67.0,1.0,3.0,2.1696595744680853,-0.5,37.830298507462686,2534.63,-0.8517503634940164,6,0.9471461769271327,0.2452509671530844,0.997872340425532,30.880420499342968,5,6.0,0,Premium,Monthly,39.99,paypal,North America,0
960,375,11.0,10,0.09090909090909091,29.857333333333333,0.06511135922900609,421,6,68.0,1.0,4.0,2.209092849519744,-0.6,33.90911764705883,2305.82,2.6918540361223737,6,1.5036021452820352,0.2511947926175649,0.9861259338313767,30.781865965834427,6,10.0,0,Basic,Monthly,9.99,apple_pay,Europe,0
961,266,16.0,11,0.4166666666666667,13.944360902255639,0.09247168030207678,284,2,27.0,0.0,0.0,1.2377710843373495,0.0,20.14962962962963,544.04,0.0,6,1.6101512424403073,0.2485049960045462,1.0,21.81340341655716,2,4.0,0,Basic,Monthly,9.99,credit_card,North America,0
962,538,24.0,19,0.25,21.818587360594794,-0.04233870967741941,553,2,51.0,3.0,3.0,1.9429787234042555,0.0,31.962941176470586,1630.11,-0.2374903025601242,6,0.7550734961838212,0.24348752944876614,1.0,26.248357424441522,2,3.0,0,Premium,Monthly,39.99,credit_card,Europe,0
963,129,22.0,22,0.0,12.965891472868217,-0.11557138232437696,131,1,12.0,2.0,1.0,2.2004819277108436,0.5,31.051666666666666,372.62,3.637290604515659,6,0.52515721586159,0.23954419677210376,1.0,5.45335085413929,1,1.0,0,Standard,Monthly,19.99,bank_transfer,South America,0
964,368,14.0,10,0.36363636363636365,32.34728260869565,0.021160898705897123,389,3,25.0,0.0,0.0,0.8952941176470588,0.0,30.4384,760.96,0.0,6,1.5601693838661856,0.26954159707526865,0.9964705882352941,27.92378449408673,3,8.0,0,Standard,Monthly,19.99,apple_pay,Europe,0
965,594,14.0,17,-0.16666666666666666,26.562121212121212,0.005314396623432587,605,6,23.0,3.0,0.0,0.7043460764587526,3.0,32.66652173913044,751.33,0.0,6,1.0460916359925916,0.24818393248771187,1.0,32.65440210249671,6,5.0,0,Standard,Monthly,19.99,credit_card,Asia,0
966,237,17.0,14,0.2,42.961603375527424,-0.09407967889783873,242,1,15.0,1.0,2.0,1.0593967517401393,-0.3333333333333333,26.616666666666667,399.25,0.9565395653956539,6,1.1845886821093075,0.24288187162522978,1.0,14.159001314060447,1,0.0,0,Standard,Annual,19.99,bank_transfer,North America,0
967,157,16.0,12,0.3076923076923077,33.2764331210191,-0.08287059391598259,175,1,31.0,2.0,4.0,2.9396884735202495,-0.4,41.48290322580645,1285.97,-0.8480869251763736,6,1.2906212750183006,0.22495722433206064,1.0,10.545335085413928,1,1.0,0,Basic,Monthly,9.99,credit_card,Asia,0
968,250,22.0,25,-0.11538461538461539,14.9572,-0.0753564617200979,258,1,28.0,3.0,3.0,2.3609972299168978,0.0,22.698928571428574,635.57,0.0051611423328363675,6,0.8471455849045937,0.26983052430330506,1.0,11.85939553219448,1,3.0,0,Premium,Monthly,39.99,bank_transfer,North America,0
969,275,13.0,12,0.07692307692307693,24.580727272727273,-0.015558698727015428,283,2,16.0,1.0,1.0,0.7743084260731319,0.0,67.335625,1077.37,0.29968454258675076,6,1.577111116252353,0.2509888349160556,0.9904610492845787,20.66360052562418,2,8.0,0,Basic,Annual,9.99,credit_card,North America,0
970,276,8.0,18,-0.5263157894736842,15.567391304347828,0.0371442753143615,301,3,49.0,2.0,4.0,2.106723163841808,-0.4,34.271632653061225,1679.31,-0.35727788279773154,6,1.750537423451155,0.23505182431008326,0.9887005649717514,23.258869908015768,3,6.0,0,Standard,Annual,19.99,bank_transfer,North America,0
971,114,17.0,14,0.2,28.657894736842106,-0.05408791178535539,120,2,15.0,2.0,2.0,2.104147465437788,0.0,42.833999999999996,642.51,-0.8793434528163862,6,1.144458357006283,0.2788276274483236,1.0,7.128777923784494,2,1.0,0,Basic,Monthly,9.99,credit_card,Europe,0
972,95,8.0,13,-0.35714285714285715,25.64315789473684,-0.07572149061361715,103,1,11.0,2.0,1.0,1.2829118773946362,0.5,54.28636363636363,597.15,-0.4813833930518772,6,2.0615645840635675,0.25614340882300746,0.9923371647509579,8.5742444152431,1,1.0,0,Basic,Monthly,9.99,credit_card,North America,0
973,173,11.0,10,0.09090909090909091,36.52080924855492,-0.09067682445301244,193,3,39.0,3.0,2.0,3.044,0.3333333333333333,28.29794871794872,1103.6200000000001,0.7784294558488107,6,1.3708886654226493,0.23864983865197728,1.0,12.81208935611038,3,1.0,0,Premium,Monthly,39.99,credit_card,Europe,0
974,115,5.0,14,-0.6,24.23304347826087,-0.25167259786476875,119,7,13.0,0.0,3.0,1.564110671936759,-0.75,46.27461538461538,601.5699999999999,0.0,6,1.6321945670590472,0.3193838152397154,0.9683794466403162,8.31143232588699,7,1.0,0,Basic,Monthly,9.99,paypal,Asia,1
975,55,19.0,23,-0.16666666666666666,13.620000000000001,-0.12322175418609183,55,3,0.0,0.0,0.0,0.0,0.0,0.0,0.0,0.0,6,0.7688920395955854,0.3092538490288108,1.0,2.726675427069645,3,0.0,0,Basic,Monthly,9.99,credit_card,Europe,0
976,372,10.0,6,0.5714285714285714,23.017204301075267,-0.050473612990527834,386,2,21.0,1.0,2.0,0.665875,-0.3333333333333333,44.36571428571428,931.68,-0.691277975318971,6,1.7796574771373108,0.25524597985806263,0.9989583333333334,31.537450722733244,2,6.0,0,Premium,Monthly,39.99,credit_card,Europe,0
977,123,8.0,9,-0.1,23.00162601626016,0.028182429403854844,135,3,17.0,1.0,2.0,1.3441038961038962,-0.3333333333333333,38.277058823529416,650.71,3.0607134943496566,6,2.1115773339832926,0.2228476508999857,0.9636363636363636,12.64783180026281,3,3.0,0,Standard,Annual,19.99,bank_transfer,Asia,0
978,83,15.0,14,0.06666666666666667,27.1144578313253,-0.022931206380857348,93,2,12.0,1.0,1.0,2.0754545454545457,0.0,44.255833333333335,531.07,0.7982599238716693,6,1.1937786650776006,0.25558128429511984,1.0,5.781865965834428,2,2.0,0,Standard,Monthly,19.99,paypal,Asia,0
979,215,17.0,17,0.0,18.035813953488372,-0.017078916372202532,221,1,13.0,0.0,2.0,1.084164383561644,-0.6666666666666666,51.76692307692308,672.97,0.0,6,0.9550286389008432,0.2649565896033357,1.0,11.990801576872535,1,4.0,0,Basic,Monthly,9.99,paypal,Europe,0
980,421,18.0,15,0.1875,33.167220902612826,-0.021423720442057165,430,1,21.0,1.0,2.0,0.8112182741116751,-0.3333333333333333,30.81190476190476,647.05,-0.5699369582348307,6,1.3225030153650845,0.2520960824918845,0.9949238578680203,25.88699080157687,1,3.0,0,Standard,Monthly,19.99,paypal,Asia,0
981,207,18.0,18,0.0,37.217874396135265,0.029402940294029588,212,1,18.0,0.0,0.0,1.6307142857142858,0.0,48.39388888888889,871.09,0.0,6,0.9598107840308707,0.23653521202977432,1.0,11.038107752956636,1,0.0,0,Basic,Annual,9.99,apple_pay,Asia,0
982,614,20.0,21,-0.045454545454545456,20.45602605863192,-0.03498072999319892,634,1,48.0,1.0,0.0,1.4655165496489468,1.0,34.534375000000004,1657.65,0.0,6,0.9911268705134153,0.25787176933997985,1.0,32.75295663600526,1,10.0,0,Premium,Monthly,39.99,credit_card,North America,0
983,569,18.0,22,-0.17391304347826086,22.28681898066784,-0.08061465721040194,591,2,61.0,3.0,2.0,2.114851936218679,0.3333333333333333,42.34213114754098,2582.87,1.1704579921140432,6,0.8636821633138528,0.24862819580419007,1.0,28.843626806833115,2,6.0,0,Basic,Annual,9.99,credit_card,Asia,0
984,155,14.0,13,0.07142857142857142,19.99806451612903,-0.13238095238095235,171,1,29.0,5.0,1.0,2.5963529411764705,2.0,25.969310344827587,753.11,6.723145071982283,6,1.3076789991337687,0.20980720180247053,1.0,11.169513797634691,1,0.0,0,Premium,Monthly,39.99,paypal,North America,0
985,361,8.0,4,0.8,41.94487534626039,0.11932515337423323,391,1,38.0,0.0,1.0,1.0651197053406998,-0.5,37.84184210526316,1437.99,0.0,6,2.288045583847581,0.26146994677271795,0.9475138121546962,35.67674113009198,1,5.0,0,Premium,Monthly,39.99,bank_transfer,North America,0
986,229,21.0,23,-0.08333333333333333,28.749781659388645,0.011822660098522248,234,3,22.0,0.0,5.0,2.011051051051051,-0.8333333333333334,31.332272727272724,689.31,0.0,6,0.7885661759687006,0.25421481366928067,0.987987987987988,10.939553219448094,3,1.0,0,Basic,Monthly,9.99,apple_pay,North America,0
987,374,19.0,19,0.0,23.442780748663104,-0.11700144957548143,385,1,37.0,1.0,1.0,1.7064848484848485,0.0,40.962432432432436,1515.6100000000001,-0.4683072334079046,6,1.1247159006910097,0.24225724385348302,1.0,21.681997371879106,1,4.0,0,Basic,Annual,9.99,credit_card,Europe,0
988,38,13.0,18,-0.2631578947368421,38.44736842105263,0.14583924860021133,43,2,9.0,3.0,5.0,3.752876712328767,-0.3333333333333333,53.55777777777778,482.02000000000004,2.2522628886265252,6,1.0704021409366289,0.28646799318094496,1.0,2.3981603153745072,2,0.0,0,Basic,Monthly,9.99,bank_transfer,North America,0
989,278,12.0,19,-0.35,18.489568345323743,-0.2637923351158646,294,2,27.0,2.0,1.0,1.6210650887573965,0.5,46.65185185185185,1259.6,22.057142857142853,6,1.1771330224355694,0.27074472212820627,0.9940828402366864,16.655716162943495,2,11.0,0,Basic,Monthly,9.99,apple_pay,Europe,1
990,85,18.0,22,-0.17391304347826086,21.108235294117648,-0.03208812260536395,88,1,8.0,1.0,3.0,1.817313432835821,-0.5,39.5,316.0,-0.7306568088033012,6,0.9255932159377589,0.24390252252979785,1.0,4.402102496714849,1,1.0,0,Premium,Monthly,39.99,credit_card,Europe,1
991,204,10.0,15,-0.3125,23.83872549019608,-0.12057728119180633,212,5,18.0,0.0,3.0,1.6654103343465048,-0.75,22.894444444444446,412.1,0.0,6,0.9625110092955407,0.2796669562121745,1.0,10.808147174770038,5,6.0,0,Standard,Monthly,19.99,credit_card,North America,1
992,194,10.0,7,0.375,38.23453608247423,0.08512915129151302,226,4,38.0,1.0,2.0,1.7316167664670659,-0.3333333333333333,42.935526315789474,1631.55,-0.9019334448782301,6,2.3331462510034444,0.2332038117596851,0.9640718562874251,21.944809461235216,4,3.0,0,Standard,Annual,19.99,credit_card,South America,0
993,505,11.0,14,-0.2,17.322574257425742,-0.10455104551045509,538,3,61.0,2.0,1.0,1.7871414821944178,0.5,50.24704918032787,3065.07,0.7815442561205276,6,1.2864248765498123,0.24469750450991715,0.9971126082771897,34.13272010512483,3,8.0,0,Premium,Monthly,39.99,paypal,Asia,0
994,237,21.0,26,-0.18518518518518517,13.852320675105485,0.0693089353732457,244,1,21.0,2.0,3.0,1.8264,-0.25,25.934285714285714,544.62,-0.6651785714285714,6,0.861551621678383,0.23330963494466325,1.0,11.498028909329829,1,1.0,0,Premium,Monthly,39.99,credit_card,North America,0
995,106,26.0,17,0.5,30.16792452830189,-0.005919569030318318,112,1,15.0,5.0,2.0,2.639306358381503,1.0,13.825999999999999,207.39,1.673256649892164,6,0.7956680420172932,0.263927044903631,1.0,5.683311432325887,1,0.0,0,Premium,Monthly,39.99,credit_card,North America,0
996,71,10.0,12,-0.15384615384615385,26.690140845070424,-0.035786880197105034,83,2,15.0,1.0,2.0,2.5087912087912088,-0.3333333333333333,41.00933333333333,615.14,-0.8051005826096514,6,1.4860588725210773,0.2740155277655111,1.0,5.978975032851511,2,0.0,0,Standard,Monthly,19.99,paypal,Europe,0
997,171,19.0,14,0.3333333333333333,12.909356725146198,0.022541868916617875,176,1,10.0,1.0,1.0,1.0283783783783784,0.0,21.747999999999998,217.48,0.28785607196401797,6,0.9828412951714295,0.23102503475111333,1.0,9.724047306176084,1,2.0,0,Standard,Monthly,19.99,paypal,Europe,0
998,262,13.0,11,0.16666666666666666,25.914503816793893,-0.04890128509240677,273,3,14.0,0.0,1.0,0.6027722772277229,-0.5,71.51214285714286,1001.1700000000001,0.0,6,1.9815152678378798,0.24825194031300687,0.9504950495049505,23.226018396846253,3,5.0,0,Premium,Annual,39.99,bank_transfer,Europe,0
999,469,18.0,18,0.0,29.82452025586354,0.024684684684684856,502,2,58.0,3.0,1.0,1.878212765957447,1.0,38.08465517241379,2208.91,0.7789189976689977,6,1.2965854127418412,0.2612363630961128,0.9904255319148937,30.880420499342968,2,12.0,0,Standard,Monthly,19.99,credit_card,Oceania,0
1000,629,16.0,25,-0.34615384615384615,21.011446740858506,-0.16826923076923078,650,2,66.0,1.0,4.0,2.1059119496855345,-0.6,25.877727272727274,1707.93,-0.3344656388816305,6,0.8366026152120498,0.2573382337975174,1.0,31.340341655716163,2,5.0,0,Standard,Monthly,19.99,bank_transfer,Oceania,0
1001,292,9.0,10,-0.09090909090909091,20.47671232876712,-0.045231548870559066,309,4,21.0,1.0,1.0,0.682948717948718,0.0,27.642857142857142,580.5,-0.5512387387387389,6,2.308313969205802,0.24260699999489363,0.9572649572649572,30.749014454664913,4,1.0,0,Basic,Monthly,9.99,credit_card,North America,0
1002,43,11.0,18,-0.3684210526315789,15.48139534883721,-0.2448689179574188,44,11,2.0,0.0,2.0,0.7162352941176471,-0.6666666666666666,18.765,37.53,0.0,6,1.181717503010501,0.344652100199861,0.9882352941176471,2.7923784494086727,11,0.0,0,Standard,Monthly,19.99,bank_transfer,North America,1
1003,38,23.0,15,0.5,16.655263157894737,0.13736996532408646,40,2,3.0,2.0,1.0,1.7561538461538462,0.5,34.27666666666667,102.83000000000001,6.045280122793554,6,0.6468025790365349,0.2511298932014818,1.0,1.7082785808147174,2,1.0,0,Basic,Monthly,9.99,credit_card,Oceania,1
1004,61,10.0,14,-0.26666666666666666,16.888524590163936,-0.2777004760161114,64,4,7.0,2.0,2.0,1.691111111111111,0.0,14.588571428571429,102.12,0.17980057896429708,6,1.2352561090275624,0.34893641647554574,1.0,4.139290407358739,4,2.0,0,Basic,Monthly,9.99,bank_transfer,North America,1
1005,179,11.0,9,0.2,39.00558659217877,0.11362391033623907,188,1,19.0,1.0,2.0,1.149821073558648,-0.3333333333333333,33.374736842105264,634.12,-0.7533552798176754,6,1.9630301668670636,0.2562095330290403,1.0,16.52431011826544,1,1.0,0,Premium,Monthly,39.99,paypal,North America,0
1006,294,18.0,17,0.05555555555555555,39.66360544217687,0.027030085519827714,317,1,38.0,4.0,2.0,2.1949146110056925,0.6666666666666666,26.119999999999997,992.56,1.1074498567335245,6,1.0761025904680164,0.2591978681409951,1.0,17.31274638633377,1,2.0,0,Basic,Annual,9.99,paypal,Asia,0
1007,159,18.0,13,0.35714285714285715,42.861635220125784,-0.028206525028751435,166,1,11.0,1.0,0.0,1.00855421686747,1.0,16.375454545454545,180.13,0.0,6,1.2830983841524513,0.2885115426416193,1.0,10.90670170827858,1,4.0,0,Standard,Monthly,19.99,credit_card,Asia,0
1008,317,5.0,9,-0.4,34.74542586750788,-0.02649006622516547,347,6,40.0,1.0,3.0,1.1798449612403101,-0.5,40.166000000000004,1606.64,-0.1584158415841583,6,2.1199614165846636,0.2455074228990359,0.9496124031007753,33.90275952693824,6,7.0,0,Standard,Monthly,19.99,credit_card,North America,0
1009,517,15.0,18,-0.15789473684210525,26.93346228239845,0.03011067028607242,538,1,51.0,0.0,4.0,1.5385926660059466,-0.8,49.21607843137255,2510.02,0.0,6,1.2577285467487658,0.24588219111162465,0.9990089197224975,33.14717477003942,1,4.0,0,Premium,Monthly,39.99,paypal,Europe,0
1010,377,16.0,13,0.21428571428571427,34.224668435013264,0.05930225858492726,400,2,46.0,1.0,3.0,1.7481148564294633,-0.5,31.364347826086956,1442.76,-0.8589197282045375,6,1.3195452750856427,0.24619202826886444,1.0,26.31406044678055,2,2.0,0,Premium,Annual,39.99,credit_card,North America,0
1011,271,8.0,8,0.0,40.186346863468636,-0.07806583163413927,313,2,43.0,1.0,2.0,1.3424820512820514,-0.3333333333333333,34.14093023255814,1468.06,-0.5263561924257932,6,2.5877600709583244,0.23915547163862103,0.9333333333333333,32.03022339027595,2,11.0,0,Basic,Annual,9.99,bank_transfer,Europe,0
1012,217,2.0,8,-0.6666666666666666,23.096313364055298,-0.3501915708812261,231,6,24.0,1.0,2.0,1.3234782608695652,-0.3333333333333333,44.007083333333334,1056.17,2.0293778801843323,6,1.7652479278616422,0.27506752398184076,0.9637681159420289,18.134034165571617,6,8.0,0,Basic,Monthly,9.99,paypal,Europe,1
1013,79,7.0,16,-0.5294117647058824,37.037974683544306,0.03641456582633061,91,2,14.0,0.0,4.0,2.0587439613526572,-0.8,31.097857142857144,435.37,0.0,6,1.822456670158921,0.23965339607529274,1.0,6.800262812089356,2,3.0,0,Premium,Monthly,39.99,credit_card,Europe,0
1014,647,16.0,18,-0.10526315789473684,36.170633693972185,0.0905963302752293,669,1,72.0,4.0,5.0,2.2386925434116445,-0.16666666666666666,39.84291666666667,2868.69,-0.5844016635938772,6,0.8623947440348637,0.23213062623434882,1.0,32.16162943495401,1,13.0,0,Basic,Monthly,9.99,apple_pay,South America,0
1015,181,10.0,13,-0.21428571428571427,18.896685082872928,0.21470840480274436,193,3,21.0,2.0,1.0,1.4462443438914028,0.5,34.890476190476186,732.6999999999999,-0.8328220858895704,6,1.62320346388424,0.24535777461968286,0.9660633484162895,14.520367936925098,3,1.0,0,Standard,Monthly,19.99,bank_transfer,Asia,0
1016,171,10.0,13,-0.21428571428571427,14.20701754385965,-0.05635823849579427,181,2,12.0,0.0,3.0,0.6866165413533835,-0.75,18.53833333333333,222.45999999999998,0.0,6,2.7642469955693105,0.24998883839010594,0.9078947368421053,17.47700394218134,2,5.0,0,Basic,Annual,9.99,paypal,North America,0
1017,193,13.0,11,0.16666666666666666,35.30518134715026,0.057395342140311924,218,1,26.0,3.0,2.0,1.554891944990177,0.3333333333333333,29.786538461538463,774.45,6.195884773662551,6,1.7986169802030272,0.25621186418467734,0.9901768172888017,16.72141918528252,1,5.0,0,Basic,Monthly,9.99,credit_card,North America,0
1018,304,17.0,14,0.2,30.160197368421056,0.06498507750072202,314,1,24.0,1.0,1.0,1.1976393442622952,0.0,37.35583333333334,896.5400000000001,1.180522565320665,6,1.3371499606264232,0.2519250171279256,0.9983606557377049,20.039421813403415,1,3.0,0,Basic,Annual,9.99,credit_card,Europe,0
1019,569,16.0,18,-0.10526315789473684,32.217398945518454,-0.14676297080623216,592,1,63.0,3.0,2.0,2.0620645161290323,0.3333333333333333,35.605873015873016,2243.17,-0.0810921781974953,6,0.9697421214123655,0.25503467332627633,1.0,30.55190538764783,1,3.0,0,Standard,Annual,19.99,paypal,Europe,0
1020,236,14.0,13,0.07142857142857142,26.721186440677965,0.02578926598263609,245,4,24.0,2.0,1.0,1.5643683083511777,0.5,45.71958333333333,1097.27,25.19222139117427,6,1.3103411238650249,0.2501181973038407,1.0,15.341655716162943,4,1.0,0,Basic,Monthly,9.99,credit_card,North America,0
1021,66,8.0,10,-0.18181818181818182,27.61060606060606,-0.06510055478502073,75,1,14.0,3.0,1.0,1.5329496402877698,1.0,38.32714285714286,536.58,9.925690021231421,6,2.8587634902308086,0.23834709654503464,0.9316546762589928,9.132720105124836,1,0.0,0,Standard,Annual,19.99,paypal,Asia,0
1022,607,25.0,19,0.3,40.87116968698517,0.04911857594028136,623,1,53.0,2.0,3.0,1.8250226244343892,-0.25,40.42660377358491,2142.61,-0.23034047411187963,6,0.7168915871284902,0.2653734140253111,1.0,29.040735873850196,1,1.0,0,Basic,Monthly,9.99,bank_transfer,North America,0
1023,222,18.0,12,0.46153846153846156,22.541891891891893,0.06259837752754581,234,1,15.0,1.0,0.0,1.0377272727272728,1.0,54.52733333333333,817.91,0.0,6,1.2963330986817785,0.25254557697038504,1.0,14.45466491458607,1,9.0,0,Basic,Monthly,9.99,credit_card,North America,0
1024,349,17.0,11,0.5,36.77449856733524,0.15533873805932613,383,2,53.0,4.0,1.0,2.331387283236994,1.5,47.670188679245285,2526.52,45.97432432432433,6,1.1752867178076085,0.2476379623868042,1.0,22.733245729303547,2,15.0,0,Standard,Monthly,19.99,credit_card,Asia,0
1025,273,10.0,12,-0.15384615384615385,37.798534798534796,0.008940951470236694,283,2,27.0,1.0,1.0,1.9247775175644029,0.0,52.71259259259259,1423.24,0.5362485615650171,6,1.0877607931299023,0.26046854809403625,0.9672131147540983,14.027595269382392,2,5.0,0,Basic,Annual,9.99,bank_transfer,Europe,1
1026,40,12.0,15,-0.1875,18.5075,0.13441330998248668,43,1,7.0,3.0,1.0,2.5366666666666666,1.0,20.312857142857144,142.19,-0.35111662531017374,6,1.1788397610982204,0.23303599481039672,1.0,2.759526938239159,1,0.0,0,Premium,Monthly,39.99,credit_card,Europe,0
1027,481,9.0,18,-0.47368421052631576,31.26964656964657,-0.13712261764209804,506,4,59.0,5.0,0.0,1.9478958785249458,5.0,51.06457627118644,3012.81,0.0,6,1.3366795587023974,0.25409529256216373,1.0,30.28909329829172,4,3.0,0,Basic,Monthly,9.99,paypal,Europe,0
1028,345,20.0,16,0.23529411764705882,24.92782608695652,0.05954198473282437,355,2,29.0,2.0,0.0,1.5246286701208982,2.0,40.59448275862069,1177.24,0.0,6,0.9907827318480098,0.26642212143197874,1.0,19.021024967148488,2,2.0,0,Basic,Monthly,9.99,paypal,North America,0
1029,462,13.0,16,-0.17647058823529413,16.06774891774892,-0.060394151303242244,483,4,46.0,1.0,0.0,1.732970297029703,1.0,28.07521739130435,1291.46,0.0,6,1.1214113164004065,0.2691729948142208,1.0,26.544021024967147,4,7.0,0,Standard,Monthly,19.99,paypal,Europe,0
1030,88,18.0,21,-0.13636363636363635,36.54090909090909,0.04412767698813261,90,2,7.0,2.0,1.0,1.5553284671532845,0.5,19.88714285714286,139.21,0.5719696969696972,6,0.9548007830118496,0.2645730663344335,1.0,4.50065703022339,2,2.0,0,Standard,Annual,19.99,credit_card,North America,0
1031,290,10.0,12,-0.15384615384615385,33.45586206896552,-0.054052812858782995,329,4,50.0,2.0,4.0,1.9025,-0.4,40.2288,2011.44,-0.8471266823328348,6,1.8359674452609924,0.26560779305495485,0.97125,26.281208935611037,4,10.0,0,Standard,Annual,19.99,credit_card,Europe,0
1032,190,18.0,19,-0.05,28.271052631578947,-0.08347405155915807,204,2,24.0,0.0,1.0,2.123720930232558,-0.5,34.31875,823.65,0.0,6,1.1173412397874856,0.27026896749303914,1.0,11.300919842312746,2,3.0,0,Standard,Monthly,19.99,credit_card,South America,0
1033,212,3.0,7,-0.5,37.737264150943396,-0.23988439306358383,258,8,52.0,3.0,2.0,1.8405581395348838,0.3333333333333333,33.730384615384615,1753.98,-0.9050863483411663,6,2.891142719701145,0.2516189456762814,0.9034883720930232,28.252299605781864,8,12.0,0,Basic,Annual,9.99,credit_card,North America,0
1034,60,10.0,11,-0.08333333333333333,19.39,0.045870774497218575,65,4,4.0,0.0,0.0,0.6511229946524064,0.0,15.657499999999999,62.629999999999995,0.0,6,1.9910514092523361,0.2592417850475831,0.9732620320855615,6.14323258869908,4,2.0,0,Standard,Monthly,19.99,paypal,North America,0
1035,74,8.0,13,-0.35714285714285715,31.889189189189192,-0.25525326255253267,78,3,6.0,1.0,0.0,0.9766844919786096,1.0,116.23666666666666,697.42,0.0,6,1.7094086468945695,0.2768350829340832,1.0,6.14323258869908,3,1.0,0,Premium,Monthly,39.99,credit_card,Europe,0
1036,228,10.0,12,-0.15384615384615385,16.11052631578947,0.20456273764258556,241,2,17.0,0.0,1.0,0.7805128205128206,-0.5,55.26117647058823,939.4399999999999,0.0,6,2.3647479306372756,0.24302888832287306,0.9291101055806938,21.780551905387647,2,1.0,0,Premium,Monthly,39.99,paypal,Europe,0
1037,282,12.0,11,0.08333333333333333,26.513120567375886,0.08836251824056694,305,2,28.0,4.0,0.0,1.2176,4.0,47.07285714285714,1318.04,0.0,6,1.631074049028197,0.2547342504051043,1.0,22.996057818659658,2,6.0,0,Basic,Monthly,9.99,credit_card,Europe,0
1038,148,11.0,17,-0.3333333333333333,42.28445945945946,-0.002316420229145203,154,4,12.0,0.0,0.0,1.6091629955947138,0.0,26.33666666666667,316.04,0.0,6,0.8579441190748431,0.2606166846386967,0.9867841409691629,7.457293035479632,4,2.0,0,Standard,Annual,19.99,paypal,North America,1
1039,318,11.0,13,-0.14285714285714285,43.101572327044025,-0.03391196786702048,377,9,81.0,2.0,2.0,2.6684415584415584,0.0,38.13444444444444,3088.89,0.29457202505219204,6,1.8605097295904443,0.23851996552682367,0.9621212121212122,30.354796320630747,9,6.0,0,Basic,Monthly,9.99,apple_pay,Oceania,0
1040,102,8.0,15,-0.4375,25.034313725490197,-0.36758306962025306,108,3,14.0,0.0,2.0,2.316086956521739,-0.6666666666666666,17.72357142857143,248.13,0.0,6,1.1769100489286617,0.32447205905336557,1.0,6.044678055190539,3,2.0,0,Basic,Monthly,9.99,credit_card,North America,1
1041,123,20.0,23,-0.125,35.3739837398374,0.040494925305051936,124,1,8.0,1.0,1.0,1.3836363636363638,0.0,30.13375,241.07,-0.34925745144874865,6,0.7664843990582804,0.27385446666051044,1.0,5.781865965834428,1,2.0,0,Premium,Monthly,39.99,credit_card,Europe,0
1042,311,20.0,21,-0.045454545454545456,32.51446945337621,0.041514516611792875,319,3,17.0,1.0,0.0,1.1474057649667406,1.0,63.57411764705882,1080.76,0.0,6,0.6989296591875,0.2639222950253459,1.0,14.816031537450723,3,5.0,0,Basic,Monthly,9.99,paypal,Europe,0
1043,380,20.0,15,0.3125,24.88684210526316,-0.14142984014209578,407,2,56.0,2.0,2.0,2.6346831530139103,0.0,32.005714285714284,1792.32,-0.12534682552635862,6,0.9842059929087656,0.2515127460773711,1.0,21.254927726675426,2,9.0,0,Basic,Monthly,9.99,credit_card,North America,0
1044,523,20.0,16,0.23529411764705882,41.461567877629065,0.050717119316447984,553,1,83.0,3.0,2.0,3.1038329238329236,0.3333333333333333,41.266746987951805,3425.14,1.7551713800339759,6,0.836543306058749,0.24630150560931988,1.0,26.741130091984232,1,8.0,0,Basic,Monthly,9.99,credit_card,Asia,0
1045,424,11.0,19,-0.4,39.33655660377359,-0.22579773168008466,460,1,51.0,1.0,3.0,1.505761396702231,-0.5,39.954313725490195,2037.67,0.03447347158631818,6,1.6348796830488979,0.25958740025783406,0.9776915615906887,33.86990801576872,1,12.0,0,Basic,Monthly,9.99,paypal,Europe,0
1046,187,10.0,8,0.2222222222222222,23.0475935828877,0.0028598665395614597,209,6,31.0,1.0,1.0,1.4190075187969924,0.0,59.64290322580646,1848.93,0.42633323290147657,6,2.338165882755235,0.24899484643520067,0.9473684210526315,21.846254927726676,6,2.0,0,Basic,Monthly,9.99,credit_card,South America,0
1047,31,13.0,13,0.0,12.248387096774193,0.030642309958750766,34,2,3.0,2.0,1.0,1.234054054054054,0.5,125.71333333333332,377.14,27.689898198903684,6,1.0642254261084714,0.2737986784456826,1.0,2.431011826544021,2,1.0,0,Basic,Monthly,9.99,paypal,North America,0
1048,241,13.0,12,0.07692307692307693,14.740248962655603,-0.10527538926330458,254,1,21.0,1.0,1.0,1.248515625,0.0,37.55,788.55,4.517662007623889,6,1.3257240994939974,0.23321332511565585,1.0,16.819973718791065,1,2.0,0,Standard,Annual,19.99,apple_pay,North America,0
1049,275,12.0,5,1.1666666666666667,28.138181818181817,0.2434734817257488,296,6,28.0,0.0,0.0,1.0231932773109245,0.0,28.95321428571429,810.69,0.0,6,2.3793230906400558,0.25787718830649525,0.9243697478991597,27.365308804204993,6,5.0,0,Standard,Annual,19.99,bank_transfer,North America,0
1050,188,14.0,9,0.5,27.89627659574468,0.01743108293966404,211,1,32.0,2.0,1.0,1.8038518518518518,0.5,31.924062499999998,1021.5699999999999,-0.7857142857142857,6,2.0938125600642037,0.24526911279107755,0.9462962962962963,17.73981603153745,1,3.0,0,Standard,Annual,19.99,bank_transfer,Europe,0
1051,141,10.0,5,0.8333333333333334,33.360283687943266,-0.025046963055729517,167,1,39.0,3.0,0.0,2.022419080068143,3.0,44.673846153846156,1742.28,0.0,6,2.6802865038969035,0.25787344027274434,0.9540034071550255,19.2838370565046,1,4.0,0,Basic,Annual,9.99,credit_card,Oceania,0
1052,15,6.0,7,-0.125,36.126666666666665,-0.09254402397901827,16,4,1.0,0.0,1.0,0.3805,-0.5,16.34,16.34,0.0,6,3.712270515594517,0.38752744500088554,0.7875,2.628120893561104,4,0.0,0,Standard,Monthly,19.99,paypal,Asia,0
1053,342,12.0,11,0.08333333333333333,42.654093567251465,-0.1269841269841268,373,1,41.0,3.0,2.0,1.2505410821643286,0.3333333333333333,31.002195121951218,1271.09,13.831233123312334,6,1.9453373984562212,0.26033152140278165,0.9679358717434869,32.78580814717477,1,6.0,0,Basic,Annual,9.99,credit_card,Europe,0
1054,580,21.0,20,0.047619047619047616,30.627758620689654,0.1051509370441028,601,1,61.0,4.0,1.0,2.0030636461704425,1.5,47.944426229508196,2924.61,2.140707604717365,6,0.871428636590516,0.24620152501426118,1.0,30.453350854139288,1,11.0,0,Standard,Annual,19.99,paypal,Asia,0
1055,588,15.0,17,-0.1111111111111111,16.676190476190477,-0.007062341844950474,618,1,73.0,2.0,8.0,2.2628513238289205,-0.6666666666666666,37.62876712328767,2746.9,-0.9003987060859099,6,0.9198899730767219,0.2736027981183867,1.0,32.26018396846255,1,3.0,0,Basic,Monthly,9.99,paypal,Europe,0
1056,557,13.0,19,-0.3,24.887073608617595,-0.08397382963856938,576,1,53.0,2.0,1.0,1.8586635944700463,0.5,30.847735849056605,1634.93,-0.020248724489795856,6,0.8929795704581195,0.2607404825257114,1.0,28.515111695137975,1,2.0,0,Basic,Annual,9.99,credit_card,North America,0
1057,277,10.0,13,-0.21428571428571427,43.424909747292425,-0.09886363636363628,306,1,45.0,1.0,1.0,2.084931506849315,0.0,36.06044444444444,1622.72,0.24649298597194397,6,1.4460159183902974,0.24535749718516028,1.0,21.583442838370566,1,4.0,0,Standard,Monthly,19.99,credit_card,Europe,0
1058,500,18.0,16,0.11764705882352941,12.6196,0.03265631222620484,507,1,18.0,0.0,2.0,0.6014489571899012,-0.6666666666666666,40.26444444444444,724.76,0.0,6,1.113404907833628,0.24554043503800763,1.0,29.927726675427067,1,2.0,0,Basic,Monthly,9.99,apple_pay,Europe,0
1059,48,12.0,21,-0.4090909090909091,26.1125,0.032952164804469074,50,1,2.0,1.0,0.0,0.6918181818181819,1.0,31.049999999999997,62.099999999999994,0.0,6,1.5649215928719031,0.29137582844073695,1.0,2.890932982917214,1,0.0,0,Standard,Annual,19.99,apple_pay,Oceania,0
1060,16,9.0,7,0.25,16.0875,-0.15081186772081956,16,7,0.0,0.0,0.0,0.0,0.0,0.0,0.0,0.0,6,2.1668498091095505,0.47382048484239186,0.9333333333333333,1.4783180026281209,7,0.0,0,Basic,Monthly,9.99,paypal,North America,1
1061,59,8.0,10,-0.18181818181818182,31.505084745762712,0.0327426810477659,74,2,16.0,0.0,4.0,2.234128440366973,-0.8,25.796875,412.75,0.0,6,2.1131428979493383,0.24205428748497052,0.963302752293578,7.1616294349540075,2,5.0,0,Basic,Annual,9.99,paypal,Asia,0
1062,565,20.0,18,0.10526315789473684,21.79522123893805,-0.0294758692267775,591,2,58.0,2.0,3.0,1.9025,-0.25,32.16137931034483,1865.36,-0.7237844171060339,6,0.9721511402485903,0.2526210289115268,1.0,30.486202365308802,2,7.0,0,Premium,Annual,39.99,paypal,South America,0
1063,96,12.0,8,0.4444444444444444,25.39375,-0.26568758344459276,111,6,22.0,2.0,2.0,2.079751552795031,0.0,35.56727272727273,782.48,-0.15316851378232446,6,2.304870283230439,0.2854929951189952,0.9347826086956522,10.578186596583443,6,1.0,0,Premium,Monthly,39.99,bank_transfer,North America,0
1064,26,15.0,11,0.3333333333333333,16.496153846153845,-0.08024446646845072,30,1,7.0,5.0,2.0,3.4931147540983605,1.0,29.344285714285714,205.41,5.038004750593824,6,0.9258200997725515,0.19163254047303022,1.0,2.0039421813403417,1,0.0,0,Premium,Monthly,39.99,paypal,North America,0
1065,218,15.0,12,0.23076923076923078,26.668807339449543,-0.07218089854210062,231,1,18.0,2.0,1.0,0.9366153846153847,0.5,19.843333333333334,357.18,7.0567375886524815,6,2.095208670623854,0.2577557013174252,0.9811965811965813,19.21813403416557,1,3.0,0,Basic,Monthly,9.99,paypal,Oceania,0
1066,461,11.0,9,0.2,36.37158351409978,0.08421171616695418,489,2,39.0,1.0,2.0,1.1043348837209301,-0.3333333333333333,30.17205128205128,1176.71,-0.6782202966172305,6,1.6095960072517397,0.24616125296804156,0.9962790697674417,35.31537450722733,2,10.0,0,Basic,Monthly,9.99,paypal,North America,0
1067,338,17.0,18,-0.05263157894736842,40.67426035502959,-0.07718416395270858,349,1,21.0,1.0,0.0,1.0479344262295083,1.0,25.76380952380952,541.04,0.0,6,1.2096479665538415,0.2524214347229833,1.0,20.039421813403415,1,5.0,0,Basic,Monthly,9.99,credit_card,North America,0
1068,122,17.0,19,-0.1,41.531967213114754,-0.017274502026117845,127,1,15.0,1.0,3.0,1.9681034482758621,-0.5,28.646,429.69,0.007280355380059273,6,1.1983321743156192,0.23577131638670001,1.0,7.621550591327201,1,2.0,0,Standard,Annual,19.99,apple_pay,Europe,0
1069,242,21.0,19,0.1,27.14917355371901,-0.07070217917675539,248,1,16.0,0.0,3.0,1.2206516290726817,-0.75,30.868125,493.89,0.0,6,1.0837057819883644,0.2438948320323812,1.0,13.107752956636006,1,0.0,0,Basic,Annual,9.99,apple_pay,North America,0
1070,31,7.0,6,0.14285714285714285,15.551612903225807,-0.01717637201508179,33,2,2.0,1.0,1.0,0.5031404958677687,0.0,22.915,45.83,-0.4738353541799617,6,3.0631788253592105,0.2004729462653621,0.7520661157024794,3.9750328515111693,2,0.0,0,Premium,Monthly,39.99,credit_card,Europe,1
1071,65,6.0,13,-0.5,31.616923076923076,-0.05226960110041278,69,4,5.0,1.0,1.0,1.110948905109489,0.0,26.952000000000005,134.76000000000002,-0.8125401929260451,6,1.4805588248069657,0.3259962886642965,1.0,4.50065703022339,4,3.0,0,Basic,Monthly,9.99,credit_card,North America,1
1072,146,12.0,13,-0.07142857142857142,38.522602739726025,-0.041472717869149266,155,1,16.0,0.0,2.0,1.4199416909620992,-0.6666666666666666,27.1275,434.04,0.0,6,1.6929177861539857,0.267443494392124,0.9591836734693877,11.268068331143231,1,3.0,0,Basic,Annual,9.99,paypal,South America,0
1073,209,18.0,20,-0.09523809523809523,33.785167464114835,-0.07845868152274828,214,1,25.0,4.0,0.0,2.393081761006289,4.0,36.892399999999995,922.31,0.0,6,0.8161710456974588,0.25428902883460053,1.0,10.446780551905388,1,2.0,0,Standard,Monthly,19.99,credit_card,Europe,0
1074,301,13.0,13,0.0,25.65016611295681,0.15088576664630424,334,1,49.0,3.0,4.0,1.6853785310734464,-0.2,35.861224489795916,1757.2,1.3465096719932717,6,2.203222989381359,0.2643375850185586,0.9570621468926553,29.07358738501971,1,8.0,0,Premium,Monthly,39.99,apple_pay,Asia,0
1075,75,11.0,14,-0.2,27.272,-0.026179430834757666,76,2,3.0,0.0,0.0,0.7190551181102361,0.0,15.28,45.839999999999996,0.0,6,1.0569376126891865,0.34500598284028,1.0,4.1721419185282524,2,1.0,0,Basic,Monthly,9.99,bank_transfer,Asia,1
1076,504,16.0,17,-0.05555555555555555,23.933531746031747,0.018804112554112445,542,2,71.0,1.0,4.0,2.154775672981057,-0.6,55.61042253521127,3948.34,0.5154603558472967,6,1.3115388603626623,0.24549118279418944,1.0,32.95006570302234,2,0.0,0,Standard,Monthly,19.99,bank_transfer,Asia,0
1077,472,22.0,19,0.15,29.813347457627117,0.021441081495265805,483,1,26.0,0.0,1.0,1.0413684210526317,-0.5,28.05461538461538,729.42,0.0,6,0.9097550100310448,0.2622838042324638,1.0,24.967148488830485,1,9.0,0,Basic,Monthly,9.99,credit_card,North America,0
1078,650,15.0,15,0.0,40.69446153846154,0.062120728201852445,673,1,61.0,4.0,1.0,1.7256877323420077,1.5,33.64065573770492,2052.08,6.350073855243722,6,0.9438109620417191,0.24221002990711687,1.0,35.34822601839684,1,5.0,0,Basic,Monthly,9.99,credit_card,Europe,0
1079,382,17.0,14,0.2,34.29973821989529,-0.04638074907820683,395,1,32.0,3.0,1.0,1.5032098765432098,1.0,27.738125,887.62,3.7560307017543866,6,0.9891788677533561,0.25634367587500373,1.0,21.28777923784494,1,3.0,0,Premium,Monthly,39.99,paypal,Europe,0
1080,312,19.0,16,0.17647058823529413,21.151923076923076,0.009024790803159386,315,1,17.0,0.0,2.0,1.1080942184154177,-0.6666666666666666,25.74705882352941,437.7,0.0,6,0.8467573596303694,0.24984193249107603,1.0,15.341655716162943,1,3.0,0,Basic,Monthly,9.99,credit_card,Europe,1
1081,536,19.0,18,0.05263157894736842,38.703731343283586,-0.07040045293208196,559,1,63.0,1.0,3.0,2.154741573033708,-0.5,31.296507936507936,1971.68,-0.3843952402470252,6,0.9926468522133186,0.2546255445166078,1.0,29.23784494086728,1,1.0,0,Premium,Monthly,39.99,apple_pay,North America,0
1082,379,23.0,24,-0.04,33.7179419525066,0.058459534277805,388,1,27.0,2.0,3.0,1.5362242990654207,-0.25,51.01259259259259,1377.34,4.941320293398534,6,0.7183075796687095,0.2621589863879693,1.0,17.57555847568988,1,3.0,0,Standard,Monthly,19.99,credit_card,Europe,0
1083,414,16.0,20,-0.19047619047619047,32.77077294685991,0.06716307873783534,421,1,29.0,2.0,2.0,1.2905847953216374,0.0,55.827586206896555,1619.0,-0.42822146006859385,6,1.0441416783788429,0.2558954642947461,1.0,22.470433639947437,1,1.0,0,Basic,Monthly,9.99,paypal,North America,0
1084,273,19.0,14,0.3333333333333333,13.310989010989012,0.013204389064534175,281,1,27.0,1.0,2.0,1.6536820925553322,-0.3333333333333333,39.39259259259259,1063.6,-0.8416400225691179,6,1.0996438468257577,0.23494235038844669,1.0,16.327201051248355,1,2.0,0,Basic,Annual,9.99,paypal,North America,0
1085,243,6.0,7,-0.125,33.678189300411525,0.059670781893004114,269,3,31.0,4.0,2.0,1.0157588805166846,0.6666666666666666,41.05032258064516,1272.56,0.8211272359095507,6,2.8900220805238446,0.2564823096173649,0.9117330462863293,30.519053876478317,3,2.0,0,Standard,Monthly,19.99,paypal,Oceania,0
1086,271,13.0,8,0.5555555555555556,41.1309963099631,0.11031568251622288,291,5,30.0,0.0,1.0,1.3857359635811837,-0.5,49.35133333333333,1480.54,0.0,6,1.7599123536875276,0.25194763870424147,0.9666160849772383,21.64914586070959,5,9.0,0,Premium,Annual,39.99,credit_card,North America,0
1087,236,15.0,12,0.23076923076923078,24.99406779661017,0.04190653048591769,244,1,8.0,1.0,1.0,0.5910679611650486,0.0,42.07875,336.63,-0.06144781144781148,6,1.0322322994602402,0.24447595389232685,1.0,13.534822601839684,1,5.0,0,Standard,Annual,19.99,apple_pay,Europe,0
1088,456,15.0,16,-0.058823529411764705,23.24276315789474,-0.11025641025641028,468,1,23.0,2.0,1.0,0.8718804483188045,0.5,57.063478260869566,1312.46,1.2963498373689915,6,1.0631251077007382,0.2544237715838422,1.0,26.379763469119577,1,6.0,0,Basic,Monthly,9.99,paypal,Asia,0
1089,427,14.0,18,-0.21052631578947367,29.903981264637004,0.12661086022689721,449,1,55.0,4.0,0.0,2.5100449775112446,4.0,38.50563636363636,2117.81,0.0,6,0.8245663803260946,0.2584519018238718,1.0,21.911957950065702,1,4.0,0,Basic,Monthly,9.99,apple_pay,South America,0
1090,117,11.0,10,0.09090909090909091,43.96666666666667,-0.11483749411210548,136,1,29.0,5.0,1.0,2.229191919191919,2.0,35.50344827586206,1029.6,21.84191954834157,6,2.5234116612995456,0.2316314927505423,0.98989898989899,13.009198423127463,1,1.0,0,Standard,Monthly,19.99,credit_card,Europe,0
1091,425,20.0,21,-0.045454545454545456,37.97082352941177,0.1412539838195636,444,1,26.0,1.0,0.0,1.019896907216495,1.0,20.26269230769231,526.83,0.0,6,1.1623693999684366,0.2506146936294839,1.0,25.492772667542706,1,18.0,0,Basic,Monthly,9.99,paypal,North America,0
1092,187,15.0,8,0.7777777777777778,29.081283422459894,-0.10659369298931462,193,3,13.0,2.0,0.0,0.6251500789889415,2.0,34.347692307692306,446.52,0.0,6,2.8950332083564976,0.25597245988544765,0.928909952606635,20.795006570302235,3,1.0,0,Premium,Monthly,39.99,bank_transfer,Asia,0
1093,741,16.0,23,-0.2916666666666667,15.762348178137652,-0.01711894496576207,750,4,33.0,0.0,3.0,0.9190484903934126,-0.75,35.15515151515151,1160.12,0.0,6,0.7907054330056327,0.25880079800792233,0.9990850869167429,35.90670170827858,4,15.0,0,Basic,Monthly,9.99,apple_pay,Europe,0
1094,208,12.0,14,-0.13333333333333333,41.87692307692308,-0.06859983429991712,228,2,28.0,2.0,3.0,1.7905882352941178,-0.25,31.72392857142857,888.27,-0.605400049541739,6,1.5142945515230406,0.2615388436987925,1.0,15.637319316688567,2,2.0,0,Basic,Monthly,9.99,paypal,Asia,0
1095,636,20.0,16,0.23529411764705882,12.836477987421384,0.11311232063334975,671,1,85.0,1.0,2.0,2.536666666666667,-0.3333333333333333,40.298352941176475,3425.36,-0.8985134027859065,6,0.8994330241062231,0.25284297814098894,1.0,33.50854139290407,1,4.0,0,Premium,Monthly,39.99,paypal,Asia,0
1096,94,6.0,5,0.16666666666666666,27.168085106382982,-0.22071392659627947,104,13,15.0,1.0,2.0,1.6543478260869564,-0.3333333333333333,55.668,835.02,-0.8748470547107149,6,1.7310063602503338,0.3184416248018888,0.9384057971014492,9.067017082785808,13,3.0,0,Basic,Monthly,9.99,credit_card,Europe,1
1097,25,7.0,13,-0.42857142857142855,13.524000000000001,0.06450868829770864,27,3,5.0,0.0,2.0,1.7494252873563219,-0.6666666666666666,14.048000000000002,70.24000000000001,0.0,6,2.2453370485382504,0.2716177938533089,0.9655172413793103,2.8580814717477003,3,0.0,0,Basic,Annual,9.99,credit_card,North America,0
1098,434,9.0,14,-0.3333333333333333,24.322580645161292,0.06617240594413563,463,1,69.0,0.0,4.0,2.3030263157894737,-0.8,29.27449275362319,2019.94,0.0,6,1.4659062473789222,0.26447587355216773,0.9901315789473685,29.96057818659658,1,10.0,0,Standard,Annual,19.99,credit_card,Europe,0
1099,216,10.0,9,0.1,24.974537037037038,-0.14827736589620588,230,6,30.0,0.0,0.0,1.6336314847942754,0.0,34.234,1027.02,0.0,6,1.6694032539781574,0.26037937942231876,0.9892665474060822,18.363994743758212,6,0.0,0,Basic,Annual,9.99,bank_transfer,Europe,0
1100,378,19.0,16,0.17647058823529413,16.61031746031746,-0.024586200483540963,386,1,31.0,3.0,0.0,1.5993898305084746,3.0,33.51903225806451,1039.09,0.0,6,0.8925421522295146,0.23637191725386517,1.0,19.38239159001314,1,2.0,0,Basic,Annual,9.99,paypal,Europe,0
1101,380,19.0,21,-0.09090909090909091,39.14236842105263,-0.22155734201450886,384,1,15.0,0.0,1.0,0.7712837837837838,-0.5,22.134,332.01,0.0,6,0.9224358325430142,0.2699864550105694,1.0,19.44809461235217,1,3.0,0,Standard,Monthly,19.99,credit_card,South America,0
1102,233,6.0,13,-0.5,14.690128755364807,-0.10897792617325165,267,18,43.0,2.0,1.0,2.3085008818342154,0.5,25.113720930232557,1079.8899999999999,-0.4218125564006703,6,1.5087957935958698,0.26911107231023806,0.9629629629629629,18.626806833114323,18,12.0,0,Premium,Annual,39.99,paypal,North America,1
1103,240,2.0,10,-0.7272727272727273,11.765833333333335,-0.7027506654835848,266,7,37.0,0.0,1.0,1.7820886075949367,-0.5,41.58135135135135,1538.51,0.0,6,1.9975685620502444,0.2522104768098067,0.9636075949367088,20.76215505913272,7,2.0,0,Standard,Annual,19.99,credit_card,Asia,1
1104,252,8.0,10,-0.18181818181818182,38.135714285714286,0.16161253233687847,276,1,45.0,2.0,1.0,2.2345840130505707,0.5,31.657555555555554,1424.59,0.30581717451523543,6,1.5747425822648422,0.2616545385734167,0.9934747145187602,20.13797634691196,1,1.0,0,Standard,Annual,19.99,credit_card,Europe,0
1105,462,21.0,22,-0.043478260869565216,15.02878787878788,0.05326320890523206,468,1,17.0,0.0,1.0,0.7456484149855909,-0.5,28.11470588235294,477.95,0.0,6,0.8031527055363525,0.24361177956939173,1.0,22.798948751642573,1,6.0,0,Basic,Monthly,9.99,credit_card,South America,0
1106,116,11.0,11,0.0,20.33534482758621,0.04450149764655541,128,2,18.0,1.0,1.0,2.021845018450185,0.0,43.93,790.74,21.64543524416136,6,1.417656087139023,0.26300629297753214,1.0,8.902759526938238,2,0.0,0,Basic,Monthly,9.99,credit_card,North America,0
1107,249,25.0,20,0.23809523809523808,35.737349397590364,-0.030995195607412433,255,1,14.0,2.0,2.0,1.2683333333333333,0.0,57.503571428571426,805.05,-0.8601156069364162,6,0.6323595669329527,0.2330962163711323,1.0,11.038107752956636,1,7.0,0,Standard,Annual,19.99,paypal,North America,0
1108,105,8.0,9,-0.1,32.720952380952376,0.05334652752788773,115,9,11.0,1.0,1.0,0.8107506053268765,0.0,28.38272727272727,312.21,0.7287581699346405,6,3.1118965303373343,0.27593644644264886,0.8983050847457628,13.567674113009199,9,2.0,0,Standard,Monthly,19.99,bank_transfer,Europe,0
1109,376,18.0,21,-0.13636363636363635,39.08723404255319,-0.10879124684048337,394,2,41.0,1.0,1.0,2.0459672131147544,0.0,48.65243902439025,1994.75,-0.8618321726002045,6,1.0093682794810712,0.23524983254858045,1.0,20.039421813403415,2,5.0,0,Standard,Monthly,19.99,credit_card,North America,0
1110,61,22.0,21,0.045454545454545456,28.17377049180328,0.19004825394690372,61,1,3.0,1.0,1.0,1.061860465116279,0.0,9.933333333333334,29.8,1.3526970954356847,6,0.7874366623260193,0.26796831243093555,1.0,2.8252299605781865,1,0.0,0,Standard,Monthly,19.99,credit_card,Asia,0
1111,734,26.0,17,0.5,27.28841961852861,-0.07554349473939544,753,1,46.0,1.0,0.0,1.3147793427230048,1.0,31.35782608695652,1442.46,0.0,6,0.7462355118587801,0.24517474473194645,1.0,34.98685939553219,1,6.0,0,Basic,Monthly,9.99,credit_card,South America,0
1112,272,12.0,11,0.08333333333333333,34.53970588235294,0.015947151392746037,296,1,26.0,0.0,0.0,1.1883483483483486,0.0,45.809615384615384,1191.05,0.0,6,1.521876295870701,0.24840955174690113,0.9984984984984986,21.879106438896187,1,5.0,0,Premium,Monthly,39.99,credit_card,Europe,0
1113,83,7.0,5,0.3333333333333333,31.18433734939759,0.06571611370075842,99,3,31.0,4.0,2.0,3.3822222222222225,0.6666666666666666,40.6541935483871,1260.28,-0.4752655538694992,6,2.0120612540916105,0.26248496015297346,0.9784946236559141,9.165571616294349,3,1.0,0,Standard,Monthly,19.99,apple_pay,Europe,0
1114,91,9.0,8,0.1111111111111111,28.35054945054945,-0.03792711269346779,100,2,12.0,0.0,2.0,1.1898371335504887,-0.6666666666666666,44.30583333333333,531.67,0.0,6,2.4151654433471843,0.28142326134836726,1.0,10.085413929040735,2,0.0,0,Premium,Monthly,39.99,credit_card,Asia,0
1115,64,21.0,24,-0.12,36.121875,-0.06277079639195114,65,2,1.0,0.0,1.0,0.34202247191011237,-0.5,24.0,24.0,0.0,6,0.6265852910690827,0.2668465936992003,1.0,2.923784494086728,2,3.0,0,Basic,Monthly,9.99,credit_card,North America,1
1116,20,6.0,14,-0.5333333333333333,15.944999999999999,-0.21024223275408108,20,1,0.0,0.0,0.0,0.0,0.0,0.0,0.0,0.0,6,2.0675719579181737,0.3724586323586864,1.0,1.8725361366622864,1,0.0,0,Standard,Monthly,19.99,credit_card,Asia,1
1117,232,14.0,18,-0.21052631578947367,13.90301724137931,-0.07911990921699653,236,5,23.0,0.0,5.0,2.0234682080924857,-0.8333333333333334,32.37913043478261,744.72,0.0,6,0.9107269247975438,0.27837792255241395,0.9710982658959537,11.366622864651774,5,3.0,0,Standard,Annual,19.99,bank_transfer,Asia,0
1118,368,21.0,16,0.29411764705882354,18.35679347826087,-0.05629897528631717,371,2,22.0,1.0,1.0,1.1666898954703833,0.0,48.80045454545455,1073.6100000000001,1.7867647058823528,6,0.9424049827657883,0.26168115230927863,1.0,18.85676741130092,2,5.0,0,Basic,Annual,9.99,apple_pay,South America,0
1119,184,18.0,22,-0.17391304347826086,12.266304347826088,0.006238756841581575,203,1,31.0,2.0,0.0,2.5642391304347827,2.0,31.62451612903226,980.36,0.0,6,1.1621525255684337,0.25184680505031665,0.9891304347826088,12.089356110381077,1,4.0,0,Premium,Monthly,39.99,credit_card,North America,0
1120,34,11.0,12,-0.07692307692307693,27.105882352941176,-0.40605687760409387,39,3,5.0,2.0,1.0,1.9025,0.5,19.808,99.04,2.499402628434886,6,1.283720145162218,0.6321554160313277,1.0,2.628120893561104,3,2.0,0,Basic,Monthly,9.99,credit_card,South America,1
1121,177,6.0,3,0.75,12.457062146892655,0.06535947712418312,203,9,33.0,1.0,2.0,2.247248322147651,-0.3333333333333333,39.36575757575758,1299.07,-0.7088507265521796,6,1.9618360154959333,0.2558879785195958,0.9395973154362417,14.684625492772668,9,7.0,0,Standard,Monthly,19.99,credit_card,North America,1
1122,233,7.0,7,0.0,28.763948497854077,-0.10722197607443505,268,4,48.0,0.0,3.0,1.9960655737704918,-0.75,24.531875,1177.53,0.0,6,2.1973728685188227,0.23982059637775935,0.9754098360655737,24.0473061760841,4,4.0,0,Standard,Annual,19.99,bank_transfer,North America,0
1123,143,11.0,12,-0.07692307692307693,31.227272727272727,-0.34994303402910637,160,2,25.0,2.0,1.0,1.9512820512820515,0.5,34.016400000000004,850.4100000000001,1.762549614756012,6,1.9955367761377885,0.26369839445473175,0.9692307692307692,12.81208935611038,2,7.0,0,Standard,Monthly,19.99,credit_card,Europe,0
1124,393,9.0,12,-0.23076923076923078,39.992111959287534,0.033076923076923,414,2,32.0,1.0,3.0,1.083515016685206,-0.5,32.7303125,1047.37,1.4666166541635408,6,1.6459243524037708,0.2537392254150316,0.988876529477197,29.5335085413929,2,9.0,0,Premium,Monthly,39.99,paypal,North America,0
1125,264,7.0,15,-0.5,21.30606060606061,0.16330616330616315,308,3,54.0,3.0,2.0,1.9292957746478874,0.3333333333333333,33.67981481481482,1818.71,-0.35158528553956153,6,2.213806422698141,0.23314724318571578,0.9612676056338029,27.989487516425754,3,6.0,0,Standard,Monthly,19.99,bank_transfer,North America,0
1126,344,15.0,14,0.06666666666666667,26.195058139534886,-0.041887905604719805,364,1,33.0,3.0,0.0,1.2812755102040816,3.0,48.74787878787879,1608.68,0.0,6,1.459736676418934,0.2344154656975302,0.9910714285714286,25.755584756898816,1,8.0,0,Basic,Monthly,9.99,credit_card,North America,0
1127,401,23.0,19,0.2,35.479800498753114,-0.08509504884121807,404,1,13.0,0.0,0.0,0.6894076655052266,0.0,59.447692307692314,772.82,0.0,6,0.7402565126058607,0.2458173858525538,1.0,18.85676741130092,1,5.0,0,Premium,Monthly,39.99,paypal,South America,0
1128,525,15.0,9,0.6,16.144571428571428,-0.03218673218673211,557,1,60.0,1.0,0.0,1.6740604949587534,1.0,43.4805,2608.83,0.0,6,1.4588218721900081,0.24096665213348606,1.0,35.84099868593955,1,7.0,0,Standard,Monthly,19.99,credit_card,Europe,0
1129,81,14.0,18,-0.21052631578947367,20.923456790123456,-0.026343190337359535,86,4,7.0,2.0,2.0,1.401842105263158,0.0,14.414285714285715,100.9,-0.16963717377466578,6,1.2359008780610834,0.2712148728603993,1.0,4.993429697766097,4,1.0,0,Premium,Annual,39.99,bank_transfer,Asia,0
1130,151,10.0,9,0.1,20.428476821192053,-0.0010542168674698839,166,1,19.0,1.0,2.0,1.4037864077669904,-0.3333333333333333,57.212105263157895,1087.03,0.19495772001252745,6,1.992725128262073,0.22485310983688547,1.0,13.534822601839684,1,3.0,0,Standard,Monthly,19.99,credit_card,Europe,0
1131,233,5.0,11,-0.5,17.827467811158797,-0.005451127819548872,242,6,24.0,0.0,1.0,1.2907420494699648,-0.5,38.29833333333333,919.16,0.0,6,1.776771124630932,0.25258931124514283,0.9770318021201413,18.593955321944808,6,1.0,0,Basic,Monthly,9.99,apple_pay,Europe,0
1132,368,15.0,19,-0.2,18.604347826086954,0.06964496504131487,394,2,53.0,4.0,3.0,1.9508101571946797,0.25,33.2877358490566,1764.25,-0.3584203748748033,6,1.5497831805563036,0.24522090915757297,0.9987908101571947,27.16819973718791,2,6.0,0,Basic,Monthly,9.99,credit_card,Europe,0
1133,52,20.0,11,0.75,18.021153846153847,-0.10083476027397258,53,1,3.0,1.0,0.0,0.9224242424242425,1.0,27.663333333333338,82.99000000000001,0.0,6,1.0223741334649858,0.24850155253268896,1.0,3.252299605781866,1,0.0,0,Basic,Monthly,9.99,credit_card,Asia,0
1134,134,9.0,11,-0.16666666666666666,24.5544776119403,0.0007987858455149807,174,2,42.0,2.0,3.0,2.4491954022988507,-0.25,52.53380952380952,2206.42,-0.6195071065327944,6,2.453040613972291,0.23559445922356456,0.9386973180076629,17.1484888304862,2,5.0,0,Premium,Monthly,39.99,credit_card,North America,0
1135,327,18.0,18,0.0,40.73180428134556,-0.02787273205364201,346,1,38.0,1.0,1.0,1.9278666666666666,0.0,42.39710526315789,1611.09,4.13193588162762,6,1.0803028573348732,0.24389800782195295,1.0,19.71090670170828,1,6.0,0,Basic,Annual,9.99,paypal,South America,0
1136,84,15.0,11,0.3333333333333333,38.477380952380955,-0.02206410809256846,90,2,7.0,0.0,1.0,1.0600995024875621,-0.5,63.121428571428574,441.85,0.0,6,1.9887323047045025,0.2393706995475712,0.9402985074626865,6.603153745072273,2,4.0,0,Basic,Annual,9.99,credit_card,North America,1
1137,243,9.0,12,-0.23076923076923078,14.768724279835391,-0.0431848852901484,295,1,70.0,4.0,5.0,2.8222516556291395,-0.16666666666666666,42.14242857142857,2949.97,-0.526034776034776,6,2.0340716483093124,0.2523836722223769,0.9827814569536424,24.802890932982915,1,7.0,0,Premium,Annual,39.99,credit_card,South America,0
1138,179,8.0,14,-0.4,21.064245810055866,-0.1948418674698795,204,2,41.0,3.0,4.0,2.8690574712643677,-0.2,31.559512195121954,1293.94,0.25839851024208565,6,1.9080455852576372,0.2704881885835284,0.9977011494252873,14.290407358738502,2,7.0,0,Standard,Monthly,19.99,paypal,Asia,1
1139,311,17.0,24,-0.28,34.518649517684885,0.027021945840413557,329,2,33.0,0.0,3.0,1.9354913294797689,-0.75,51.24787878787879,1691.18,0.0,6,1.0319719291263025,0.28094195814148204,0.998073217726397,17.04993429697766,2,7.0,0,Standard,Annual,19.99,bank_transfer,Europe,0
1140,560,17.0,20,-0.14285714285714285,17.997142857142858,-0.00016245514022835396,572,3,40.0,0.0,1.0,1.4043829296424453,-0.5,35.013999999999996,1400.56,0.0,6,0.8631602552973617,0.2387286886678359,1.0,28.48226018396846,3,4.0,0,Standard,Monthly,19.99,paypal,Asia,0
1141,249,8.0,14,-0.4,41.063855421686746,0.03693283315469821,276,5,43.0,1.0,2.0,2.2185084745762715,-0.3333333333333333,35.79581395348837,1539.22,0.28461538461538466,6,1.6103513858572343,0.2503031788671074,0.9847457627118643,19.38239159001314,5,6.0,0,Basic,Monthly,9.99,credit_card,North America,0
1142,155,6.0,9,-0.3,23.71161290322581,0.2563502673796792,170,13,23.0,1.0,1.0,1.628186046511628,0.0,48.67739130434782,1119.58,1.6648706896551726,6,1.7961599250040277,0.2672221878544293,0.9604651162790697,14.126149802890932,13,1.0,0,Basic,Monthly,9.99,bank_transfer,Asia,1
1143,372,14.0,11,0.25,41.71236559139785,0.06160968660968662,398,1,44.0,4.0,3.0,1.6393635250917993,0.25,53.65340909090909,2360.75,0.23131940523244884,6,1.4318607382182345,0.2562628704428234,1.0,26.839684625492772,1,7.0,0,Basic,Monthly,9.99,credit_card,North America,0
1144,484,12.0,16,-0.23529411764705882,18.8198347107438,0.01160092807424594,521,1,67.0,2.0,2.0,1.9313257575757574,0.0,37.15223880597015,2489.2,0.5926853707414829,6,1.4215295486186597,0.2561381077679695,1.0,34.69119579500657,1,8.0,0,Basic,Monthly,9.99,apple_pay,North America,0
1145,74,15.0,19,-0.2,15.233783783783784,-0.04772039645279091,75,2,4.0,1.0,1.0,1.0406837606837607,0.0,53.6475,214.59,3.0827814569536423,6,0.848043679412671,0.20929447669709772,1.0,3.843626806833114,2,0.0,0,Standard,Monthly,19.99,paypal,North America,1
1146,394,11.0,10,0.09090909090909091,43.140862944162436,0.021944965982274366,450,2,77.0,1.0,3.0,2.423867631851086,-0.5,35.92363636363636,2766.12,-0.7821357119039679,6,1.5605360708768614,0.2462936473398809,0.984488107549121,31.76741130091984,2,5.0,0,Standard,Monthly,19.99,credit_card,Europe,0
1147,652,17.0,20,-0.14285714285714285,40.34509202453988,0.05426103959589378,682,1,78.0,1.0,1.0,2.3461660079051385,0.0,38.32589743589744,2989.42,-0.6279238003375934,6,0.8472169887749711,0.2447136154342235,1.0,33.24572930354796,1,5.0,0,Premium,Annual,39.99,apple_pay,North America,0
1148,86,14.0,13,0.07142857142857142,29.684883720930234,0.09737865651081741,94,3,15.0,3.0,3.0,2.317766497461929,0.0,25.590666666666667,383.86,-0.17095860860186057,6,1.6128284227628251,0.23172476889564317,0.9949238578680203,6.471747700394218,3,3.0,0,Basic,Annual,9.99,credit_card,Europe,0
1149,682,20.0,22,-0.08695652173913043,19.05,0.07241699558857656,706,1,81.0,1.0,3.0,2.4705811623246494,-0.5,37.92975308641975,3072.31,-0.9549085659287776,6,0.7843082469135841,0.26293470682093995,1.0,32.78580814717477,1,5.0,0,Premium,Monthly,39.99,credit_card,North America,0
1150,205,5.0,11,-0.5,44.57414634146342,-0.32533333333333325,223,1,24.0,0.0,1.0,1.075935198821797,-0.5,52.850833333333334,1268.42,0.0,6,2.6794298839256676,0.2645475757891001,0.9278350515463918,22.306176084099867,1,1.0,0,Basic,Monthly,9.99,credit_card,North America,1
1151,294,7.0,7,0.0,45.6061224489796,-0.1779321399946568,312,2,29.0,2.0,1.0,1.0687167070217918,0.5,32.748620689655176,949.71,1.4025821596244135,6,2.0723857505035475,0.2626478949429891,0.9661016949152542,27.135348226018397,2,4.0,0,Standard,Monthly,19.99,credit_card,Oceania,0
1152,394,21.0,19,0.1,20.43020304568528,-0.0797103951563705,406,1,27.0,1.0,0.0,1.1741142857142857,1.0,37.02962962962963,999.8000000000001,0.0,6,1.0951940216210547,0.2485633800577188,1.0,22.996057818659658,1,4.0,0,Premium,Annual,39.99,bank_transfer,Europe,0
1153,54,12.0,11,0.08333333333333333,15.85925925925926,0.017338116261957408,59,1,8.0,1.0,1.0,1.4758787878787878,0.0,22.47125,179.77,-0.5515398320183252,6,2.2513691471863515,0.2268166113130588,1.0,5.4204993429697765,1,0.0,0,Standard,Monthly,19.99,paypal,Oceania,0
1154,649,19.0,21,-0.09090909090909091,37.285208012326656,0.1183091629314432,667,1,43.0,1.0,0.0,1.2130861909175163,1.0,39.84046511627907,1713.1399999999999,0.0,6,1.0471078171063892,0.25440921701124514,1.0,35.446780551905384,1,5.0,0,Premium,Annual,39.99,bank_transfer,North America,0
1155,239,19.0,24,-0.2,42.28535564853557,0.028946383179963966,244,1,20.0,4.0,0.0,1.7595375722543354,4.0,33.075,661.5,0.0,6,0.7956108552531401,0.22460464342030284,1.0,11.366622864651774,1,0.0,0,Standard,Annual,19.99,paypal,Europe,0
1156,144,12.0,7,0.625,18.69236111111111,-0.09812822237166535,154,3,12.0,2.0,0.0,0.7657861635220126,2.0,68.98583333333333,827.83,0.0,6,2.109999616875068,0.26381318209995747,0.9832285115303984,15.670170827858081,3,1.0,0,Standard,Annual,19.99,bank_transfer,North America,0
1157,268,15.0,18,-0.15789473684210525,16.76529850746269,-0.18923453337993715,295,4,41.0,4.0,2.0,2.185709281961471,0.6666666666666666,24.92853658536585,1022.0699999999999,0.8923387096774192,6,1.2475789746716501,0.2788410805032122,1.0,18.758212877792378,4,7.0,0,Basic,Monthly,9.99,credit_card,South America,1
1158,39,3.0,14,-0.7333333333333333,33.96666666666667,-0.40772585669781924,42,8,3.0,0.0,0.0,0.6297931034482759,0.0,138.88333333333333,416.65,0.0,6,3.9052809773683532,0.28136121285110754,0.7724137931034483,4.763469119579501,8,1.0,0,Standard,Annual,19.99,bank_transfer,Europe,1
1159,294,12.0,13,-0.07142857142857142,29.36904761904762,0.10647021717581345,349,1,70.0,0.0,1.0,2.633868974042027,-0.5,28.830714285714286,2018.15,0.0,6,1.638824720323629,0.23840085091262778,1.0,26.576872536136662,1,8.0,0,Premium,Monthly,39.99,credit_card,North America,0
1160,490,14.0,9,0.5,16.526938775510203,-0.0979746624437407,517,1,61.0,2.0,0.0,1.8439324726911621,2.0,36.74524590163934,2241.46,0.0,6,1.3478405665434061,0.25895070057025393,1.0,33.08147174770039,1,8.0,0,Standard,Monthly,19.99,credit_card,North America,0
1161,368,22.0,19,0.15,24.32445652173913,-0.026632571408690842,382,1,38.0,3.0,0.0,2.091717902350814,3.0,35.2428947368421,1339.23,0.0,6,0.8433204555801043,0.23898447211235355,1.0,18.166885676741128,1,3.0,0,Premium,Monthly,39.99,paypal,North America,0
1162,173,19.0,13,0.42857142857142855,21.926589595375724,0.05234697403996646,180,1,20.0,0.0,1.0,2.1665480427046266,-0.5,37.445499999999996,748.91,0.0,6,0.8211090512650708,0.27452098145096115,1.0,9.231274638633376,1,0.0,0,Standard,Monthly,19.99,paypal,Europe,0
1163,231,9.0,11,-0.16666666666666666,32.73073593073593,-0.018157674432031475,255,4,40.0,1.0,2.0,2.221897810218978,-0.3333333333333333,39.067,1562.68,-0.9716296389800555,6,1.5126575804565126,0.24587470815461746,0.9963503649635036,18.00262812089356,4,3.0,0,Premium,Monthly,39.99,credit_card,Asia,0
1164,254,13.0,16,-0.17647058823529413,38.22362204724409,0.029629538065983674,264,1,34.0,2.0,4.0,2.3468480725623584,-0.4,46.27088235294118,1573.21,0.8401302527523649,6,0.98049357993351,0.2513640780187135,1.0,14.487516425755585,1,0.0,0,Premium,Monthly,39.99,apple_pay,Europe,0
1165,175,14.0,9,0.5,29.66457142857143,0.08486669170108893,186,2,15.0,2.0,0.0,1.0035164835164836,2.0,22.519333333333332,337.78999999999996,0.0,6,1.7189070940920164,0.24681725703726212,1.0,14.947437582128778,2,2.0,0,Basic,Annual,9.99,apple_pay,Oceania,0
1166,721,23.0,18,0.2631578947368421,20.039389736477116,-0.03817105531741155,738,1,47.0,1.0,1.0,1.3101465201465203,0.0,39.04808510638298,1835.26,0.018850574712643686,6,0.8258433780783877,0.25050299477716015,1.0,35.873850197109064,1,7.0,0,Premium,Monthly,39.99,bank_transfer,Europe,0
1167,630,18.0,18,0.0,19.42111111111111,-0.09804866297277787,674,2,86.0,1.0,2.0,2.4955576739752146,-0.3333333333333333,31.08662790697674,2673.45,3.5221025786341746,6,0.8661632656733679,0.2453979683635257,1.0,34.46123521681997,2,4.0,0,Basic,Monthly,9.99,credit_card,Europe,0
1168,137,15.0,11,0.3333333333333333,35.9058394160584,0.07518216135545623,145,2,18.0,4.0,3.0,1.8764383561643836,0.25,46.08055555555555,829.4499999999999,1.0806385169927908,6,1.5051710917832615,0.23978280148431436,1.0,9.592641261498029,2,0.0,0,Basic,Annual,9.99,credit_card,Europe,0
1169,162,18.0,19,-0.05,28.438271604938272,0.044117947148250215,169,1,16.0,1.0,2.0,1.8660536398467433,-0.3333333333333333,54.056875,864.91,-0.8884359903381642,6,0.9273587747576694,0.2664269713013584,1.0,8.5742444152431,1,1.0,0,Standard,Monthly,19.99,credit_card,Europe,0
1170,72,4.0,9,-0.5,43.486111111111114,-0.1381298571070443,78,5,7.0,1.0,2.0,0.8626720647773279,-0.3333333333333333,33.465714285714284,234.26,-0.5691088096151388,6,2.5634797778466227,0.2475102114608393,0.8785425101214576,8.114323258869907,5,2.0,0,Standard,Monthly,19.99,bank_transfer,Europe,0
1171,198,19.0,19,0.0,38.7459595959596,0.06200860406467871,203,1,15.0,4.0,1.0,1.4824675324675325,1.5,25.283333333333335,379.25,9.522214627477785,6,0.8822614698697255,0.23904142868354614,1.0,10.11826544021025,1,1.0,0,Basic,Monthly,9.99,bank_transfer,Asia,1
1172,329,8.0,13,-0.35714285714285715,18.337386018237083,-0.08372069523039612,364,3,48.0,0.0,4.0,1.469939637826962,-0.8,31.56041666666667,1514.9,0.0,6,2.058535659339785,0.24359230224101974,0.9577464788732394,32.65440210249671,3,3.0,0,Basic,Monthly,9.99,bank_transfer,North America,0
1173,93,16.0,19,-0.15,32.97204301075269,0.07520904970303227,99,3,10.0,2.0,0.0,1.6725274725274726,2.0,28.211000000000002,282.11,0.0,6,1.3162388637614029,0.24729349260645905,1.0,5.978975032851511,3,2.0,0,Basic,Monthly,9.99,credit_card,North America,0
1174,52,15.0,14,0.06666666666666667,42.50961538461539,-0.046340265269363044,55,1,3.0,1.0,1.0,0.9414432989690722,0.0,24.106666666666666,72.32,-0.1358024691358025,6,1.1271380800826165,0.27496156854657805,1.0,3.1865965834428382,1,0.0,0,Basic,Annual,9.99,credit_card,North America,0
1175,320,22.0,19,0.15,39.1096875,0.15383675464320637,334,1,32.0,1.0,1.0,1.887751937984496,0.0,38.125,1220.0,-0.6366774045098942,6,0.8722955082255883,0.24256466131254004,1.0,16.95137976346912,1,5.0,0,Premium,Annual,39.99,bank_transfer,Europe,0
1176,79,7.0,9,-0.2,28.024050632911393,0.2601954633204632,80,1,2.0,0.0,0.0,0.23325670498084292,0.0,160.1,320.2,0.0,6,2.5855062528597292,0.2288624044326363,0.9923371647509579,8.5742444152431,1,1.0,0,Basic,Annual,9.99,bank_transfer,North America,0
1177,408,13.0,12,0.07692307692307693,20.143382352941178,-0.019430396593026283,431,1,40.0,0.0,2.0,1.2237185929648242,-0.6666666666666666,30.796249999999997,1231.85,0.0,6,1.595067476901264,0.25261445295782614,0.9919597989949749,32.68725361366623,1,7.0,0,Premium,Monthly,39.99,credit_card,North America,0
1178,164,15.0,11,0.3333333333333333,18.7390243902439,0.09193333333333334,174,1,19.0,2.0,0.0,1.5932782369146008,2.0,39.11578947368421,743.2,0.0,6,1.5879257751041835,0.22324198355739952,1.0,11.925098554533507,1,1.0,0,Premium,Monthly,39.99,credit_card,Europe,0
1179,26,11.0,15,-0.25,37.16153846153846,-0.333933393339334,27,6,2.0,0.0,2.0,1.0496551724137932,-0.6666666666666666,17.365,34.73,0.0,6,1.2649110640673518,0.40683958955628907,0.9655172413793103,1.9053876478318001,6,1.0,0,Premium,Monthly,39.99,credit_card,North America,1
1180,683,19.0,18,0.05263157894736842,36.384919472913616,0.052986706914502676,711,1,57.0,2.0,2.0,1.658776290630975,0.0,43.20982456140351,2462.96,1.0370909090909088,6,0.8555276332986166,0.24965007482498122,1.0,34.36268068331143,1,16.0,0,Basic,Monthly,9.99,bank_transfer,North America,0
1181,475,12.0,16,-0.23529411764705882,26.682526315789474,0.025526862570495763,507,1,74.0,1.0,1.0,2.376118143459916,0.0,25.048243243243242,1853.57,-0.17457114026236129,6,1.2685457469620718,0.24492745144327954,1.0,31.143232588699078,1,11.0,0,Basic,Monthly,9.99,credit_card,North America,0
1182,393,5.0,17,-0.6666666666666666,31.260559796437658,0.018524806640256568,411,19,26.0,0.0,1.0,0.8764562569213733,-0.5,28.01923076923077,728.5,0.0,6,1.6083596984362478,0.24458434860873488,0.9534883720930233,29.664914586070957,19,4.0,0,Standard,Monthly,19.99,paypal,Europe,1
1183,191,11.0,7,0.5,38.61675392670157,-0.03804039741026929,193,5,7.0,0.0,0.0,0.4375359342915811,0.0,36.74714285714286,257.23,0.0,6,1.9171313648670687,0.24939114356377778,0.9630390143737166,15.99868593955322,5,3.0,0,Standard,Monthly,19.99,bank_transfer,North America,0
1184,464,16.0,18,-0.10526315789473684,39.557543103448275,0.03592029365495551,478,1,39.0,2.0,0.0,1.421748502994012,2.0,25.773589743589742,1005.17,0.0,6,1.1262820153301427,0.2639480773525854,1.0,27.43101182654402,1,10.0,0,Premium,Monthly,39.99,credit_card,North America,0
1185,326,12.0,14,-0.13333333333333333,26.02883435582822,-0.14432135051624098,350,3,26.0,4.0,0.0,1.027844155844156,4.0,28.82807692307692,749.53,0.0,6,1.6701836883047467,0.26642357674785144,0.9818181818181818,25.29566360052562,3,7.0,0,Premium,Monthly,39.99,credit_card,Europe,0
1186,202,11.0,16,-0.29411764705882354,30.687623762376237,-0.09996357391892592,223,6,32.0,3.0,1.0,2.2290160183066363,1.0,37.953125,1214.5,-0.3590538968592477,6,1.3390054030533471,0.24504290707985787,1.0,14.35611038107753,6,1.0,0,Standard,Monthly,19.99,paypal,Europe,0
1187,570,13.0,14,-0.06666666666666667,19.79859649122807,-0.06119861016003456,611,1,65.0,1.0,0.0,1.8543580131208997,1.0,47.00615384615385,3055.4,0.0,6,1.0794054631448096,0.2439698706865777,1.0,35.05256241787122,1,9.0,0,Standard,Monthly,19.99,credit_card,Oceania,0
1188,267,6.0,18,-0.631578947368421,31.469662921348313,-0.21933842239185752,272,14,26.0,3.0,2.0,1.9786000000000001,0.3333333333333333,41.65346153846154,1082.99,-0.27542313610295144,6,0.7606022516123997,0.2430695469760821,0.98,13.140604467805518,14,6.0,0,Basic,Annual,9.99,credit_card,Oceania,1
1189,212,18.0,15,0.1875,43.262264150943395,0.14658153764299012,227,4,28.0,4.0,0.0,2.0839119804400976,4.0,50.69392857142857,1419.43,0.0,6,1.2278719870243695,0.23938649980015267,1.0,13.436268068331144,4,4.0,0,Standard,Monthly,19.99,credit_card,Asia,0
1190,527,18.0,15,0.1875,30.81878557874763,-0.01540924554732846,551,2,67.0,1.0,0.0,2.4631400966183574,1.0,34.7344776119403,2327.21,0.0,6,0.8530436045654103,0.24729683908183958,1.0,27.201051248357423,2,7.0,0,Basic,Monthly,9.99,paypal,North America,0
1191,386,15.0,17,-0.1111111111111111,11.826165803108807,-0.05830303030303026,413,5,61.0,2.0,1.0,2.4209126466753585,0.5,39.91622950819672,2434.89,3.626016260162601,6,1.3478557386622727,0.2502705487729968,1.0,25.19710906701708,5,3.0,0,Basic,Monthly,9.99,paypal,Europe,0
1192,406,13.0,10,0.2727272727272727,30.942364532019706,0.12784776199410355,442,1,71.0,1.0,2.0,2.326415500538213,-0.3333333333333333,44.29943661971831,3145.2599999999998,-0.9076399790685504,6,1.5848729616847674,0.24046164534578204,0.9870828848223896,30.519053876478317,1,1.0,0,Basic,Annual,9.99,credit_card,North America,0
1193,60,12.0,11,0.08333333333333333,44.80166666666666,-0.040259422418012676,62,1,0.0,0.0,0.0,0.0,0.0,0.0,0.0,0.0,6,1.7475978829970409,0.2609695358071137,1.0,5.059132720105125,1,2.0,0,Standard,Monthly,19.99,credit_card,Europe,0
1194,468,6.0,10,-0.36363636363636365,26.160042735042733,-0.4459815546772069,486,6,39.0,0.0,2.0,1.4251620648259304,-0.6666666666666666,25.40692307692308,990.87,0.0,6,1.314915320626193,0.2523838274035145,0.9747899159663865,27.365308804204993,6,8.0,0,Basic,Monthly,9.99,paypal,North America,1
1195,215,19.0,17,0.1111111111111111,41.34511627906977,0.10745678402051503,216,2,5.0,0.0,0.0,0.46121212121212124,0.0,29.195999999999998,145.98,0.0,6,0.9111352012313224,0.259649327155961,1.0,10.840998685939553,2,3.0,0,Standard,Monthly,19.99,paypal,Asia,0
1196,82,17.0,18,-0.05263157894736842,43.074390243902435,0.13888784534122775,82,1,1.0,0.0,1.0,0.20429530201342283,-0.5,6.3,6.3,0.0,6,1.1809966496225774,0.22746125778406048,1.0,4.894875164257556,1,0.0,0,Basic,Monthly,9.99,credit_card,Asia,0
1197,35,6.0,8,-0.2222222222222222,28.608571428571427,-0.4697824335213537,47,2,12.0,5.0,1.0,3.0188429752066117,2.0,19.9725,239.67000000000002,3.066753078418665,6,2.2075846420218683,0.37000914833214565,0.9834710743801653,3.9750328515111693,2,4.0,0,Basic,Annual,9.99,paypal,Europe,0
1198,108,12.0,12,0.0,28.543518518518518,-0.08393408856848596,114,1,14.0,2.0,2.0,1.7114859437751004,0.0,32.307857142857145,452.31,-0.4369790351098763,6,1.456870466099742,0.266849353890885,1.0,8.180026281208935,1,1.0,0,Basic,Monthly,9.99,paypal,Europe,0
1199,91,22.0,17,0.2777777777777778,41.678021978021974,0.09447951842607556,95,3,7.0,3.0,1.0,1.5667647058823528,1.0,24.770000000000003,173.39000000000001,9.973793103448276,6,0.7536231405837641,0.2794550603297445,1.0,4.467805519053877,3,3.0,0,Basic,Monthly,9.99,apple_pay,Europe,0
1200,717,24.0,20,0.19047619047619047,29.4697350069735,-0.07327360368856757,730,1,37.0,4.0,3.0,1.0860945033751204,0.25,42.1427027027027,1559.28,-0.8284821327710208,6,0.7894519917693041,0.24821566738090584,1.0,34.06701708278581,1,9.0,0,Standard,Annual,19.99,paypal,North America,0
1201,644,11.0,19,-0.4,32.76444099378882,-0.22718638639895763,654,5,26.0,0.0,1.0,0.8491845493562232,-0.5,39.268846153846155,1020.99,0.0,6,0.7764054113000532,0.2667590380065803,0.9989270386266095,30.617608409986858,5,12.0,0,Premium,Annual,39.99,apple_pay,South America,1
1202,339,8.0,12,-0.3076923076923077,21.532448377581122,-0.027506963788300906,381,4,56.0,0.0,2.0,1.666314760508309,-0.6666666666666666,46.16303571428572,2585.13,0.0,6,2.1367935516575343,0.23929285260612326,0.9648093841642229,33.60709592641261,4,7.0,0,Standard,Monthly,19.99,bank_transfer,Europe,0
1203,318,11.0,6,0.7142857142857143,16.130188679245283,-0.01187347049759826,355,2,46.0,2.0,0.0,1.5875736961451248,2.0,49.60673913043478,2281.91,0.0,6,1.9659987298840753,0.24919837445687332,0.9761904761904762,28.97503285151117,2,9.0,0,Basic,Monthly,9.99,credit_card,Europe,0
1204,48,8.0,17,-0.5,15.466666666666667,-0.23749157681940708,48,6,5.0,0.0,1.0,1.4776699029126215,-0.5,24.38,121.89999999999999,0.0,6,1.6550318531021113,0.25831557570324104,0.9514563106796117,3.383705650459921,6,0.0,0,Basic,Monthly,9.99,credit_card,North America,1
1205,86,9.0,8,0.1111111111111111,19.35813953488372,-0.08998302207130718,95,1,14.0,1.0,2.0,1.5112056737588653,-0.3333333333333333,57.16571428571428,800.3199999999999,-0.4981921487603306,6,2.136419281983958,0.2602369958745354,0.9929078014184397,9.264126149802891,1,2.0,0,Basic,Monthly,9.99,paypal,Europe,0
1206,612,18.0,18,0.0,35.76062091503268,-0.09268929503916443,634,1,51.0,1.0,2.0,1.4604327375352777,-0.3333333333333333,38.884313725490195,1983.1,-0.4925937598487236,6,1.0571156752706274,0.24831913110347123,1.0,34.92115637319316,1,7.0,0,Premium,Monthly,39.99,credit_card,South America,0
1207,325,11.0,13,-0.14285714285714285,15.336615384615383,-0.13103142983621074,339,1,16.0,2.0,0.0,0.6599457994579947,2.0,53.60125,857.62,0.0,6,1.648080542047108,0.25826799714041093,0.9864498644986449,24.24441524310118,1,13.0,0,Basic,Annual,9.99,paypal,North America,0
1208,264,4.0,9,-0.5,33.04962121212122,0.03640182009100453,279,1,19.0,1.0,0.0,0.7491709844559585,1.0,52.44105263157895,996.38,0.0,6,2.3027628343857303,0.2546692557608253,0.9792746113989637,25.36136662286465,1,11.0,0,Premium,Monthly,39.99,credit_card,Europe,1
1209,254,17.0,16,0.058823529411764705,23.748818897637793,0.0003515045924840382,268,1,30.0,1.0,3.0,1.9938864628820963,-0.5,40.697,1220.91,-0.945358021494238,6,1.1172434568639575,0.25260606393935386,0.9934497816593886,15.045992115637318,1,4.0,0,Standard,Annual,19.99,credit_card,North America,0
1210,421,18.0,17,0.05555555555555555,14.171733966745844,0.027523906236777484,442,1,45.0,2.0,4.0,1.9051460361613353,-0.4,31.759333333333334,1429.17,1.2646359904947073,6,1.0082222271747445,0.24358019844299503,1.0,23.62023653088042,1,1.0,0,Basic,Annual,9.99,bank_transfer,Asia,0
1211,131,12.0,5,1.1666666666666667,26.908396946564885,-0.035894068724009756,151,3,21.0,1.0,2.0,1.351458773784355,-0.3333333333333333,36.239999999999995,761.04,-0.7673976608187135,6,2.676436242836486,0.23873699643535487,0.9175475687103595,15.538764783180026,3,6.0,0,Basic,Monthly,9.99,bank_transfer,South America,0
1212,594,11.0,19,-0.4,18.9993265993266,-0.03178010108703162,628,6,78.0,5.0,2.0,2.2252296157450795,1.0,38.12448717948718,2973.71,0.9513690232938292,6,1.038855128733994,0.25226450889972934,1.0,35.05256241787122,6,6.0,0,Premium,Annual,39.99,paypal,Asia,0
1213,133,9.0,10,-0.09090909090909091,31.824060150375942,0.07717171717171722,149,8,27.0,1.0,5.0,1.980433734939759,-0.6666666666666666,29.545555555555556,797.73,-0.9551577669902913,6,2.4014593069050925,0.26509992663758314,0.9445783132530121,13.633377135348226,8,1.0,0,Basic,Annual,9.99,credit_card,North America,0
1214,52,9.0,6,0.42857142857142855,24.603846153846156,-0.21677970359206228,63,2,12.0,3.0,0.0,2.148705882352941,3.0,31.324166666666667,375.89,0.0,6,1.823229855874077,0.33340653724971625,0.9882352941176471,5.5847568988173455,2,2.0,0,Premium,Monthly,39.99,bank_transfer,North America,1
1215,402,11.0,18,-0.3684210526315789,37.10547263681592,-0.1834763383692161,418,1,35.0,2.0,0.0,1.2345307068366165,2.0,36.90742857142857,1291.76,0.0,6,1.5851260252017805,0.25388421834707664,0.9895712630359211,28.350854139290405,1,3.0,0,Standard,Annual,19.99,bank_transfer,Europe,0
1216,188,9.0,12,-0.23076923076923078,12.845744680851064,-0.10386332750922149,215,1,30.0,3.0,1.0,1.5451776649746194,1.0,36.86233333333334,1105.8700000000001,-0.661117454237413,6,2.2174769806103205,0.2556169099239691,0.9712351945854484,19.415243101182654,1,5.0,0,Standard,Monthly,19.99,credit_card,North America,0
1217,391,19.0,14,0.3333333333333333,16.70537084398977,-0.032794752839545735,424,2,53.0,0.0,1.0,1.8957931844888367,-0.5,42.338490566037734,2243.94,0.0,6,1.5477997863687243,0.249071417194525,0.9952996474735605,27.95663600525624,2,9.0,0,Standard,Monthly,19.99,credit_card,South America,0
1218,395,12.0,3,2.25,14.834177215189873,-0.14396551724137932,424,1,48.0,2.0,1.0,1.5283682008368202,0.5,34.33354166666667,1648.01,3.99129638112689,6,1.6283278207494347,0.2619180678354149,0.9811715481171547,31.40604467805519,1,5.0,0,Standard,Monthly,19.99,paypal,Oceania,0
1219,275,16.0,13,0.21428571428571427,19.805090909090907,0.15776167639699734,307,1,48.0,1.0,3.0,2.1710549777117385,-0.5,31.666875,1520.01,-0.9438649222065064,6,1.5704601958073425,0.25224488123373373,0.9985141158989599,22.109067017082786,1,3.0,0,Standard,Monthly,19.99,credit_card,Asia,0
1220,449,18.0,17,0.05555555555555555,19.54298440979955,0.03644636015325671,471,2,58.0,1.0,1.0,2.611715976331361,0.0,45.86431034482759,2660.13,0.9161849710982658,6,0.7549711252696538,0.26067706980834104,1.0,22.207621550591327,2,2.0,0,Basic,Annual,9.99,credit_card,Europe,0
1221,510,19.0,17,0.1111111111111111,24.65607843137255,0.05660730087116903,520,4,17.0,0.0,1.0,0.5564301075268817,-0.5,36.887058823529415,627.08,0.0,6,1.201535731557054,0.2468874185463774,0.9935483870967742,30.55190538764783,4,5.0,0,Basic,Annual,9.99,apple_pay,Europe,0
1222,51,22.0,20,0.09523809523809523,24.21372549019608,0.17955439056356484,51,3,1.0,0.0,1.0,0.4287323943661972,-0.5,99.77,99.77,0.0,6,0.8980704940286692,0.2929940409428392,0.9859154929577465,2.3324572930354797,3,0.0,0,Standard,Annual,19.99,paypal,South America,0
1223,475,23.0,27,-0.14285714285714285,18.82442105263158,-0.03140186312339552,488,1,37.0,0.0,0.0,1.6835276532137518,0.0,41.87189189189189,1549.26,0.0,6,0.71106619182791,0.2537145459123079,1.0,21.97766097240473,1,1.0,0,Standard,Annual,19.99,paypal,North America,0
1224,324,11.0,6,0.7142857142857143,39.27808641975309,-0.013585970570449626,358,3,47.0,2.0,1.0,1.5155508474576271,0.5,29.906382978723403,1405.6,2.419117647058824,6,1.8657116584420037,0.24970050715139472,1.0,31.011826544021023,3,9.0,0,Premium,Monthly,39.99,credit_card,Europe,0
1225,98,13.0,13,0.0,24.917346938775513,-0.009099466582993305,99,1,6.0,0.0,0.0,0.9612631578947369,0.0,118.44999999999999,710.6999999999999,0.0,6,1.253860019481285,0.24862037466893125,1.0,6.241787122207621,1,0.0,0,Standard,Monthly,19.99,credit_card,Oceania,0
1226,179,5.0,8,-0.3333333333333333,34.745810055865924,-0.43928571428571433,207,6,39.0,2.0,1.0,2.1467631103074143,0.5,34.933076923076925,1362.39,-0.8979742717728819,6,1.971547555399442,0.2890213986493114,1.0,18.166885676741128,6,4.0,0,Basic,Annual,9.99,apple_pay,North America,1
1227,180,8.0,14,-0.4,40.891666666666666,-0.20785740604274125,195,6,17.0,0.0,1.0,1.3201020408163266,-0.5,42.16823529411765,716.86,0.0,6,1.439594397114556,0.26111514302131567,0.9821428571428571,12.877792378449408,6,5.0,0,Basic,Annual,9.99,apple_pay,North America,1
1228,30,10.0,15,-0.3125,26.61,-0.23974415527128373,31,9,1.0,0.0,1.0,0.44115942028985505,-0.5,5.83,5.83,0.0,6,1.3879613761229797,0.39351066485868297,0.9130434782608695,2.266754270696452,9,1.0,0,Basic,Monthly,9.99,apple_pay,North America,1
1229,179,12.0,11,0.08333333333333333,33.646927374301676,0.05648489638215676,199,2,26.0,1.0,8.0,1.4961058601134218,-0.7777777777777778,23.126923076923074,601.3,-0.9800925925925926,6,2.3046281870068785,0.27660863433366684,0.9792060491493384,17.378449408672797,2,4.0,0,Standard,Annual,19.99,credit_card,North America,0
1230,453,16.0,13,0.21428571428571427,36.19690949227373,0.07870756092480734,465,1,23.0,1.0,2.0,0.8384670658682636,-0.3333333333333333,36.48652173913043,839.1899999999999,1.1223068552774753,6,1.1971434403496415,0.2564816901921272,1.0,27.43101182654402,1,10.0,0,Basic,Monthly,9.99,bank_transfer,Europe,0
1231,501,13.0,14,-0.06666666666666667,29.73872255489022,0.0639394095522697,523,1,49.0,1.0,2.0,1.8057627118644068,-0.3333333333333333,35.361428571428576,1732.71,-0.8642539848445258,6,0.9305238547462227,0.24337628253193874,1.0,27.135348226018397,1,7.0,0,Basic,Annual,9.99,paypal,North America,0
1232,688,16.0,18,-0.10526315789473684,36.68546511627907,0.007843570481661536,707,1,64.0,1.0,4.0,1.8895829291949566,-0.6,32.3084375,2067.74,-0.32380603395627217,6,0.8549470406805044,0.2519991106242229,1.0,33.86990801576872,1,4.0,0,Basic,Annual,9.99,credit_card,Europe,0
1233,146,15.0,16,-0.058823529411764705,21.954109589041096,-0.005616605616605565,159,2,23.0,2.0,5.0,2.5004285714285714,-0.5,51.11521739130435,1175.65,4.776225079187627,6,1.050851694983854,0.23864163187625417,1.0,9.198423127463863,2,2.0,0,Premium,Monthly,39.99,credit_card,Europe,0
1234,260,13.0,9,0.4,22.494230769230768,0.20139157325086984,281,2,27.0,1.0,1.0,1.1911304347826088,0.0,24.986666666666665,674.64,-0.588310854206808,6,1.8563042141258699,0.251099765233083,1.0,22.667542706964518,2,1.0,0,Premium,Annual,39.99,bank_transfer,North America,0
1235,93,6.0,10,-0.36363636363636365,44.07096774193549,-0.0893434556445945,111,1,22.0,5.0,1.0,1.8148509485094853,2.0,33.25727272727273,731.66,2.4652730950775457,6,2.6368309384242905,0.2571089946307447,0.9105691056910569,12.12220762155059,1,5.0,0,Basic,Annual,9.99,credit_card,North America,0
1236,214,16.0,17,-0.05555555555555555,22.294859813084113,-0.16678760726905603,222,2,25.0,3.0,1.0,2.3201219512195124,1.0,41.115199999999994,1027.8799999999999,6.182879377431906,6,0.7836775837849552,0.26115493746929913,1.0,10.775295663600525,2,1.0,0,Standard,Monthly,19.99,credit_card,North America,0
1237,139,15.0,16,-0.058823529411764705,26.379856115107916,0.15040889761203796,150,1,15.0,2.0,2.0,1.5583617747440275,0.0,43.852,657.78,-0.03644646924829163,6,1.3037639631515177,0.24198671445370082,1.0,9.625492772667542,1,0.0,0,Standard,Monthly,19.99,paypal,South America,0
1238,184,4.0,3,0.25,33.221739130434784,-0.22043010752688164,202,10,21.0,1.0,2.0,0.9054390934844193,-0.3333333333333333,40.353809523809524,847.4300000000001,0.14714607808235441,6,2.8563101131856405,0.25242761308253064,0.9022662889518414,23.19316688567674,10,6.0,0,Basic,Monthly,9.99,credit_card,North America,0
1239,386,8.0,14,-0.4,14.220725388601036,-0.13066954643628503,401,5,39.0,1.0,0.0,1.914774193548387,1.0,55.88589743589744,2179.55,0.0,6,0.9674366046206337,0.2590537958512433,1.0,20.367936925098554,5,0.0,0,Basic,Monthly,9.99,paypal,Europe,1
1240,170,19.0,18,0.05263157894736842,13.849411764705883,0.09211559928887425,172,1,6.0,0.0,2.0,0.7024615384615385,-0.6666666666666666,21.7,130.2,0.0,6,0.8768709419172299,0.24859621686488254,1.0,8.541392904073588,1,1.0,0,Premium,Monthly,39.99,paypal,Europe,0
1241,85,23.0,12,0.8461538461538461,25.725882352941174,-0.09140822080427377,86,2,4.0,0.0,1.0,0.8823188405797101,-0.5,25.8825,103.53,0.0,6,1.0023781246425445,0.2522414128350824,1.0,4.533508541392904,2,2.0,0,Standard,Monthly,19.99,credit_card,North America,0
1242,279,9.0,11,-0.16666666666666666,45.06559139784946,0.23625249681130125,308,2,33.0,1.0,1.0,1.3357978723404256,0.0,27.28787878787879,900.5,4.176657824933686,6,1.8783555413488673,0.2325988134770059,0.9773936170212766,24.704336399474375,2,18.0,0,Basic,Monthly,9.99,apple_pay,North America,0
1243,322,18.0,19,-0.05,37.30683229813664,-0.12315270935960608,331,1,16.0,0.0,3.0,0.9980327868852459,-0.75,50.946875,815.15,0.0,6,0.8145822592969223,0.25888831959590775,1.0,16.031537450722734,1,4.0,0,Standard,Annual,19.99,credit_card,South America,0
1244,225,16.0,15,0.0625,24.092444444444446,-0.002868357487922671,233,3,16.0,0.0,1.0,1.2237185929648242,-0.5,32.425,518.8,0.0,6,1.1382213505999772,0.24676221527751085,1.0,13.074901445466491,3,5.0,0,Standard,Monthly,19.99,credit_card,North America,0
1245,26,9.0,8,0.1111111111111111,33.026923076923076,0.00692477179729312,30,2,8.0,2.0,3.0,2.9697560975609756,-0.25,19.445,155.56,-0.7795600923563009,6,1.7455079574601342,0.23851260639009034,1.0,2.6938239159001314,2,0.0,0,Standard,Monthly,19.99,credit_card,North America,0
1246,651,17.0,22,-0.21739130434782608,12.208909370199693,-0.04457907193885305,659,1,23.0,0.0,1.0,0.7585265438786566,-0.5,43.3095652173913,996.12,0.0,6,0.7278740622286111,0.24220670622608043,1.0,30.321944809461232,1,8.0,0,Premium,Monthly,39.99,apple_pay,Europe,0
1247,446,21.0,22,-0.043478260869565216,27.64394618834081,0.04249923764585044,453,2,30.0,1.0,1.0,1.3273255813953488,0.0,54.93366666666667,1648.01,-0.5522151898734178,6,0.935690938465995,0.25261993579224584,1.0,22.601839684625492,2,3.0,0,Premium,Monthly,39.99,credit_card,Asia,0
1248,411,12.0,13,-0.07142857142857142,17.166666666666668,-0.1038329519450801,436,5,48.0,2.0,1.0,1.6343624161073826,0.5,45.1575,2167.56,-0.6071851984911083,6,1.3366609252739028,0.2592665330441981,0.9944071588366891,29.369250985545335,5,4.0,0,Basic,Annual,9.99,credit_card,North America,0
1249,534,19.0,22,-0.13043478260869565,34.14775280898877,0.23289876066312576,546,2,51.0,0.0,2.0,1.9826819923371648,-0.6666666666666666,29.524313725490195,1505.74,0.0,6,0.8064600211946117,0.27109766277123704,1.0,25.7227332457293,2,3.0,0,Standard,Monthly,19.99,credit_card,South America,0
1250,156,12.0,11,0.08333333333333333,33.77756410256411,-0.14397505781301623,170,4,19.0,1.0,0.0,1.3055530474040633,1.0,42.22736842105263,802.3199999999999,0.0,6,1.807127181557522,0.2466311945318154,0.963882618510158,14.553219448094612,4,5.0,0,Basic,Annual,9.99,paypal,Europe,1
1251,98,7.0,13,-0.42857142857142855,13.838775510204082,-0.43814538740340553,102,3,10.0,1.0,1.0,1.4848780487804878,0.0,42.243,422.43,0.21052631578947364,6,1.4628738838327795,0.29346326617881263,0.9902439024390244,6.734559789750328,3,1.0,0,Premium,Monthly,39.99,apple_pay,North America,1
1252,294,10.0,15,-0.3125,42.787074829931974,-0.06844631946464948,314,3,39.0,2.0,0.0,1.7230188679245282,2.0,35.63846153846154,1389.9,0.0,6,1.5856916336129068,0.26144891631212347,0.9956458635703919,22.634691195795007,3,1.0,0,Basic,Monthly,9.99,credit_card,Asia,0
1253,489,14.0,22,-0.34782608695652173,43.374233128834355,-0.07506321112515794,506,1,36.0,4.0,0.0,1.1872589382448537,4.0,23.554722222222225,847.97,0.0,6,1.1660839118411075,0.24571196948299703,1.0,30.321944809461232,1,6.0,0,Standard,Monthly,19.99,bank_transfer,Europe,0
1254,359,13.0,13,0.0,29.433426183844013,0.08433439568521701,376,2,32.0,2.0,0.0,1.4096671490593344,2.0,31.841874999999998,1018.9399999999999,0.0,6,1.1856419698080913,0.23872119332342787,1.0,22.700394218134033,2,7.0,0,Premium,Annual,39.99,paypal,Oceania,0
1255,720,22.0,21,0.045454545454545456,31.295416666666668,0.02589361103292991,734,1,47.0,0.0,0.0,1.3930671859785784,0.0,35.45297872340426,1666.29,0.0,6,0.7335443798056496,0.2528583572623108,1.0,33.73850197109067,1,7.0,0,Basic,Monthly,9.99,credit_card,Oceania,0
1256,539,17.0,14,0.2,18.51948051948052,-0.15175384137823983,556,1,47.0,2.0,2.0,1.6276222980659842,0.0,44.578723404255314,2095.2,1.1535486806187443,6,0.9790401066149872,0.2545408523400389,1.0,28.876478318002626,1,6.0,0,Basic,Monthly,9.99,paypal,South America,0
1257,207,18.0,16,0.11764705882352941,15.721256038647343,-0.13584541062801928,215,1,14.0,1.0,1.0,1.084376590330789,0.0,31.297142857142855,438.15999999999997,0.01342281879194626,6,1.3285311265260469,0.25051988542943326,1.0,12.910643889618921,1,2.0,0,Basic,Monthly,9.99,credit_card,North America,0
1258,60,8.0,23,-0.625,32.156666666666666,-0.04842897084276401,65,7,12.0,1.0,6.0,3.5123076923076924,-0.7142857142857143,28.4525,341.43,-0.8356657608695652,6,0.8907315969346644,0.303220902930229,1.0,3.416557161629435,7,0.0,0,Basic,Monthly,9.99,paypal,South America,1
1259,84,13.0,19,-0.3,20.135714285714286,0.030815338507646218,87,1,6.0,2.0,1.0,1.0680701754385966,0.5,21.78333333333333,130.7,-0.08501374885426216,6,1.3458148127658272,0.22889896161071763,1.0,5.617608409986859,1,0.0,0,Basic,Monthly,9.99,credit_card,North America,0
1260,236,16.0,17,-0.05555555555555555,34.956779661016945,-0.020109864781806906,247,5,18.0,2.0,0.0,1.3171153846153847,2.0,27.848888888888887,501.28,0.0,6,0.9737980939215459,0.24781834660773935,1.0,13.66622864651774,5,3.0,0,Basic,Monthly,9.99,bank_transfer,North America,0
1261,239,20.0,17,0.16666666666666666,41.53556485355649,0.011609006859528849,247,2,22.0,4.0,1.0,1.6953924050632914,1.5,33.15863636363636,729.49,10.743174924165823,6,1.0128754652703729,0.27892771916314896,1.0,12.976346911957949,2,3.0,0,Basic,Annual,9.99,bank_transfer,North America,0
1262,39,14.0,10,0.36363636363636365,27.989743589743586,-0.20580878265703167,43,3,5.0,2.0,2.0,1.6543478260869566,0.0,19.728,98.64,0.2908163265306124,6,1.445084583726196,0.32313739920652673,0.9891304347826088,3.0223390275952693,3,2.0,0,Standard,Annual,19.99,bank_transfer,North America,0
1263,579,20.0,22,-0.08695652173913043,27.739896373056993,0.07088881491344866,596,1,57.0,1.0,2.0,2.0557819905213273,-0.3333333333333333,48.33070175438596,2754.85,-0.6178788964528843,6,0.7481333285922614,0.25295659784732205,1.0,27.726675427069644,1,3.0,0,Standard,Monthly,19.99,apple_pay,Asia,0
1264,104,9.0,12,-0.23076923076923078,19.285576923076924,-0.2977184195882026,108,6,10.0,3.0,2.0,1.3963302752293578,0.3333333333333333,24.559,245.59,1.6964285714285714,6,1.1365119090198885,0.34151335000512456,0.9954128440366973,7.1616294349540075,6,5.0,0,Premium,Monthly,39.99,credit_card,Europe,1
1265,404,17.0,20,-0.14285714285714285,26.985396039603962,-0.0492173258875611,410,2,21.0,2.0,0.0,0.9612631578947368,2.0,50.61666666666667,1062.95,0.0,6,0.9654054932678577,0.25589203803636223,1.0,21.846254927726676,2,1.0,0,Standard,Annual,19.99,credit_card,Europe,0
1266,180,21.0,18,0.15789473684210525,37.458333333333336,-0.09478962818003894,187,1,25.0,4.0,1.0,2.7472924187725636,1.5,35.57,889.25,27.201402805611224,6,0.9196110014954639,0.24497608821382486,1.0,9.099868593955321,1,4.0,0,Standard,Monthly,19.99,credit_card,Asia,0
1267,288,20.0,17,0.16666666666666666,38.01909722222222,0.11661357921207047,295,1,12.0,0.0,2.0,0.6201697792869271,-0.6666666666666666,37.735,452.82,0.0,6,1.2984453746624585,0.2473634973656857,1.0,19.349540078843624,1,4.0,0,Basic,Monthly,9.99,apple_pay,South America,0
1268,151,7.0,11,-0.3333333333333333,38.82516556291391,-0.1080694453475519,171,1,28.0,1.0,1.0,1.7429856850715748,0.0,56.56821428571429,1583.91,-0.9424851680949242,6,2.661530614902251,0.24210849129362735,0.9591002044989775,16.064388961892245,1,0.0,0,Standard,Annual,19.99,paypal,North America,0
1269,562,15.0,21,-0.2727272727272727,18.36423487544484,-0.12391573729863695,574,2,25.0,2.0,0.0,0.7710233029381965,2.0,26.4168,660.42,0.0,6,1.1356913521668066,0.2554112984437427,1.0,32.42444152431012,2,10.0,0,Premium,Monthly,39.99,credit_card,Europe,0
1270,144,7.0,9,-0.2,29.654166666666665,-0.054596315231021424,163,5,22.0,2.0,0.0,1.3666938775510205,2.0,28.69,631.1800000000001,0.0,6,2.329896578412704,0.2528835988541635,0.9428571428571428,16.09724047306176,5,1.0,0,Standard,Monthly,19.99,credit_card,Europe,0
1271,396,21.0,14,0.4666666666666667,30.38409090909091,0.09853039412157652,412,1,50.0,5.0,5.0,2.4235668789808917,0.0,54.0366,2701.83,-0.6811853619729514,6,0.919345490440577,0.2653628442905925,1.0,20.630749014454665,1,9.0,0,Standard,Monthly,19.99,paypal,Asia,0
1272,373,14.0,18,-0.21052631578947367,30.416085790884722,-0.014480451390622718,393,1,46.0,1.0,4.0,2.0713609467455623,-0.6,34.95913043478261,1608.12,-0.3924452615744609,6,1.193688274135571,0.2567396280701932,1.0,22.207621550591327,1,4.0,0,Standard,Monthly,19.99,credit_card,North America,0
1273,147,16.0,15,0.0625,39.43877551020408,0.1274165002722817,155,1,17.0,2.0,2.0,2.1742857142857144,0.0,28.048823529411763,476.83,0.14833847207947923,6,0.8719959162885668,0.23418303721459935,1.0,7.818659658344283,1,4.0,0,Standard,Monthly,19.99,paypal,Europe,0
1274,351,13.0,13,0.0,35.19458689458689,0.04580631667015267,366,5,27.0,0.0,1.0,1.0197022332506203,-0.5,45.87555555555556,1238.64,0.0,6,1.6283790236824252,0.24967129619121148,0.9813895781637717,26.47831800262812,5,8.0,0,Standard,Monthly,19.99,paypal,Europe,0
1275,502,20.0,18,0.10526315789473684,15.425498007968129,0.07696991404011473,543,3,83.0,2.0,1.0,2.9970581257414,0.5,35.406867469879515,2938.77,3.3242655059847666,6,0.9222601242008526,0.24518510908963717,1.0,27.69382391590013,3,6.0,0,Standard,Monthly,19.99,paypal,Asia,0
1276,681,21.0,20,0.047619047619047616,42.931130690161524,0.01998390920037364,713,1,97.0,4.0,2.0,2.82282982791587,0.6666666666666666,45.813814432989695,4443.9400000000005,22.39358024691358,6,0.7586880956906934,0.24305354739776286,1.0,34.36268068331143,1,9.0,0,Basic,Annual,9.99,bank_transfer,Europe,0
1277,465,20.0,15,0.3125,24.621075268817204,0.06978021978021985,479,1,40.0,1.0,2.0,1.5812987012987014,-0.3333333333333333,36.19575,1447.83,-0.43981117230527145,6,0.994579750947283,0.252679724870429,1.0,25.29566360052562,1,3.0,0,Basic,Monthly,9.99,bank_transfer,South America,0
1278,327,15.0,15,0.0,13.86697247706422,-0.09749894022891055,355,3,39.0,2.0,0.0,1.6108005427408412,2.0,31.496153846153845,1228.35,0.0,6,1.4781069579886612,0.2548275653283665,0.9877883310719131,24.21156373193167,3,6.0,0,Basic,Monthly,9.99,bank_transfer,Europe,0
1279,269,21.0,17,0.2222222222222222,35.88104089219331,0.05452353553619382,273,3,12.0,0.0,0.0,0.8455555555555556,0.0,30.24083333333333,362.89,0.0,6,0.9650319316182033,0.24883078566706024,1.0,14.19185282522996,3,3.0,0,Standard,Monthly,19.99,apple_pay,Europe,1
1280,41,15.0,13,0.14285714285714285,26.614634146341466,0.09433569739952721,41,1,0.0,0.0,0.0,0.0,0.0,0.0,0.0,0.0,6,2.0024024032684804,0.29234423904142115,0.9767441860465116,2.8252299605781865,1,0.0,0,Standard,Annual,19.99,bank_transfer,Europe,0
1281,347,12.0,17,-0.2777777777777778,20.838328530259364,0.03969420758600406,351,1,13.0,2.0,0.0,0.7287661141804789,2.0,40.096923076923076,521.26,0.0,6,0.9704432652074476,0.25268763661091764,1.0,17.83837056504599,1,3.0,0,Basic,Annual,9.99,credit_card,North America,0
1282,123,5.0,5,0.0,24.45365853658537,-0.2158218125960062,157,1,35.0,2.0,4.0,2.1876796714579054,-0.4,56.574,1980.09,-0.8700987672657061,6,2.7133450797712664,0.24761444385244627,0.9342915811088296,15.99868593955322,1,10.0,0,Basic,Monthly,9.99,credit_card,Asia,0
1283,202,17.0,16,0.058823529411764705,14.152475247524753,0.1280626921932349,220,3,26.0,2.0,1.0,2.0450645994832044,0.5,36.738076923076925,955.19,3.509195402298851,6,1.0734220648991049,0.2260596232144865,0.9948320413436693,12.713534822601838,3,5.0,0,Basic,Annual,9.99,credit_card,North America,0
1284,714,22.0,28,-0.20689655172413793,21.083333333333332,0.05012253471816996,734,1,69.0,0.0,1.0,2.0079923518164438,-0.5,33.06057971014493,2281.1800000000003,0.0,6,0.7954771544579547,0.2653730081697474,1.0,34.36268068331143,1,4.0,0,Standard,Annual,19.99,paypal,Europe,0
1285,274,10.0,8,0.2222222222222222,14.07919708029197,0.04224841341795101,302,4,44.0,2.0,2.0,1.5869194312796209,0.0,40.293409090909094,1772.91,2.8777752859385517,6,2.4095739274045753,0.2516384605645814,0.9372037914691943,27.726675427069644,4,1.0,0,Standard,Monthly,19.99,paypal,Europe,0
1286,310,23.0,17,0.3333333333333333,24.59935483870968,-0.0528168687870001,313,1,10.0,0.0,1.0,0.7030023094688221,-0.5,46.362,463.62,0.0,6,0.65110875963134,0.26818707267863673,1.0,14.224704336399475,1,3.0,0,Basic,Monthly,9.99,credit_card,North America,0
1287,377,20.0,15,0.3125,41.58037135278514,-0.06209923664122136,394,1,40.0,3.0,2.0,1.8589312977099237,0.3333333333333333,25.705000000000002,1028.2,1.7317526731752677,6,1.0546179087114331,0.26005020422924485,1.0,21.517739816031536,1,1.0,0,Basic,Annual,9.99,credit_card,North America,0
1288,639,19.0,21,-0.09090909090909091,19.67151799687011,-0.061067858633985776,648,2,38.0,1.0,1.0,1.2627947598253275,0.0,42.76684210526315,1625.1399999999999,2.206611570247934,6,0.7390229452490541,0.2506120671829459,1.0,30.091984231274637,2,4.0,0,Premium,Annual,39.99,credit_card,Asia,0
1289,248,16.0,17,-0.05555555555555555,30.34556451612903,0.004267392507842796,256,1,16.0,1.0,0.0,1.063406113537118,1.0,19.2025,307.24,0.0,6,1.1900207779306826,0.2694966511230214,1.0,15.045992115637318,1,1.0,0,Premium,Monthly,39.99,bank_transfer,Europe,1
1290,226,10.0,10,0.0,25.989380530973452,-0.1881118881118882,265,1,54.0,1.0,1.0,1.863673469387755,0.0,36.70574074074074,1982.11,-0.7423391215526047,6,2.823715571341652,0.23790181294832627,0.9206349206349206,28.97503285151117,1,9.0,0,Standard,Monthly,19.99,credit_card,Asia,0
1291,111,16.0,15,0.0625,17.95045045045045,-0.032887652548456686,122,1,20.0,0.0,5.0,2.6819383259911898,-0.8333333333333334,32.597500000000004,651.95,0.0,6,1.3663105092596992,0.25506570546980656,1.0,7.457293035479632,1,1.0,0,Basic,Monthly,9.99,credit_card,South America,0
1292,17,9.0,6,0.42857142857142855,27.75294117647059,0.17009345794392514,21,2,4.0,0.0,2.0,1.7394285714285713,-0.6666666666666666,18.45,73.8,0.0,6,2.2912878474779204,0.21734296726833285,1.0,2.299605781865966,2,2.0,0,Standard,Monthly,19.99,apple_pay,North America,0
1293,412,17.0,24,-0.28,12.610679611650486,0.01918388977212503,426,2,30.0,1.0,1.0,1.4224299065420563,0.0,23.13266666666667,693.98,-0.5824175824175825,6,0.8100711797831136,0.22720901432610754,1.0,21.090670170827856,2,3.0,0,Standard,Monthly,19.99,paypal,North America,0
1294,598,15.0,23,-0.3333333333333333,15.290969899665551,-0.00884667571234745,625,2,70.0,2.0,3.0,2.0390430622009568,-0.25,38.22971428571429,2676.08,-0.7526789541363051,6,1.1244062057607838,0.2561839274181999,0.9913875598086125,34.32982917214192,2,6.0,0,Basic,Annual,9.99,bank_transfer,Europe,0
1295,563,17.0,19,-0.1,16.52451154529307,-0.0007477567298105714,570,1,29.0,2.0,0.0,1.0571976047904192,2.0,43.57103448275862,1263.56,0.0,6,0.8365668267065871,0.25241384049023957,1.0,27.43101182654402,1,4.0,0,Basic,Monthly,9.99,apple_pay,Asia,0
1296,329,18.0,10,0.7272727272727273,21.822492401215808,-0.015695281845152804,347,1,35.0,1.0,1.0,1.6340490797546012,0.0,43.38885714285715,1518.6100000000001,1.8528571428571428,6,1.2112296046019053,0.24575187909181992,1.0,21.419185282522996,1,1.0,0,Premium,Monthly,39.99,credit_card,North America,0
1297,46,21.0,21,0.0,33.21304347826087,0.05041416738074845,47,1,5.0,1.0,3.0,2.271641791044776,-0.5,20.442,102.21000000000001,1.132245169886742,6,0.719634904750503,0.3166502910747042,1.0,2.2010512483574245,1,0.0,0,Basic,Monthly,9.99,paypal,Europe,0
1298,114,10.0,16,-0.35294117647058826,32.02280701754386,-0.08908457915216056,121,10,11.0,0.0,2.0,1.372295081967213,-0.6666666666666666,35.22,387.42,0.0,6,1.4798128051802193,0.26188732627577005,0.9754098360655739,8.015768725361367,10,3.0,0,Standard,Monthly,19.99,bank_transfer,Asia,1
1299,208,14.0,15,-0.0625,31.798557692307693,-0.02673896783844414,218,1,24.0,1.0,1.0,1.426875,0.0,26.156666666666666,627.76,3.467868338557994,6,1.7316196381097138,0.25691694282239347,1.0,16.819973718791065,1,1.0,0,Standard,Monthly,19.99,bank_transfer,North America,0
1300,87,10.0,7,0.375,20.683908045977013,-0.1649198520345252,110,1,27.0,3.0,4.0,2.6342307692307694,-0.2,36.81,993.87,0.11184037805198209,6,2.2872989143265565,0.24996538173575258,0.9647435897435898,10.249671484888305,1,3.0,0,Basic,Monthly,9.99,bank_transfer,Europe,0
1301,201,7.0,10,-0.2727272727272727,35.03532338308458,-0.3433895297249334,228,3,39.0,1.0,0.0,2.2962475822050292,1.0,41.74102564102564,1627.8999999999999,0.0,6,1.727114542326056,0.2815865246537248,1.0,16.98423127463863,3,6.0,0,Standard,Annual,19.99,bank_transfer,Europe,0
1302,373,15.0,14,0.06666666666666667,41.65656836461126,-0.015840896691960513,427,5,79.0,2.0,2.0,2.301205741626794,0.0,41.0973417721519,3246.69,-0.64394772199829,6,1.9103636018860937,0.2510497726344101,0.9511961722488039,34.32982917214192,5,12.0,0,Basic,Monthly,9.99,credit_card,Europe,0
1303,160,19.0,17,0.1111111111111111,29.06375,-0.0601693960528876,175,2,23.0,3.0,3.0,2.2954754098360657,0.0,60.141304347826086,1383.25,0.278190234955018,6,1.0406813824053311,0.2521143641119305,1.0,10.019710906701707,2,8.0,0,Basic,Annual,9.99,credit_card,North America,0
1304,157,13.0,16,-0.17647058823529413,12.299363057324841,-0.27232324728713747,158,2,4.0,0.0,1.0,0.48704,-0.5,73.10249999999999,292.40999999999997,0.0,6,1.080879203710215,0.31575776527280386,1.0,8.21287779237845,2,3.0,0,Standard,Monthly,19.99,bank_transfer,Europe,1
1305,182,21.0,12,0.6923076923076923,34.05934065934066,0.1434908313200521,188,1,7.0,1.0,0.0,0.6176231884057971,1.0,16.057142857142857,112.39999999999999,0.0,6,1.2682796021895613,0.2704066770887085,1.0,11.333771353482259,1,2.0,0,Standard,Monthly,19.99,credit_card,Europe,1
1306,167,13.0,14,-0.06666666666666667,32.133532934131736,-0.022046878626131302,174,3,17.0,2.0,1.0,1.4023848238482386,0.5,16.921764705882353,287.67,3.5042462845010616,6,1.433989112523288,0.24101116877605155,1.0,12.12220762155059,3,2.0,0,Standard,Monthly,19.99,credit_card,Asia,0
1307,268,14.0,10,0.36363636363636365,42.44589552238806,0.017937675901122323,297,1,39.0,3.0,2.0,1.6911111111111112,0.3333333333333333,32.875128205128206,1282.13,0.14232209737827703,6,1.6678359007546524,0.26597461480583157,0.9871794871794871,23.061760840998684,1,6.0,0,Basic,Annual,9.99,paypal,North America,0
1308,65,12.0,13,-0.07142857142857142,24.746153846153845,-0.07430139720558894,73,1,13.0,0.0,4.0,2.21072625698324,-0.8,37.63076923076923,489.20000000000005,0.0,6,1.8067860258893365,0.20655153793772726,0.9776536312849161,5.88042049934297,1,1.0,0,Standard,Monthly,19.99,paypal,South America,0
1309,251,14.0,10,0.36363636363636365,25.022310756972114,0.005237711522965311,292,1,51.0,2.0,5.0,2.2114529914529917,-0.5,30.360196078431372,1548.37,-0.7514556040756913,6,1.8459192670629663,0.23501958012417865,0.9871794871794871,23.061760840998684,1,5.0,0,Standard,Monthly,19.99,credit_card,North America,0
1310,198,6.0,12,-0.46153846153846156,18.94848484848485,-0.1272917757988476,198,2,8.0,1.0,0.0,0.8063576158940398,1.0,31.3075,250.46,0.0,6,1.231282739379968,0.27028419144254506,0.9966887417218543,9.921156373193167,2,2.0,0,Standard,Monthly,19.99,credit_card,Europe,1
1311,170,7.0,7,0.0,18.16470588235294,-0.014814814814814763,182,1,15.0,1.0,1.0,0.8227027027027027,0.0,58.4,876.0,2.2754629629629632,6,2.6806378944532288,0.25408417197839617,0.9459459459459458,18.232588699080157,1,4.0,0,Basic,Monthly,9.99,credit_card,North America,0
1312,91,9.0,12,-0.23076923076923078,22.060439560439562,-0.08658465143526653,96,4,19.0,1.0,4.0,2.981237113402062,-0.6,26.445789473684208,502.46999999999997,-0.7935508131992103,6,1.3206941064199396,0.2404284936107316,1.0,6.3731931668856765,4,1.0,0,Basic,Monthly,9.99,credit_card,Europe,0
1313,153,16.0,12,0.3076923076923077,34.222875816993465,0.19966895537027943,166,3,23.0,3.0,3.0,2.2155696202531647,0.0,73.45826086956522,1689.54,-0.5138510595894505,6,1.3553158322596572,0.27011751041377674,0.9968354430379747,10.38107752956636,3,0.0,0,Basic,Annual,9.99,apple_pay,North America,0
1314,197,14.0,16,-0.11764705882352941,17.765989847715737,0.007944631281376397,206,1,21.0,2.0,1.0,1.639076923076923,0.5,35.936190476190475,754.66,-0.18563922942206648,6,1.2103491241750042,0.25209103064196586,1.0,12.81208935611038,1,2.0,0,Basic,Monthly,9.99,paypal,Europe,0
1315,186,14.0,16,-0.11764705882352941,25.493548387096777,-0.008863765595210203,194,1,10.0,1.0,1.0,0.8900584795321638,0.0,16.921,169.21,-0.6772630354719907,6,1.1004444462464296,0.26387374556830473,1.0,11.235216819973719,1,5.0,0,Premium,Monthly,39.99,paypal,Europe,0
1316,54,3.0,7,-0.5,34.1925925925926,-0.06165703275529864,66,9,18.0,3.0,1.0,2.6858823529411766,1.0,37.61555555555556,677.08,1.496845425867508,6,2.0832435878105673,0.26767733023168194,0.9264705882352942,6.701708278580814,9,1.0,0,Premium,Monthly,39.99,credit_card,Oceania,1
1317,76,8.0,10,-0.18181818181818182,33.328947368421055,0.09309151113786879,83,1,10.0,0.0,1.0,1.1984251968503936,-0.5,48.086999999999996,480.86999999999995,0.0,6,2.2412800682811946,0.2841924848329147,0.9921259842519685,8.344283837056505,1,1.0,0,Standard,Monthly,19.99,bank_transfer,Europe,0
1318,43,5.0,7,-0.25,16.909302325581397,0.18075240594925648,52,1,11.0,1.0,0.0,1.6742000000000001,1.0,40.32909090909091,443.62,0.0,6,2.9958140731334297,0.2424041866055426,0.945,6.570302233902759,1,1.0,0,Premium,Monthly,39.99,credit_card,Asia,0
1319,319,14.0,11,0.25,21.137617554858934,-0.06401944894651544,345,1,49.0,1.0,3.0,1.972962962962963,-0.5,48.816530612244904,2392.01,-0.6304712717882505,6,1.4800295573661133,0.2434899498230141,1.0,24.83574244415243,1,0.0,0,Premium,Monthly,39.99,credit_card,North America,0
1320,24,8.0,8,0.0,43.5875,0.053966381598348434,26,8,4.0,3.0,1.0,1.2683333333333333,1.0,113.5875,454.35,4.56241012366983,6,1.9638397762207247,0.1394369450340095,0.875,3.1537450722733245,8,0.0,0,Basic,Monthly,9.99,credit_card,North America,0
1321,147,8.0,17,-0.5,33.02108843537415,-0.4071612731152204,151,3,10.0,1.0,0.0,1.3292576419213975,1.0,49.173,491.73,0.0,6,1.0790666279113796,0.25734590965136606,1.0,7.522996057818659,3,1.0,0,Basic,Monthly,9.99,credit_card,Europe,1
1322,52,7.0,12,-0.38461538461538464,17.359615384615385,-0.2815481790081978,56,8,5.0,1.0,1.0,1.2373983739837398,0.0,19.734,98.67,-0.723430702299565,6,1.4638172504656934,0.31383487391104004,0.9674796747967479,4.040735873850197,8,1.0,0,Basic,Annual,9.99,credit_card,Asia,1
1323,194,13.0,11,0.16666666666666666,32.86134020618557,-0.13818447685381152,216,1,28.0,2.0,0.0,1.5871880819366855,2.0,43.76535714285715,1225.43,0.0,6,1.7768708896994065,0.22915182662087732,1.0,17.641261498028907,1,5.0,0,Basic,Monthly,9.99,paypal,North America,0
1324,261,10.0,5,0.8333333333333334,18.602681992337164,-0.064873417721519,281,1,25.0,0.0,0.0,0.8540965207631875,0.0,69.672,1741.8,0.0,6,2.714009472023727,0.25350125701795145,0.9034792368125701,29.27069645203679,1,6.0,0,Standard,Monthly,19.99,apple_pay,Oceania,0
1325,240,6.0,9,-0.3,14.483333333333333,-0.06442831215970964,285,2,58.0,0.0,4.0,2.1271325301204818,-0.8,44.14344827586206,2560.3199999999997,0.0,6,2.2318100191946733,0.22547043927020918,0.9530120481927711,27.266754270696453,2,3.0,0,Basic,Monthly,9.99,paypal,North America,0
1326,227,13.0,17,-0.2222222222222222,22.092951541850223,-0.35216588748770844,239,1,24.0,2.0,1.0,1.649119638826185,0.5,38.025416666666665,912.61,0.14238357482756775,6,1.291227880515805,0.2547190665420935,1.0,14.553219448094612,1,3.0,0,Standard,Monthly,19.99,bank_transfer,Europe,1
1327,387,18.0,16,0.11764705882352941,21.115245478036176,0.0808501548648936,393,1,10.0,1.0,1.0,0.4096904441453567,0.0,45.888999999999996,458.89,-0.4933104631217839,6,1.256695622443251,0.25445836690067697,1.0,24.40867279894875,1,8.0,0,Standard,Monthly,19.99,credit_card,Europe,0
1328,167,20.0,18,0.10526315789473684,44.25688622754491,-0.03573766517153595,167,2,9.0,0.0,1.0,0.9998540145985402,-0.5,31.31222222222222,281.81,0.0,6,0.9544576534316395,0.23406918075089814,1.0,9.00131406044678,2,1.0,0,Standard,Annual,19.99,credit_card,Asia,0
1329,637,13.0,19,-0.3,33.10078492935636,-0.2181339670128907,654,1,74.0,3.0,0.0,2.453769063180828,3.0,42.789054054054056,3166.39,0.0,6,0.72518140305977,0.24176313915618136,1.0,30.157687253613666,1,9.0,0,Basic,Monthly,9.99,credit_card,North America,0
1330,62,8.0,9,-0.1,35.6741935483871,0.025119785794813963,68,5,10.0,2.0,2.0,1.7697674418604652,0.0,44.601000000000006,446.01000000000005,0.9051126516464473,6,2.040299549667766,0.2866040165233384,0.936046511627907,5.650459921156373,5,0.0,0,Basic,Monthly,9.99,credit_card,Europe,0
1331,566,19.0,18,0.05263157894736842,37.28604240282686,-0.0024953641171218946,576,2,35.0,1.0,1.0,1.2024830699774267,0.0,40.19285714285714,1406.75,-0.5339866993349668,6,0.9097695611781571,0.24996988555146346,1.0,29.106438896189225,2,2.0,0,Basic,Monthly,9.99,apple_pay,Europe,0
1332,25,8.0,14,-0.4,40.42,0.09162468513853912,27,2,2.0,0.0,2.0,0.8117333333333333,-0.6666666666666666,24.294999999999998,48.589999999999996,0.0,6,1.501281503864666,0.25657178650336865,1.0,2.463863337713535,2,0.0,0,Basic,Monthly,9.99,bank_transfer,Asia,0
1333,122,10.0,18,-0.42105263157894735,16.292622950819673,-0.01823416506717849,127,3,10.0,0.0,0.0,0.998032786885246,0.0,30.781,307.81,0.0,6,1.865918217299674,0.20799324665687988,0.9868852459016394,10.019710906701707,3,1.0,0,Premium,Monthly,39.99,paypal,North America,0
1334,145,14.0,16,-0.11764705882352941,13.606206896551726,0.06875407697325515,158,2,25.0,1.0,3.0,3.144628099173554,-0.5,34.0852,852.13,-0.7680861359787079,6,1.0536018032246757,0.24793166395457236,1.0,7.9500657030223385,2,0.0,0,Basic,Annual,9.99,bank_transfer,Asia,0
1335,253,21.0,18,0.15789473684210525,42.35454545454546,0.19316563834836262,259,6,21.0,1.0,2.0,1.5901492537313433,-0.3333333333333333,69.14571428571428,1452.06,-0.8453174082640064,6,1.0215309455948414,0.24807170475973747,1.0,13.206307490144546,6,3.0,0,Standard,Monthly,19.99,paypal,North America,0
1336,80,3.0,11,-0.6666666666666666,31.52,-0.16307121317559736,89,10,10.0,1.0,2.0,1.7101123595505618,-0.3333333333333333,34.069,340.69,0.7615580633418275,6,1.8756747305649326,0.3039120516672657,0.9438202247191012,5.847568988173456,10,4.0,0,Basic,Monthly,9.99,credit_card,Asia,1
1337,117,10.0,7,0.375,41.88205128205128,0.0988913525498892,136,1,25.0,3.0,0.0,1.8205741626794258,3.0,27.358,683.95,0.0,6,2.878639811469838,0.24409370170281675,0.9545454545454545,13.731931668856767,1,1.0,0,Premium,Annual,39.99,bank_transfer,Oceania,0
1338,385,18.0,19,-0.05,32.72181818181818,0.059987797875394704,402,1,42.0,4.0,2.0,1.9167616191904049,0.6666666666666666,58.00380952380952,2436.16,0.6137165251469628,6,1.0122688769797012,0.2518187738182723,1.0,21.911957950065702,1,3.0,0,Basic,Annual,9.99,bank_transfer,Asia,0
1339,350,12.0,17,-0.2777777777777778,30.176571428571428,0.04872991187143604,364,1,32.0,1.0,0.0,1.4603898050974513,1.0,25.536875,817.18,0.0,6,1.200923498959807,0.2509447601565253,1.0,21.911957950065702,1,1.0,0,Basic,Monthly,9.99,paypal,Asia,0
1340,238,2.0,6,-0.5714285714285714,29.9672268907563,-0.284090909090909,251,6,18.0,1.0,1.0,0.8352439024390244,0.0,37.59166666666667,676.6500000000001,13.620725388601036,6,2.1079158514864376,0.2433157004612722,0.9710365853658537,21.55059132720105,6,4.0,0,Basic,Annual,9.99,credit_card,Europe,1
1341,454,20.0,17,0.16666666666666666,13.438766519823789,-0.01158102766798428,469,3,55.0,2.0,0.0,2.583641975308642,2.0,30.503454545454545,1677.69,0.0,6,0.7166002977597704,0.23694221351749556,1.0,21.28777923784494,3,2.0,0,Basic,Monthly,9.99,paypal,North America,0
1342,22,3.0,14,-0.7333333333333333,47.33636363636364,0.02859656841179065,25,3,3.0,2.0,0.0,1.1559493670886076,2.0,91.82333333333332,275.46999999999997,0.0,5,2.5480882290824245,0.2294256052223031,0.8860759493670886,2.59526938239159,3,0.0,0,Basic,Monthly,9.99,paypal,Asia,0
1343,239,14.0,10,0.36363636363636365,17.54016736401674,-0.05537214885954368,260,1,27.0,2.0,1.0,1.212212389380531,0.5,37.05222222222222,1000.41,3.226518294983025,6,1.9681474796141365,0.2517911059381121,1.0,22.273324572930353,1,6.0,0,Standard,Annual,19.99,credit_card,North America,0
1344,667,16.0,12,0.3076923076923077,19.66911544227886,0.022416413373860203,680,4,37.0,1.0,1.0,1.0635316336166194,0.0,56.328648648648645,2084.16,4.602910602910603,6,0.923228561067672,0.25161159327351545,0.9981114258734656,34.78975032851511,4,8.0,0,Standard,Monthly,19.99,bank_transfer,South America,0
1345,153,10.0,10,0.0,40.1797385620915,-0.2966507177033492,163,2,16.0,2.0,1.0,1.5125465838509318,0.5,50.798125,812.77,1.1741340959644107,6,1.2203700125633359,0.30450171147699034,1.0,10.578186596583443,2,3.0,0,Basic,Annual,9.99,paypal,North America,0
1346,129,10.0,17,-0.3888888888888889,34.876744186046515,-0.017004762744752037,133,5,14.0,3.0,1.0,2.029333333333333,1.0,44.707857142857144,625.91,21.54725274725275,6,0.8676932122156414,0.30328000878580647,1.0,6.898817345597897,5,4.0,0,Basic,Monthly,9.99,paypal,Europe,1
1347,258,17.0,8,1.0,38.781007751937985,0.045034472641924575,279,1,31.0,1.0,2.0,1.379590643274854,-0.3333333333333333,38.02516129032258,1178.78,-0.8359649122807017,6,1.9142087132265333,0.24382592565106867,0.9619883040935673,22.470433639947437,1,2.0,0,Basic,Monthly,9.99,bank_transfer,Europe,0
1348,67,6.0,11,-0.4166666666666667,34.42089552238806,-0.5961538461538461,73,6,7.0,2.0,0.0,1.1455913978494625,2.0,68.97857142857143,482.85,0.0,6,1.9500812550784778,0.3329277955432297,0.9784946236559139,6.110381077529566,6,3.0,0,Premium,Monthly,39.99,credit_card,Europe,1
1349,38,10.0,11,-0.08333333333333333,17.650000000000002,-0.02022749752720076,44,1,6.0,0.0,2.0,1.6755963302752295,-0.6666666666666666,27.613333333333333,165.68,0.0,6,1.956333950254134,0.27504670405320286,1.0,3.5808147174770038,1,4.0,0,Standard,Monthly,19.99,bank_transfer,Asia,0
1350,190,5.0,13,-0.5714285714285714,46.15052631578948,-0.23793807952223792,200,1,17.0,0.0,2.0,1.0087329434697856,-0.6666666666666666,38.97588235294118,662.59,0.0,6,1.843215059135985,0.24019496303816937,0.9824561403508771,16.852825229960576,1,8.0,0,Basic,Monthly,9.99,credit_card,North America,1
1351,402,12.0,13,-0.07142857142857142,21.670398009950247,0.057146398909136045,428,2,46.0,3.0,0.0,1.7503,3.0,43.00695652173913,1978.32,0.0,6,1.2162068523287364,0.2407597542612432,1.0,26.281208935611037,2,6.0,0,Premium,Annual,39.99,credit_card,South America,0
1352,166,17.0,18,-0.05263157894736842,39.71084337349398,-0.04391408491900993,173,1,9.0,1.0,3.0,0.8923778501628665,-0.5,39.31444444444444,353.83,-0.7608098204470501,6,1.0237722476816216,0.2510507822728109,1.0,10.085413929040735,1,6.0,0,Basic,Monthly,9.99,credit_card,Europe,0
1353,182,26.0,21,0.22727272727272727,12.848901098901099,0.051898119418287654,188,1,14.0,1.0,2.0,1.6203802281368822,-0.3333333333333333,46.07857142857143,645.1,-0.2663709887816331,6,0.7285151253406048,0.2746556387296575,1.0,8.639947437582128,1,2.0,0,Basic,Monthly,9.99,paypal,North America,0
1354,480,14.0,11,0.25,22.879791666666666,-0.03386947999538807,495,2,26.0,0.0,0.0,0.8261377870563674,0.0,40.50384615384615,1053.1,0.0,6,1.3502276470662409,0.24758518585769046,1.0,31.471747700394218,2,5.0,0,Standard,Monthly,19.99,credit_card,Europe,0
1355,106,8.0,9,-0.1,30.996226415094338,0.07373620505517996,123,1,22.0,3.0,0.0,1.5720187793427232,3.0,53.79727272727273,1183.54,0.0,6,2.712640829202482,0.25285151430014696,0.903755868544601,13.994743758212877,1,4.0,0,Premium,Monthly,39.99,credit_card,Europe,1
1356,429,20.0,15,0.3125,34.75407925407925,0.0027632071937055904,432,1,20.0,2.0,0.0,0.9046062407132244,2.0,33.9565,679.13,0.0,6,0.8790074996425105,0.24397632633266855,1.0,22.109067017082786,1,4.0,0,Premium,Annual,39.99,credit_card,North America,0
1357,155,7.0,10,-0.2727272727272727,44.14645161290323,-0.038503609713410644,187,4,34.0,5.0,2.0,2.017465886939571,1.0,43.226470588235294,1469.7,8.842527582748243,6,2.2499959637020206,0.25431297941227116,0.9278752436647173,16.852825229960576,4,8.0,0,Basic,Monthly,9.99,bank_transfer,Asia,0
1358,31,16.0,14,0.13333333333333333,42.70967741935484,0.045839656044511866,35,2,6.0,0.0,4.0,2.767272727272727,-0.8,25.81833333333333,154.91,0.0,6,1.0948754395656124,0.22668583152717722,1.0,2.1681997371879107,2,1.0,0,Standard,Monthly,19.99,credit_card,North America,0
1359,89,3.0,5,-0.3333333333333333,42.837078651685395,0.25812686698295545,113,25,24.0,0.0,2.0,1.7311848341232228,-0.6666666666666666,28.86125,692.67,0.0,6,2.45668722018333,0.25584375781077795,0.8957345971563981,13.863337713534822,25,7.0,0,Standard,Monthly,19.99,paypal,Europe,1
1360,355,13.0,16,-0.17647058823529413,23.07774647887324,-0.017034603926361684,383,2,55.0,4.0,3.0,2.391714285714286,0.25,39.43272727272728,2168.8,6.1468886941279575,6,1.2050295855697328,0.24562844213846996,1.0,22.996057818659658,2,4.0,0,Basic,Annual,9.99,paypal,North America,0
1361,522,15.0,17,-0.1111111111111111,25.417624521072796,-0.03846393034825866,545,2,54.0,2.0,1.0,1.7357550158394932,0.5,32.26037037037037,1742.06,1.4129930394431558,6,1.0902294404898656,0.25304079921597356,0.9978880675818375,31.110381077529563,2,6.0,0,Basic,Annual,9.99,paypal,Asia,0
1362,274,20.0,22,-0.08695652173913043,45.550729927007296,0.13290790279763115,279,1,13.0,0.0,1.0,0.8528448275862069,-0.5,32.603846153846156,423.85,0.0,6,1.0265227998027722,0.25335491262589843,1.0,15.243101182654401,1,3.0,0,Basic,Monthly,9.99,credit_card,South America,0
1363,308,18.0,19,-0.05,41.320779220779215,0.03845766201603963,322,2,28.0,1.0,2.0,1.4797222222222222,-0.3333333333333333,44.49142857142857,1245.76,-0.32924037460978145,6,1.193203429292764,0.2500470758452368,0.9965277777777777,18.922470433639948,2,10.0,0,Standard,Monthly,19.99,paypal,Asia,0
1364,322,16.0,14,0.13333333333333333,36.154658385093164,-0.023518041237113436,331,1,20.0,2.0,2.0,0.8979351032448378,0.0,26.18,523.6,0.5513404147698533,6,1.4587793565224092,0.2566411531126357,1.0,22.273324572930353,1,8.0,0,Premium,Monthly,39.99,credit_card,South America,0
1365,256,18.0,23,-0.20833333333333334,16.498828125,0.22768329009320654,261,1,29.0,1.0,6.0,2.4318457300275487,-0.7142857142857143,24.598275862068967,713.35,-0.9302492303799604,6,0.6968361612177111,0.25239329599003835,1.0,11.925098554533507,1,1.0,0,Basic,Monthly,9.99,apple_pay,Asia,0
1366,240,5.0,12,-0.5384615384615384,28.040833333333335,-0.29708737864077667,251,4,18.0,0.0,4.0,1.201578947368421,-0.8,47.03611111111111,846.65,0.0,6,1.24086380069996,0.2825080708922504,0.9978070175438597,14.98028909329829,4,3.0,0,Premium,Monthly,39.99,credit_card,North America,1
1367,503,20.0,22,-0.08695652173913043,36.33041749502982,-0.06710574910747258,518,1,39.0,2.0,3.0,1.50273417721519,-0.25,28.652564102564103,1117.45,-0.661503416856492,6,0.8967509999266419,0.2511262649751493,1.0,25.952693823915897,1,2.0,0,Standard,Monthly,19.99,credit_card,Europe,0
1368,104,20.0,16,0.23529411764705882,24.963461538461537,0.14061272584446202,107,3,2.0,1.0,0.0,0.39790849673202616,1.0,19.79,39.58,0.0,6,0.701941857968062,0.21111416861081925,1.0,5.026281208935611,3,2.0,0,Basic,Annual,9.99,bank_transfer,Europe,0
1369,250,20.0,16,0.23529411764705882,46.706,-0.027573750752558673,258,1,12.0,1.0,0.0,0.7838626609442061,1.0,20.580000000000002,246.96,0.0,6,1.107983059050981,0.24228906175624873,1.0,15.308804204993429,1,4.0,0,Basic,Annual,9.99,apple_pay,Europe,0
1370,164,17.0,12,0.38461538461538464,30.823780487804882,-0.04744626548999116,174,3,16.0,2.0,1.0,1.1248036951501155,0.5,47.620625,761.93,2.3050768514205866,6,1.9959462884142722,0.2529791150465835,0.9699769053117784,14.224704336399475,3,3.0,0,Standard,Annual,19.99,credit_card,North America,0
1371,269,19.0,18,0.05263157894736842,38.952788104089215,-0.024712318430484638,276,2,30.0,3.0,2.0,2.238235294117647,0.3333333333333333,44.464000000000006,1333.92,1.370338983050848,6,0.8808513707538811,0.2633218887525769,1.0,13.403416557161629,2,2.0,0,Premium,Monthly,39.99,credit_card,South America,0
1372,490,19.0,16,0.17647058823529413,37.546938775510206,-0.18979379802877275,514,1,58.0,3.0,3.0,2.234835443037975,0.0,33.98810344827586,1971.31,1.442011549566891,6,0.8766822800624172,0.2590787357138769,1.0,25.952693823915897,1,6.0,0,Basic,Monthly,9.99,credit_card,North America,0
1373,165,15.0,14,0.06666666666666667,14.764242424242424,0.025960932577189646,176,1,13.0,1.0,2.0,1.063763440860215,-0.3333333333333333,22.443076923076923,291.76,-0.8558159172472029,6,1.48261961390649,0.24931287359119583,0.9973118279569891,12.220762155059132,1,3.0,0,Basic,Monthly,9.99,apple_pay,North America,1
1374,306,11.0,15,-0.25,18.086601307189543,-0.20191481163114675,328,4,46.0,1.0,1.0,2.115166163141994,0.0,39.96304347826087,1838.3,0.8408463661453545,6,1.324613614226377,0.2516278437846181,0.9833836858006042,21.747700394218132,4,5.0,0,Standard,Annual,19.99,apple_pay,Europe,0
1375,164,22.0,21,0.045454545454545456,42.80914634146341,-0.012690060179666878,171,1,10.0,1.0,2.0,1.2323886639676114,-0.3333333333333333,25.65,256.5,-0.8998587903036007,6,0.7994951417778714,0.2661392636813313,1.0,8.114323258869907,1,3.0,0,Premium,Annual,39.99,apple_pay,Europe,0
1376,129,10.0,15,-0.3125,29.791472868217053,-0.28512396694214864,139,1,17.0,2.0,2.0,1.9601515151515152,0.0,56.84882352941177,966.4300000000001,-0.007474307069448832,6,1.1012432507601386,0.2848181691659367,1.0,8.672798948751643,1,0.0,0,Basic,Monthly,9.99,paypal,North America,1
1377,245,12.0,15,-0.1875,42.26244897959183,-0.37164479570533854,251,1,19.0,2.0,1.0,1.4716539440203564,0.5,48.03842105263158,912.73,-0.8988608374384236,6,0.947361586673016,0.28585956116437955,1.0,12.910643889618921,1,2.0,0,Standard,Annual,19.99,credit_card,Asia,0
1378,154,9.0,13,-0.2857142857142857,39.00974025974026,-0.21919226786330695,162,4,13.0,1.0,0.0,0.9893000000000001,1.0,44.276923076923076,575.6,0.0,6,2.111819738684069,0.27040996172839693,0.945,13.140604467805518,4,2.0,0,Basic,Monthly,9.99,credit_card,North America,1
1379,339,8.0,6,0.2857142857142857,14.942772861356934,0.030388151174667928,372,2,40.0,0.0,0.0,1.1960707269155209,0.0,31.674,1266.96,0.0,6,2.0999606264109194,0.26030870096065706,0.9833005893909628,33.44283837056504,2,7.0,0,Basic,Annual,9.99,paypal,Europe,0
1380,481,22.0,19,0.15,37.95176715176715,0.0030357053807409744,491,1,33.0,2.0,3.0,1.3465415549597857,-0.25,34.24090909090909,1129.95,2.2003906250000003,6,0.8979594208011947,0.231124182264657,1.0,24.50722733245729,1,6.0,0,Basic,Monthly,9.99,paypal,Europe,0
1381,145,13.0,18,-0.2631578947368421,29.71241379310345,-0.062279077596364266,154,1,16.0,2.0,0.0,1.5078637770897834,2.0,55.03125,880.5,0.0,6,1.4945722230895901,0.24200588937771306,1.0,10.611038107752956,1,2.0,0,Premium,Monthly,39.99,paypal,Europe,0
1382,298,11.0,11,0.0,34.426510067114094,0.0703396630115004,338,8,53.0,2.0,1.0,2.011620947630923,0.5,49.10811320754717,2602.73,48.55228276877761,6,1.8202482412415146,0.26925788832646863,0.9950124688279302,26.346911957950066,8,4.0,0,Basic,Monthly,9.99,bank_transfer,North America,0
1383,68,9.0,13,-0.2857142857142857,12.397058823529411,-0.035184167124793844,74,1,7.0,4.0,0.0,1.0050943396226415,4.0,39.58857142857143,277.12,0.0,6,2.5977832723275394,0.2322827764883127,0.9245283018867925,6.964520367936925,1,1.0,0,Standard,Monthly,19.99,credit_card,Asia,0
1384,108,19.0,11,0.6666666666666666,26.38703703703704,-0.07909720360235323,114,1,16.0,3.0,2.0,2.213818181818182,0.3333333333333333,39.966875,639.47,0.6004435409351321,6,1.3933311456419573,0.2530476159387765,1.0,7.227332457293035,1,5.0,0,Premium,Monthly,39.99,apple_pay,Asia,0
1385,82,5.0,13,-0.5714285714285714,14.181707317073172,-0.16888652104421942,87,9,8.0,2.0,3.0,1.1937254901960785,-0.25,53.76875,430.15,-0.28033472803347276,6,1.5138665944076692,0.2644576491063727,0.9607843137254902,6.701708278580814,9,1.0,0,Premium,Monthly,39.99,paypal,North America,1
1386,112,17.0,18,-0.05263157894736842,34.299107142857146,0.024337925913703276,115,1,9.0,1.0,1.0,1.5835838150289017,0.0,25.81555555555555,232.33999999999997,0.2770123277737491,6,0.933638803782921,0.26153675140949356,1.0,5.683311432325887,1,3.0,0,Basic,Monthly,9.99,credit_card,Europe,0
1387,163,8.0,9,-0.1,32.73865030674846,-0.30732191990217067,177,3,18.0,0.0,1.0,0.9562303664921468,-0.5,60.42888888888889,1087.72,0.0,6,2.5561677383328156,0.24950833434681738,0.9528795811518325,18.823915900131404,3,3.0,0,Basic,Monthly,9.99,apple_pay,North America,0
1388,88,9.0,6,0.42857142857142855,41.565909090909095,-0.10626438870713675,101,4,17.0,1.0,1.0,1.8157192982456143,0.0,42.67,725.39,-0.9227053140096617,6,1.9524395514382005,0.22062228026369177,1.0,9.362680683311432,4,3.0,0,Standard,Monthly,19.99,credit_card,North America,0
1389,75,12.0,11,0.08333333333333333,24.45866666666667,-0.0010858773889304318,79,1,4.0,1.0,1.0,0.6918181818181819,0.0,104.10999999999999,416.43999999999994,10.57397366382649,6,1.6607453923089046,0.23937429688505624,1.0,5.781865965834428,1,5.0,0,Standard,Annual,19.99,credit_card,South America,0
1390,44,20.0,20,0.0,38.09772727272727,0.015131919296430256,45,3,7.0,4.0,2.0,3.1335294117647057,0.6666666666666666,58.029999999999994,406.21,4.578294023763079,6,0.8160649147167844,0.24715204736026877,0.9264705882352942,2.2339027595269383,3,0.0,0,Basic,Monthly,9.99,credit_card,Asia,0
1391,238,8.0,8,0.0,28.010084033613445,-0.11840562719812431,293,2,70.0,3.0,3.0,2.7926605504587156,0.0,38.22985714285714,2676.09,-0.3623110873344925,6,1.9533345077812907,0.26173797559250295,1.0,25.065703022339026,2,6.0,0,Basic,Monthly,9.99,credit_card,North America,0
1392,554,12.0,15,-0.1875,39.21534296028881,0.08006535947712401,573,2,36.0,0.0,1.0,1.0367455061494797,-0.5,39.99611111111111,1439.8600000000001,0.0,6,1.2464675817697677,0.2667511250475913,1.0,34.72404730617608,2,8.0,0,Standard,Monthly,19.99,credit_card,South America,0
1393,663,20.0,18,0.10526315789473684,21.61085972850679,-0.015331010452961681,683,1,38.0,0.0,0.0,1.0582982616651417,0.0,29.575526315789478,1123.8700000000001,0.0,6,0.9722432251817728,0.2502079925364148,1.0,35.90670170827858,1,2.0,0,Standard,Monthly,19.99,credit_card,North America,0
1394,283,21.0,18,0.15789473684210525,33.322261484098945,-0.01555436737471427,292,1,14.0,1.0,0.0,0.9304803493449783,1.0,50.56357142857143,707.89,0.0,6,1.0091065387935296,0.2643848557233743,1.0,15.045992115637318,1,3.0,0,Standard,Annual,19.99,paypal,Europe,0
1395,215,7.0,13,-0.42857142857142855,34.2753488372093,-0.2770583588087795,227,1,17.0,0.0,3.0,1.1274074074074074,-0.75,31.18647058823529,530.17,0.0,6,1.3821733417011564,0.2923088119099598,1.0,15.078843626806833,1,9.0,0,Basic,Monthly,9.99,credit_card,Europe,1
1396,232,10.0,15,-0.3125,37.09310344827586,0.07100591715976333,265,3,54.0,0.0,2.0,2.5484651162790697,-0.6666666666666666,55.07703703703704,2974.16,0.0,6,1.9032018006862195,0.25943080891734116,0.9875968992248062,21.1892247043364,3,1.0,0,Basic,Monthly,9.99,credit_card,Oceania,0
1397,96,11.0,9,0.2,28.79895833333333,-0.017861590464330297,110,3,21.0,1.0,2.0,1.9790712074303407,-0.3333333333333333,54.89142857142857,1152.72,2.555887372013652,6,2.043695293315471,0.24342358424236188,0.9752321981424148,10.611038107752956,3,2.0,0,Basic,Annual,9.99,paypal,Europe,0
1398,145,16.0,10,0.5454545454545454,25.4151724137931,-0.030019685039370053,155,1,22.0,0.0,5.0,2.132738853503185,-0.8333333333333334,19.52318181818182,429.51,0.0,6,1.4188276482451405,0.2427627248011362,1.0,10.315374507227332,1,4.0,0,Basic,Monthly,9.99,credit_card,North America,0
1399,615,13.0,22,-0.391304347826087,25.712845528455283,-0.007045291157440698,624,1,22.0,2.0,2.0,0.6875564681724846,0.0,42.93863636363636,944.65,1.7566772849791716,6,0.9603150917976426,0.25366447309621004,1.0,31.99737187910644,1,0.0,0,Premium,Annual,39.99,credit_card,Oceania,0
1400,251,19.0,18,0.05263157894736842,23.974501992031875,-0.03345497293722921,257,2,18.0,2.0,2.0,1.373233082706767,0.0,47.46666666666667,854.4,0.20118659151587065,6,0.819707847883838,0.26519731336867397,1.0,13.107752956636006,2,3.0,0,Basic,Annual,9.99,apple_pay,Asia,0
1401,539,21.0,20,0.047619047619047616,26.936549165120592,0.032326610234437766,551,2,42.0,2.0,1.0,1.4988042203985932,0.5,48.983809523809526,2057.32,7.4965753424657535,6,0.8813517595115122,0.25159670364569686,1.0,28.02233902759527,2,4.0,0,Basic,Annual,9.99,paypal,South America,0
1402,56,7.0,10,-0.2727272727272727,35.723214285714285,0.012321909896033842,59,5,4.0,0.0,0.0,0.6764444444444445,0.0,9.175,36.7,0.0,6,2.3765337964486077,0.25119169023274196,0.9722222222222222,5.913272010512483,5,1.0,0,Standard,Annual,19.99,apple_pay,North America,0
1403,279,8.0,8,0.0,29.207168458781364,0.007416563658838119,343,3,72.0,0.0,4.0,2.0993103448275865,-0.8,55.864583333333336,4022.25,0.0,6,2.5041561378333728,0.2573800820862421,0.9386973180076629,34.2969776609724,3,13.0,0,Basic,Monthly,9.99,paypal,Europe,0
1404,253,21.0,21,0.0,30.629644268774705,-0.10314411722862418,258,1,19.0,1.0,3.0,1.3234782608695652,-0.5,31.19,592.61,-0.1732938783058997,6,1.1234316781222433,0.26613357869052645,1.0,14.35611038107753,1,2.0,0,Basic,Monthly,9.99,paypal,Asia,0
1405,162,8.0,6,0.2857142857142857,15.20925925925926,-0.007717750826901905,179,1,26.0,5.0,1.0,1.6557322175732219,2.0,24.60846153846154,639.82,3.69396551724138,6,1.9223565834672487,0.24412049193827198,0.9958158995815899,15.703022339027594,1,1.0,0,Standard,Annual,19.99,credit_card,Europe,0
1406,487,18.0,14,0.26666666666666666,29.451334702258727,0.008389261744966323,511,3,27.0,2.0,0.0,0.761,2.0,52.83148148148148,1426.45,0.0,6,1.4339617807095726,0.2502572776470991,0.9981481481481482,35.4796320630749,3,18.0,0,Premium,Monthly,39.99,paypal,Europe,0
1407,64,11.0,12,-0.07692307692307693,22.115625,-0.1684253246753247,73,1,13.0,1.0,0.0,2.39830303030303,1.0,49.25615384615385,640.33,0.0,6,1.6718230095539015,0.3493600083227363,1.0,5.4204993429697765,1,1.0,0,Premium,Monthly,39.99,bank_transfer,South America,0
1408,409,16.0,14,0.13333333333333333,42.97579462102689,-0.009636264929424723,424,1,40.0,2.0,1.0,1.7320056899004268,0.5,41.62525,1665.01,-0.17732457656412026,6,1.1046849000715557,0.25884874658584445,1.0,23.0946123521682,1,2.0,0,Premium,Monthly,39.99,credit_card,South America,0
1409,195,10.0,9,0.1,38.0974358974359,0.011700236966824673,218,1,36.0,2.0,1.0,1.5974344023323617,0.5,40.86333333333333,1471.08,-0.3313597981170533,6,2.511706675066507,0.23374593933598944,0.9489795918367347,22.536136662286463,1,0.0,0,Standard,Monthly,19.99,credit_card,North America,0
1410,171,10.0,18,-0.42105263157894735,28.24327485380117,-0.31352775164628416,186,9,28.0,2.0,4.0,2.1415075376884425,-0.4,25.731428571428573,720.48,-0.582617133351816,6,1.5411892793650013,0.2823755938698814,1.0,13.074901445466491,9,2.0,0,Basic,Monthly,9.99,bank_transfer,Asia,1
1411,63,9.0,11,-0.16666666666666666,13.619047619047619,0.1059919931745093,71,5,8.0,1.0,3.0,1.0823111111111112,-0.5,56.9725,455.78,-0.7982404692082112,6,2.4408531244536777,0.29453961975167875,0.9644444444444443,7.391590013140604,5,1.0,0,Basic,Annual,9.99,paypal,North America,0
1412,250,9.0,15,-0.375,16.8432,-0.09650333563377042,281,4,47.0,1.0,2.0,2.2927564102564104,-0.3333333333333333,36.41787234042553,1711.64,-0.9168334445185679,6,1.6560336701411191,0.26315387895780923,0.9983974358974359,20.49934296977661,4,7.0,0,Basic,Monthly,9.99,credit_card,Europe,0
1413,603,17.0,19,-0.1,32.21575456053068,-0.06388381439532334,619,4,44.0,0.0,4.0,1.4340042826552462,-0.8,41.3525,1819.51,0.0,6,0.9113772477252868,0.2362825489896883,1.0,30.683311432325887,4,3.0,0,Standard,Monthly,19.99,paypal,North America,0
1414,93,14.0,13,0.07142857142857142,22.976344086021506,0.11232048374905536,97,2,8.0,0.0,2.0,1.2683333333333333,-0.6666666666666666,29.8275,238.62,0.0,6,1.3217147288887277,0.23799332049680563,1.0,6.307490144546649,2,0.0,0,Premium,Annual,39.99,credit_card,Asia,0
1415,52,10.0,11,-0.08333333333333333,34.371153846153845,0.04476112920738309,56,2,10.0,1.0,1.0,1.9265822784810127,0.0,60.531000000000006,605.3100000000001,-0.8221064384071455,6,1.972880100831242,0.26831681478718244,1.0,5.19053876478318,2,0.0,0,Basic,Monthly,9.99,credit_card,Europe,0
1416,664,19.0,20,-0.047619047619047616,30.6769578313253,0.07052794273163608,679,1,27.0,0.0,1.0,0.7659645852749302,-0.5,34.09777777777778,920.64,0.0,6,0.9457295757473039,0.2415934529332622,1.0,35.2496714848883,1,8.0,0,Basic,Monthly,9.99,paypal,North America,0
1417,287,16.0,17,-0.05555555555555555,43.4609756097561,-0.09336095695215245,288,3,7.0,0.0,1.0,0.47141592920353986,-0.5,43.99,307.93,0.0,6,0.9833535657518704,0.2630431941960648,1.0,14.848883048620236,3,1.0,0,Premium,Monthly,39.99,paypal,Europe,0
1418,41,21.0,15,0.375,26.809756097560978,0.04084158415841589,41,1,1.0,0.0,1.0,0.40586666666666665,-0.5,42.89,42.89,0.0,6,1.3435505964154102,0.18385991732597898,1.0,2.463863337713535,1,0.0,0,Basic,Annual,9.99,credit_card,Europe,0
1419,375,17.0,15,0.125,24.963733333333334,0.007077535991307611,386,2,29.0,1.0,4.0,1.3436225266362252,-0.6,43.66413793103448,1266.26,-0.9702316271089505,6,1.0396430560450463,0.23326358304384376,1.0,21.583442838370566,2,1.0,0,Standard,Monthly,19.99,bank_transfer,Europe,0
1420,270,15.0,21,-0.2727272727272727,26.735185185185184,-0.17296620775969973,290,5,34.0,1.0,3.0,2.2597379912663755,-0.5,31.662941176470586,1076.54,-0.8029077770130764,6,0.8723975413787958,0.27968218813820583,1.0,15.045992115637318,5,13.0,0,Standard,Monthly,19.99,apple_pay,Europe,1
1421,62,23.0,15,0.5,24.906451612903226,-0.06522259578853136,64,1,9.0,3.0,4.0,2.8537500000000002,-0.2,41.92444444444445,377.32,-0.8308439523710047,6,0.737760689257306,0.2666219660624803,1.0,3.1537450722733245,1,1.0,0,Basic,Monthly,9.99,paypal,Asia,0
1422,214,18.0,25,-0.2692307692307692,38.39299065420561,-0.10292728989612841,223,1,22.0,1.0,5.0,2.01710843373494,-0.6666666666666666,31.007272727272724,682.16,-0.7872445384073291,6,0.8440890011710889,0.2458652780029481,1.0,10.90670170827858,1,4.0,0,Standard,Annual,19.99,bank_transfer,North America,0
1423,45,4.0,15,-0.6875,24.784444444444443,-0.24043648847474258,46,1,1.0,0.0,0.0,0.28990476190476194,0.0,7.65,7.65,0.0,6,2.1784064233871843,0.29042576589016234,1.0,3.4494086727989486,1,1.0,0,Standard,Monthly,19.99,apple_pay,North America,1
1424,399,11.0,14,-0.2,38.16791979949875,-0.009188660801564117,416,1,34.0,0.0,0.0,1.2394730538922156,0.0,38.35823529411765,1304.18,0.0,6,1.403895069663656,0.24711351621320704,1.0,27.43101182654402,1,4.0,0,Basic,Monthly,9.99,apple_pay,Europe,0
1425,203,14.0,11,0.25,42.12758620689655,-0.07248568492145073,215,1,11.0,0.0,1.0,0.5646543001686342,-0.5,31.704545454545453,348.75,0.0,6,2.224884690556097,0.2502663871821265,0.9325463743676223,19.48094612352168,1,6.0,0,Basic,Monthly,9.99,paypal,Asia,0
1426,43,15.0,20,-0.23809523809523808,28.309302325581395,-0.023207783031686482,44,1,3.0,1.0,1.0,1.2861971830985914,0.0,34.79,104.37,0.5559404225839972,6,1.1343816401133953,0.23124370973137548,1.0,2.3324572930354797,1,0.0,0,Standard,Monthly,19.99,paypal,Asia,0
1427,427,14.0,17,-0.16666666666666666,44.911475409836065,-0.020923520923520903,454,2,66.0,0.0,3.0,2.3039449541284407,-0.75,35.07984848484848,2315.27,0.0,6,1.3246631504093387,0.26222359715205856,1.0,28.64651773981603,2,3.0,0,Standard,Monthly,19.99,credit_card,Asia,0
1428,457,16.0,19,-0.15,30.78643326039387,-0.0735223642172524,464,1,23.0,1.0,0.0,0.8907379134860052,1.0,29.893478260869564,687.55,0.0,6,1.095109628189442,0.23599141795741116,0.9885496183206106,25.821287779237842,1,2.0,0,Basic,Annual,9.99,paypal,North America,0
1429,218,18.0,22,-0.17391304347826086,23.441284403669723,0.09504132231404962,225,1,9.0,1.0,1.0,0.6386013986013986,0.0,57.78222222222222,520.04,-0.7779840848806366,6,1.2632069759899294,0.27498492703955163,0.9953379953379954,14.09329829172142,1,5.0,0,Premium,Monthly,39.99,credit_card,Asia,0
1430,240,17.0,22,-0.21739130434782608,13.83,0.012956336265402102,249,1,28.0,3.0,0.0,2.407683615819209,3.0,39.825357142857136,1115.11,0.0,6,0.769844341946276,0.2557280922875577,1.0,11.629434954007884,1,3.0,0,Basic,Monthly,9.99,paypal,North America,0
1431,204,9.0,7,0.25,35.594607843137254,-0.32136752136752134,221,4,20.0,2.0,1.0,1.0813499111900533,0.5,44.474000000000004,889.48,-0.14200890648193967,6,2.113915428579485,0.26812044405561847,0.9449378330373002,18.495400788436267,4,2.0,0,Basic,Monthly,9.99,bank_transfer,Europe,1
1432,309,15.0,10,0.45454545454545453,21.024271844660195,0.042701092353525295,322,3,28.0,0.0,0.0,1.2797597597597599,0.0,48.18714285714286,1349.24,0.0,6,1.4381796104452012,0.25715392292623324,0.9774774774774775,21.879106438896187,3,2.0,0,Standard,Monthly,19.99,credit_card,Asia,0
1433,345,20.0,17,0.16666666666666666,35.45768115942029,-0.0074758710943889275,352,1,21.0,0.0,0.0,1.133404255319149,0.0,39.01523809523809,819.3199999999999,0.0,6,0.9101874468708018,0.24565535009921136,1.0,18.528252299605782,1,5.0,0,Standard,Annual,19.99,paypal,North America,0
1434,475,20.0,14,0.4,26.549052631578945,-0.012899869960988224,502,2,65.0,3.0,2.0,2.485678391959799,0.3333333333333333,34.366769230769236,2233.84,2.2392602300859177,6,1.0117434212778464,0.22620623558825828,1.0,26.149802890932982,2,5.0,0,Standard,Monthly,19.99,credit_card,South America,0
1435,28,8.0,8,0.0,35.46071428571428,0.07274036730284476,34,1,7.0,3.0,2.0,2.196701030927835,0.3333333333333333,37.208571428571425,260.46,1.8206050695012264,6,1.4222261679238197,0.22267574537201354,1.0,3.1865965834428382,1,1.0,0,Standard,Monthly,19.99,credit_card,North America,0
1436,102,9.0,12,-0.23076923076923078,30.58137254901961,0.023297978424440206,106,2,7.0,2.0,1.0,0.8697142857142858,0.5,29.291428571428572,205.04,-0.3252427184466019,6,1.6979841527971287,0.2596121558298283,1.0,8.04862023653088,2,1.0,0,Premium,Monthly,39.99,credit_card,North America,0
1437,325,6.0,15,-0.5625,29.199692307692306,-0.4121447028423773,331,8,19.0,1.0,5.0,1.1731440162271807,-0.6666666666666666,45.455789473684206,863.66,-0.9819901808166687,6,0.9424100413349945,0.28674177107109583,0.9939148073022313,16.1957950065703,8,0.0,0,Basic,Monthly,9.99,paypal,North America,1
1438,317,8.0,10,-0.18181818181818182,43.3223974763407,0.03857479387514713,358,1,59.0,1.0,2.0,1.8326122448979594,-0.3333333333333333,31.744915254237288,1872.95,-0.46968253968253976,6,2.0405243574053795,0.2399522915013329,0.9785714285714285,32.19448094612352,1,8.0,0,Basic,Monthly,9.99,apple_pay,Europe,0
1439,304,11.0,14,-0.2,17.17467105263158,-0.05381181437519478,328,1,43.0,0.0,3.0,1.556385255648038,-0.75,47.535581395348835,2044.03,0.0,6,2.0546235716184764,0.2471859377214899,0.9405469678953627,27.628120893561103,1,3.0,0,Premium,Monthly,39.99,apple_pay,Europe,0
1440,200,10.0,10,0.0,36.5305,0.132630410654828,237,2,52.0,2.0,4.0,2.314152046783626,-0.4,32.832884615384614,1707.31,-0.7095890410958904,6,2.4190164989545244,0.2656843309353486,0.9415204678362573,22.470433639947437,2,7.0,0,Standard,Monthly,19.99,apple_pay,South America,0
1441,232,15.0,21,-0.2727272727272727,34.28836206896552,-0.3169098712446353,243,2,23.0,0.0,0.0,1.8044329896907216,0.0,56.9595652173913,1310.07,0.0,6,1.1347291149258858,0.25124152737256117,1.0,12.746386333771353,2,4.0,0,Standard,Monthly,19.99,credit_card,North America,1
1442,518,12.0,11,0.08333333333333333,15.642857142857142,0.02529043789097403,565,2,77.0,0.0,4.0,2.1864552238805968,-0.8,38.44922077922078,2960.59,0.0,6,1.2530853297688456,0.24580146079719725,1.0,35.21681997371879,2,16.0,0,Standard,Monthly,19.99,paypal,North America,0
1443,112,12.0,13,-0.07142857142857142,13.299999999999999,-0.0015259409969481125,115,4,4.0,1.0,0.0,0.5411555555555556,1.0,18.8875,75.55,0.0,6,1.5009441731660214,0.22566323537351418,0.9955555555555554,7.391590013140604,4,1.0,0,Standard,Monthly,19.99,paypal,North America,0
1444,210,12.0,8,0.4444444444444444,16.04952380952381,0.05571428571428559,252,2,58.0,1.0,1.0,2.627261904761905,0.0,35.72344827586207,2071.96,-0.7838983050847458,6,2.151689783473164,0.26389197768426215,0.9375,22.07621550591327,2,7.0,0,Premium,Monthly,39.99,apple_pay,South America,0
1445,174,5.0,11,-0.5,26.700574712643675,0.12716521739130437,203,10,32.0,0.0,4.0,1.6999650959860386,-0.8,27.59875,883.16,0.0,6,2.2062956523081447,0.2785420385299318,0.9528795811518325,18.823915900131404,10,8.0,0,Basic,Annual,9.99,paypal,North America,1
1446,180,11.0,10,0.09090909090909091,12.823333333333332,0.022727272727272735,189,1,10.0,1.0,1.0,0.6546236559139785,0.0,53.56,535.6,-0.8361662912144173,6,2.112869289480398,0.2161628528644947,0.978494623655914,15.275952693823916,1,2.0,0,Standard,Monthly,19.99,bank_transfer,North America,0
1447,407,22.0,22,0.0,24.17960687960688,0.2032586558044806,419,1,31.0,1.0,0.0,1.522,1.0,38.498387096774195,1193.45,0.0,6,0.8286046461985979,0.25006639400639424,1.0,20.367936925098554,1,8.0,0,Standard,Annual,19.99,credit_card,Asia,0
1448,176,10.0,10,0.0,19.82784090909091,0.04365436543654377,196,2,28.0,1.0,0.0,1.5005633802816902,1.0,42.88142857142857,1200.68,0.0,6,2.6229935498528,0.2073416471625022,0.948943661971831,18.659658344283837,2,1.0,0,Basic,Annual,9.99,apple_pay,Europe,0
1449,187,11.0,11,0.0,14.764171122994654,0.009410288582183086,218,1,49.0,2.0,3.0,2.4776744186046513,-0.25,28.912448979591836,1416.71,-0.4947310038824182,6,2.067174920572619,0.23266917699354508,0.9883720930232558,19.776609724047304,1,2.0,0,Standard,Monthly,19.99,paypal,North America,0
1450,461,20.0,16,0.23529411764705882,42.40281995661606,-0.04642561413193484,468,1,22.0,2.0,0.0,0.8466245259165613,2.0,48.415909090909096,1065.15,0.0,6,1.1171674697105671,0.26401640949538224,1.0,25.985545335085412,1,5.0,0,Standard,Monthly,19.99,credit_card,North America,0
1451,288,17.0,22,-0.21739130434782608,27.011805555555554,0.027135131986447087,298,1,22.0,1.0,2.0,1.5359633027522936,-0.3333333333333333,39.054545454545455,859.1999999999999,0.5538199375177506,6,0.7795502598925922,0.2719919779982873,1.0,14.323258869908015,1,3.0,0,Standard,Monthly,19.99,credit_card,North America,0
1452,12,2.0,10,-0.7272727272727273,38.975,-0.4350348027842228,12,2,0.0,0.0,0.0,0.0,0.0,0.0,0.0,0.0,5,5.231026320296655,0.3237542480075755,0.8032786885245903,2.0039421813403417,2,0.0,0,Standard,Monthly,19.99,bank_transfer,North America,1
1453,374,12.0,11,0.08333333333333333,12.721122994652406,0.044930291508238275,386,4,27.0,1.0,0.0,1.201578947368421,1.0,25.674074074074074,693.2,0.0,6,1.2150971314923913,0.24220236623500618,1.0,22.470433639947437,4,8.0,0,Basic,Annual,9.99,credit_card,Europe,0
1454,111,16.0,13,0.21428571428571427,29.724324324324325,0.06282578875171464,117,4,20.0,2.0,1.0,2.8990476190476193,0.5,81.635,1632.7,65.2267441860465,6,1.1140038140648911,0.22969898818422466,1.0,6.898817345597897,4,1.0,0,Basic,Annual,9.99,credit_card,North America,0
1455,447,12.0,14,-0.13333333333333333,31.989485458612975,-0.07529192635575617,483,2,66.0,1.0,1.0,1.8364168190127972,0.0,38.887424242424245,2566.57,-0.8041440552540701,6,1.6984384073899104,0.24517913108782588,0.9917733089579526,35.939553219448094,2,4.0,0,Premium,Monthly,39.99,paypal,Asia,0
1456,94,11.0,15,-0.25,15.193617021276596,0.05885660731021577,104,1,12.0,0.0,0.0,1.817313432835821,0.0,31.334166666666665,376.01,0.0,6,1.3990560032971153,0.23821756993263973,1.0,6.603153745072273,1,3.0,0,Premium,Monthly,39.99,credit_card,Europe,0
1457,128,12.0,12,0.0,27.375,-0.10561464259213454,140,1,20.0,3.0,1.0,2.029333333333333,1.0,56.841499999999996,1136.83,1.8763642287017426,6,1.6322587371896327,0.22560828508616565,1.0,9.85545335085414,1,4.0,0,Standard,Monthly,19.99,paypal,North America,0
1458,435,18.0,18,0.0,36.67448275862069,0.021600828524929883,441,1,21.0,1.0,0.0,0.824825806451613,1.0,30.052380952380954,631.1,0.0,6,1.0762116510764095,0.24077562477528897,1.0,25.45992115637319,1,3.0,0,Premium,Monthly,39.99,paypal,Oceania,0
1459,37,8.0,9,-0.1,20.3,-0.07596099491237977,42,12,6.0,0.0,1.0,1.46112,-0.5,40.44833333333333,242.69,0.0,6,1.7610279703045952,0.4621872306676178,0.952,4.106438896189225,12,0.0,0,Standard,Monthly,19.99,credit_card,North America,1
1460,292,20.0,23,-0.125,42.80719178082192,-0.06729584740711303,298,1,14.0,1.0,2.0,0.9164731182795699,-0.3333333333333333,28.472857142857144,398.62,-0.9141529495156335,6,0.9745020265008177,0.23163523009222062,1.0,15.275952693823916,1,1.0,0,Standard,Annual,19.99,credit_card,Asia,0
1461,691,20.0,22,-0.08695652173913043,30.3671490593343,0.08313868613138689,703,1,45.0,1.0,1.0,1.313326941514861,0.0,33.288666666666664,1497.99,-0.14517543859649132,6,0.8523650673163891,0.252470152876455,1.0,34.26412614980289,1,6.0,0,Standard,Monthly,19.99,credit_card,South America,0
1462,242,17.0,18,-0.05263157894736842,37.72520661157025,0.01192037292408701,251,3,10.0,1.0,0.0,0.7886010362694301,1.0,50.351,503.51,0.0,6,0.878671871080503,0.25744630526930345,0.9974093264248705,12.680683311432325,3,10.0,0,Premium,Monthly,39.99,credit_card,Europe,0
1463,14,3.0,6,-0.42857142857142855,20.75,-0.4040114613180516,17,1,3.0,2.0,0.0,1.0743529411764705,2.0,22.78333333333333,68.35,0.0,6,5.347507207412939,0.41918015774257067,0.9058823529411765,2.7923784494086727,1,1.0,0,Standard,Monthly,19.99,paypal,North America,0
1464,118,9.0,7,0.25,24.529661016949152,-0.05290389341611703,120,1,5.0,0.0,0.0,0.499016393442623,0.0,25.194,125.97,0.0,6,2.331426707272393,0.24463394851689388,0.9639344262295082,10.019710906701707,1,1.0,0,Premium,Monthly,39.99,credit_card,Europe,0
1465,114,9.0,13,-0.2857142857142857,37.31666666666667,-0.005645784996133057,124,4,16.0,2.0,1.0,1.824119850187266,0.5,21.961875,351.39,1.4596622889305815,6,1.4218736383645152,0.2808295129668489,0.9700374531835205,8.771353482260183,4,0.0,0,Premium,Monthly,39.99,paypal,Asia,0
1466,235,12.0,18,-0.3157894736842105,24.31872340425532,-0.06715083798882682,246,2,23.0,1.0,2.0,1.6206481481481483,-0.3333333333333333,30.80217391304348,708.45,1.7280521262002744,6,1.0699052402673594,0.2523041560150563,1.0,14.19185282522996,2,5.0,0,Basic,Annual,9.99,credit_card,North America,0
1467,257,12.0,3,2.25,41.53657587548638,-0.1859418282548477,298,1,50.0,2.0,1.0,1.7990543735224587,0.5,27.338800000000003,1366.94,2.7129629629629632,6,2.3544924174085895,0.2516546735824721,0.9598108747044917,27.792378449408673,1,5.0,0,Basic,Annual,9.99,apple_pay,Oceania,0
1468,48,9.0,22,-0.5652173913043478,34.82083333333333,-0.12396852811360577,50,15,9.0,2.0,4.0,3.3822222222222225,-0.4,46.29222222222222,416.63,0.3106769145291233,6,0.6308400618805604,0.2472980699121553,0.8641975308641976,2.6609724047306176,15,0.0,0,Basic,Annual,9.99,apple_pay,Europe,1
1469,113,12.0,9,0.3,41.0504424778761,-0.054816824966078766,126,3,19.0,3.0,2.0,1.7060766961651919,0.3333333333333333,26.76736842105263,508.58,-0.7223501587104002,6,2.27105205122094,0.2659405354768223,0.9292035398230089,11.136662286465176,3,2.0,0,Standard,Monthly,19.99,credit_card,Europe,0
1470,8,4.0,4,0.0,25.6375,-0.3607692307692308,8,3,2.0,1.0,1.0,1.352888888888889,0.0,13.74,27.48,-0.12468193384223923,5,3.0550504633038935,0.6590964569477404,1.0,1.4783180026281209,3,0.0,0,Basic,Monthly,9.99,bank_transfer,Asia,1
1471,70,9.0,6,0.42857142857142855,35.55714285714286,0.009268136784915327,77,4,6.0,1.0,2.0,0.8416589861751153,-0.3333333333333333,40.96666666666666,245.79999999999998,-0.26375755696791203,6,2.0721630363276935,0.22710588174735913,0.967741935483871,7.128777923784494,4,1.0,0,Basic,Annual,9.99,credit_card,Europe,0
1472,382,14.0,13,0.07142857142857142,18.90628272251309,0.20292207792207792,408,2,64.0,2.0,1.0,2.8152601156069363,0.5,32.25984375,2064.63,-0.020561685055165504,6,1.1077660587591336,0.2606624019836427,1.0,22.733245729303547,2,3.0,0,Basic,Monthly,9.99,credit_card,North America,0
1473,50,8.0,9,-0.1,24.396,0.125,63,1,18.0,1.0,3.0,3.061005586592179,-0.5,34.062777777777775,613.13,-0.9169489029597997,6,2.6580152275263647,0.22263439672982996,0.9776536312849161,5.88042049934297,1,0.0,0,Basic,Monthly,9.99,bank_transfer,South America,0
1474,189,10.0,10,0.0,37.08359788359788,-0.031027466937945038,223,1,40.0,2.0,0.0,1.5979002624671919,2.0,39.171499999999995,1566.86,0.0,6,2.8053922059221876,0.24338193667806135,0.9094488188976377,25.03285151116951,1,7.0,0,Premium,Monthly,39.99,bank_transfer,Asia,0
1475,35,11.0,23,-0.5,33.37714285714286,-0.018204645323289383,35,1,0.0,0.0,0.0,0.0,0.0,0.0,0.0,0.0,6,1.5774706169171826,0.19978444583985377,1.0,2.0039421813403417,1,1.0,0,Basic,Annual,9.99,credit_card,Asia,0
1476,76,7.0,7,0.0,42.810526315789474,-0.054423837032532535,88,3,12.0,1.0,0.0,1.061860465116279,1.0,54.839166666666664,658.0699999999999,0.0,6,3.321980131103456,0.23740865893118737,0.875,11.300919842312746,3,1.0,0,Basic,Monthly,9.99,bank_transfer,North America,0
1477,86,4.0,7,-0.375,14.730232558139534,-0.17813092979127143,88,10,6.0,2.0,1.0,0.7872413793103449,0.5,19.400000000000002,116.4,-0.18739954998392794,6,2.062055197757642,0.21417639623800566,0.9655172413793103,7.621550591327201,10,0.0,0,Basic,Monthly,9.99,apple_pay,North America,1
1478,315,17.0,9,0.8,17.636190476190475,-0.002720588235294308,345,1,62.0,0.0,2.0,2.816835820895523,-0.6666666666666666,31.225645161290323,1935.99,0.0,6,1.4244333755517862,0.24930074457979212,1.0,22.010512483574242,1,2.0,0,Basic,Monthly,9.99,paypal,Europe,0
1479,440,14.0,11,0.25,27.226363636363637,0.05868182243427828,454,2,18.0,1.0,2.0,0.5078035217794254,-0.3333333333333333,65.70166666666667,1182.63,-0.8422117608192929,6,1.737439329255774,0.24003470354442424,0.9990732159406859,35.446780551905384,2,5.0,0,Standard,Annual,19.99,bank_transfer,Europe,0
1480,316,11.0,14,-0.2,28.132278481012655,-0.030533471598110387,372,1,77.0,1.0,2.0,2.377160243407708,-0.3333333333333333,40.03584415584416,3082.76,2.5331210191082802,6,2.177920555739243,0.2494307915439107,0.9655172413793103,32.3915900131406,1,7.0,0,Premium,Annual,39.99,credit_card,North America,0
1481,186,5.0,5,0.0,35.59784946236559,-0.22666666666666668,209,2,22.0,2.0,1.0,1.2564352720450283,0.5,41.51909090909091,913.4200000000001,1.7586206896551726,6,2.116667544483178,0.2746560763261204,0.9981238273921201,17.509855453350852,2,6.0,0,Standard,Monthly,19.99,credit_card,North America,1
1482,707,21.0,20,0.047619047619047616,25.582743988684584,0.15079365079365065,726,2,40.0,0.0,0.0,1.1541232227488152,0.0,50.09675,2003.87,0.0,6,0.7897900587029834,0.24822606426949909,1.0,34.65834428383705,2,8.0,0,Basic,Monthly,9.99,paypal,North America,0
1483,508,17.0,21,-0.18181818181818182,19.52952755905512,-0.31118373275236016,514,4,17.0,1.0,1.0,0.7040544217687076,0.0,29.975294117647056,509.58,-0.37110669317428757,6,0.7747991470849639,0.27062413984820766,1.0,24.14586070959264,4,7.0,0,Basic,Annual,9.99,paypal,Europe,0
1484,178,10.0,13,-0.21428571428571427,41.37078651685393,-0.0018798378179137672,195,1,21.0,1.0,1.0,1.33175,0.0,44.85,941.85,-0.09665976943541235,6,2.0338004357315436,0.2496897488847744,0.9770833333333334,15.768725361366622,1,8.0,0,Basic,Monthly,9.99,paypal,Asia,0
1485,79,11.0,8,0.3333333333333333,25.50126582278481,-0.10361095989838512,94,3,20.0,4.0,2.0,2.4647773279352228,0.6666666666666666,47.685,953.7,11.373153229210637,6,2.35867491583278,0.25912241693425814,0.9352226720647774,8.114323258869907,3,0.0,0,Basic,Monthly,9.99,paypal,North America,0
1486,420,7.0,16,-0.5294117647058824,41.80190476190476,0.058936188735091884,434,6,17.0,0.0,0.0,0.5516844349680171,0.0,35.086470588235294,596.47,0.0,6,1.5878900032939773,0.24527907491756915,0.9850746268656716,30.814717477003942,6,3.0,0,Premium,Monthly,39.99,credit_card,North America,0
1487,35,12.0,12,0.0,19.92,-0.21735820327369607,38,5,1.0,1.0,0.0,0.3902564102564103,1.0,272.59,272.59,0.0,6,1.0787324337682924,0.42453834010882346,0.9871794871794872,2.562417871222076,5,4.0,0,Basic,Monthly,9.99,credit_card,Europe,1
1488,47,4.0,6,-0.2857142857142857,32.11914893617021,-0.17367038739330273,51,6,5.0,0.0,0.0,0.7968586387434555,0.0,34.262,171.31,0.0,6,3.208725349316601,0.3105428590703483,0.9162303664921466,6.274638633377135,6,3.0,0,Standard,Monthly,19.99,bank_transfer,Europe,1
1489,371,22.0,21,0.045454545454545456,32.60862533692722,-0.05963606895535566,384,1,40.0,5.0,1.0,2.3596899224806203,2.0,28.175,1127.0,5.203815728245696,6,0.6758870987056274,0.24242929397284266,1.0,16.95137976346912,1,1.0,0,Basic,Monthly,9.99,paypal,North America,0
1490,503,17.0,19,-0.1,34.572763419483096,-0.11684114881681355,521,1,54.0,1.0,1.0,1.9852173913043478,0.0,39.80222222222223,2149.32,-0.7373150105708246,6,0.9331517534943883,0.23832259654485077,1.0,27.201051248357423,1,6.0,0,Basic,Monthly,9.99,credit_card,South America,0
1491,435,13.0,13,0.0,18.624827586206898,-0.0025849335302805553,449,2,21.0,0.0,1.0,0.7032343234323433,-0.5,26.37142857142857,553.8,0.0,6,1.4243728750746143,0.25948783026120453,0.9933993399339933,29.86202365308804,2,1.0,0,Basic,Monthly,9.99,credit_card,South America,0
1492,557,9.0,18,-0.47368421052631576,32.280430879712746,0.0470241193822661,573,2,30.0,0.0,0.0,0.8713740458015267,0.0,44.86066666666667,1345.82,0.0,6,1.233798535818297,0.2441027197635129,1.0,34.42838370565046,2,9.0,0,Standard,Annual,19.99,credit_card,Asia,0
1493,366,17.0,14,0.2,12.641803278688524,-0.008386123680241298,385,2,27.0,0.0,0.0,1.0325125628140703,0.0,24.9462962962963,673.5500000000001,0.0,6,1.380808011956541,0.2337182738027611,1.0,26.149802890932982,2,6.0,0,Basic,Monthly,9.99,bank_transfer,Oceania,0
1494,657,20.0,18,0.10526315789473684,38.74748858447489,0.02141713370696555,674,1,59.0,2.0,3.0,1.6644670991658945,-0.25,36.480000000000004,2152.32,-0.7699519854658706,6,0.9889853659472821,0.2479418025528921,1.0,35.446780551905384,1,3.0,0,Basic,Monthly,9.99,credit_card,Europe,0
1495,175,3.0,9,-0.6,31.374857142857145,0.1445562671546204,193,17,14.0,0.0,0.0,0.7623613595706619,0.0,48.103571428571435,673.45,0.0,6,2.377082993967485,0.26726355296826665,0.9516994633273702,18.363994743758212,17,10.0,0,Basic,Monthly,9.99,paypal,North America,1
1496,51,8.0,9,-0.1,25.60588235294118,-0.38171875000000005,56,7,8.0,2.0,2.0,2.0637288135593224,0.0,18.49375,147.95,-0.23337882628192627,6,1.9720265943665387,0.36977846323135416,0.9491525423728814,3.876478318002628,7,0.0,0,Standard,Monthly,19.99,paypal,Europe,1
1497,405,24.0,23,0.041666666666666664,13.353086419753087,-0.005543237250554268,408,1,24.0,0.0,1.0,1.2639446366782008,-0.5,41.44583333333333,994.6999999999999,0.0,6,0.7542859948658802,0.25258452337452947,1.0,18.988173455978973,1,4.0,0,Premium,Monthly,39.99,credit_card,North America,0
1498,142,14.0,15,-0.0625,17.369014084507043,-0.10335645886261481,148,1,8.0,1.0,0.0,0.7447094801223242,1.0,37.9825,303.86,0.0,6,1.7631648673492935,0.2664255463553793,0.9847094801223242,10.74244415243101,1,6.0,0,Premium,Monthly,39.99,bank_transfer,Europe,0
1499,208,18.0,19,-0.05,37.253846153846155,-0.04448257655755025,213,2,14.0,0.0,1.0,1.340125786163522,-0.5,40.355714285714285,564.98,0.0,6,0.7572121857158325,0.2499532113540623,1.0,10.446780551905388,2,2.0,0,Premium,Annual,39.99,credit_card,North America,0
1500,161,15.0,12,0.23076923076923078,44.69192546583851,-0.07736412502488561,166,2,11.0,1.0,0.0,1.0836245954692558,1.0,34.99636363636363,384.96,0.0,6,1.1364094595343455,0.28851175472322094,1.0,10.151116951379763,2,0.0,0,Standard,Monthly,19.99,credit_card,Asia,0
1501,418,14.0,14,0.0,43.17870813397129,0.13691702566023592,441,1,41.0,1.0,0.0,1.4946586826347306,1.0,28.554634146341463,1170.74,0.0,6,1.235258907368649,0.24103737838008,1.0,27.43101182654402,1,7.0,0,Premium,Monthly,39.99,paypal,North America,0
1502,121,6.0,10,-0.36363636363636365,30.99421487603306,-0.0024050024050022685,132,14,17.0,2.0,1.0,1.2937,0.5,28.939411764705884,491.97,0.4551786795881282,6,2.360543743405993,0.20077159414212017,0.945,13.140604467805518,14,3.0,0,Premium,Monthly,39.99,bank_transfer,Europe,0
1503,686,22.0,20,0.09523809523809523,19.875801749271137,0.09309674282936321,711,1,75.0,4.0,2.0,2.2514792899408285,0.6666666666666666,33.78573333333333,2533.93,0.9117647058823529,6,0.7784940339687451,0.2568459645719773,1.0,33.31143232588699,1,3.0,0,Standard,Monthly,19.99,paypal,Asia,0
1504,612,20.0,15,0.3125,26.023366013071893,0.12729474757776643,625,1,26.0,1.0,0.0,0.7706329113924051,1.0,32.905,855.53,0.0,6,1.0347255052518367,0.24487946960795226,1.0,33.73850197109067,1,11.0,0,Basic,Annual,9.99,credit_card,Europe,0
1505,435,15.0,9,0.6,37.60712643678161,-0.09087026161238657,479,1,74.0,3.0,2.0,2.293849287169043,0.3333333333333333,39.970000000000006,2957.78,4.009861932938856,6,1.3962313047152826,0.24492270476354588,1.0,32.26018396846255,1,6.0,0,Basic,Monthly,9.99,credit_card,North America,0
1506,84,8.0,14,-0.4,17.942857142857143,-0.1221977582065654,87,1,8.0,1.0,2.0,1.106909090909091,-0.3333333333333333,34.90125,279.21,-0.7450912848777128,6,1.844910179507782,0.2595238895901725,1.0,7.227332457293035,1,0.0,0,Standard,Monthly,19.99,credit_card,North America,0
1507,674,24.0,17,0.3888888888888889,42.38234421364985,0.01997724534868151,691,1,41.0,3.0,1.0,1.170769230769231,1.0,60.93634146341463,2498.39,14.313707165109033,6,0.8911723595454869,0.24952234896905362,1.0,35.019710906701704,1,13.0,0,Standard,Monthly,19.99,credit_card,Europe,0
1508,556,22.0,24,-0.08,22.34640287769784,0.050118052880992615,565,1,38.0,2.0,5.0,1.4298145859085292,-0.5,27.69526315789474,1052.42,-0.7736497034030596,6,0.7520719943902343,0.2612797752142562,1.0,26.576872536136662,1,5.0,0,Premium,Monthly,39.99,credit_card,North America,0
1509,278,0.0,8,-0.8888888888888888,36.89244604316547,0.0,320,22,48.0,2.0,0.0,2.1023309352517985,2.0,48.02,2304.96,0.0,6,1.49672196906056,0.2534290637836191,0.9669064748201438,22.831800262812088,22,16.0,0,Basic,Annual,9.99,paypal,North America,1
1510,562,22.0,18,0.21052631578947367,30.740747330960854,0.00966151049468955,569,3,19.0,1.0,1.0,0.6369603524229075,0.0,30.94315789473684,587.92,0.28963247394404834,6,0.9549412730817013,0.2569299295062958,1.0,29.829172141918527,3,6.0,0,Standard,Monthly,19.99,credit_card,Oceania,0
1511,83,22.0,20,0.09523809523809523,30.44216867469879,-0.016220530801904116,85,2,10.0,0.0,3.0,2.3596899224806203,-0.75,26.054000000000002,260.54,0.0,6,0.8139454352371025,0.28276226453049047,1.0,4.23784494086728,2,0.0,0,Standard,Monthly,19.99,paypal,North America,0
1512,35,3.0,7,-0.5,18.737142857142857,-0.03848431024274727,44,24,7.0,0.0,1.0,1.33175,-0.5,41.09571428571429,287.67,0.0,6,2.7210674734202875,0.290954916895132,0.74375,5.256241787122208,24,4.0,0,Standard,Monthly,19.99,apple_pay,North America,1
1513,257,18.0,16,0.11764705882352941,40.95564202334631,-0.03277110874740422,273,2,31.0,2.0,3.0,2.115784753363229,-0.25,43.16516129032258,1338.12,-0.36459602111246453,6,1.050804109806814,0.24657301641802554,1.0,14.651773981603153,2,6.0,0,Basic,Monthly,9.99,paypal,North America,0
1514,13,5.0,8,-0.3333333333333333,23.807692307692307,-0.34080560420315237,13,18,0.0,0.0,0.0,0.0,0.0,0.0,0.0,0.0,4,1.775250729197189,0.5709155982460223,0.7924528301886793,1.7411300919842312,18,0.0,0,Standard,Monthly,19.99,paypal,Asia,1
1515,593,22.0,22,0.0,15.672849915682969,0.024529844644317313,604,3,31.0,0.0,1.0,1.1207125890736342,-0.5,39.652580645161294,1229.23,0.0,6,0.6936292411383292,0.2653455039575299,0.997624703087886,27.660972404730618,3,4.0,0,Basic,Annual,9.99,paypal,Europe,0
1516,339,8.0,11,-0.25,34.56578171091445,0.16406472768748218,359,2,32.0,2.0,2.0,0.9250522317188984,0.0,34.2340625,1095.49,-0.36310649023314434,6,2.2659108686901797,0.25990088776268666,0.9439696106362774,34.59264126149803,2,3.0,0,Basic,Monthly,9.99,credit_card,North America,0
1517,99,11.0,12,-0.07692307692307693,44.68080808080808,0.0027193556159854668,108,2,17.0,3.0,0.0,2.2696491228070177,3.0,50.43588235294118,857.41,0.0,6,1.5633340658721944,0.23220890289549062,0.9824561403508772,7.490144546649145,2,0.0,0,Basic,Monthly,9.99,credit_card,North America,0
1518,65,10.0,10,0.0,14.664615384615386,0.26876876876876893,71,4,7.0,3.0,2.0,0.9145064377682404,0.3333333333333333,94.83857142857143,663.87,0.4721240792861848,6,2.219059170568571,0.22227803226349696,0.9313304721030043,7.654402102496714,4,3.0,0,Standard,Monthly,19.99,credit_card,North America,1
1519,67,11.0,17,-0.3333333333333333,19.30597014925373,0.10728861376646869,69,3,4.0,0.0,1.0,0.8171812080536913,-0.5,87.52,350.08,0.0,6,1.4170044700458562,0.24931984434725196,1.0,4.894875164257556,3,1.0,0,Basic,Monthly,9.99,paypal,Europe,1
1520,119,14.0,17,-0.16666666666666666,28.74033613445378,0.10698618281655682,119,2,3.0,0.0,0.0,0.40229074889867844,0.0,81.86333333333334,245.59000000000003,0.0,6,1.2249814113718531,0.2545569714391756,1.0,7.457293035479632,2,0.0,0,Basic,Monthly,9.99,bank_transfer,North America,0
1521,40,20.0,20,0.0,28.402499999999996,0.0793847241867043,41,1,3.0,2.0,1.0,1.522,0.5,11.133333333333333,33.4,-0.24578790882061444,6,0.9054677216067918,0.2549173225108856,1.0,1.9710906701708277,1,0.0,0,Basic,Monthly,9.99,apple_pay,North America,0
1522,125,17.0,19,-0.1,22.4496,-0.036150562461406445,129,2,8.0,1.0,0.0,1.2617616580310882,1.0,69.98,559.84,0.0,6,0.7836528010531354,0.29863744401362535,1.0,6.340341655716163,2,4.0,0,Premium,Monthly,39.99,paypal,Asia,0
1523,432,14.0,19,-0.25,21.351388888888888,-0.09732837687604229,448,3,39.0,2.0,1.0,1.504638783269962,0.5,45.60076923076923,1778.43,3.015584415584416,6,1.1578413115984731,0.25052227261283777,0.9936628643852979,25.919842312746386,3,7.0,0,Premium,Annual,39.99,bank_transfer,Europe,0
1524,340,19.0,18,0.05263157894736842,35.453529411764706,-0.030645936596244348,351,1,17.0,0.0,0.0,0.8610316139767055,0.0,53.76529411764706,914.01,0.0,6,0.9734124117202511,0.25714846362247207,1.0,19.743758212877793,1,2.0,0,Standard,Monthly,19.99,paypal,North America,0
1525,436,18.0,17,0.05555555555555555,28.15802752293578,0.04064923180657913,448,1,27.0,1.0,2.0,1.1478770949720671,-0.3333333333333333,39.33148148148148,1061.95,-0.7782758620689655,6,0.9811221617214365,0.2443809654184671,1.0,23.52168199737188,1,2.0,0,Basic,Annual,9.99,paypal,North America,0
1526,48,20.0,16,0.23529411764705882,35.12083333333333,0.035877729257641856,50,1,4.0,0.0,3.0,1.4495238095238097,-0.75,23.0725,92.29,0.0,6,1.0080458633341214,0.24247051547365542,1.0,2.759526938239159,1,0.0,0,Premium,Monthly,39.99,credit_card,North America,0
1527,139,13.0,6,1.0,36.43669064748201,0.058697896273093006,149,1,22.0,2.0,2.0,1.9025,0.0,21.082727272727272,463.82,-0.1196673897324656,6,1.7661996767162897,0.2500143348945817,0.9943181818181819,11.563731931668856,1,1.0,0,Premium,Monthly,39.99,bank_transfer,North America,0
1528,281,13.0,14,-0.06666666666666667,36.239145907473315,-0.011741058609577854,302,1,38.0,2.0,1.0,1.7741104294478527,0.5,51.15605263157895,1943.93,12.234665427509295,6,1.794756729058441,0.2614437336702798,0.9769938650306749,21.419185282522996,1,3.0,0,Premium,Monthly,39.99,credit_card,Europe,0
1529,180,7.0,5,0.3333333333333333,39.63333333333333,0.24027581329561537,216,1,48.0,2.0,2.0,2.272348367029549,0.0,49.30458333333333,2366.62,-0.6720265820156051,6,2.421629693338422,0.23784882954864386,0.9362363919129082,21.12352168199737,1,0.0,0,Premium,Monthly,39.99,paypal,Europe,0
1530,128,18.0,16,0.11764705882352941,19.4265625,-0.019781274640885832,130,1,4.0,0.0,0.0,0.5052282157676349,0.0,18.005,72.02,0.0,6,1.0950469884789162,0.25125065086952025,1.0,7.917214191852825,1,0.0,0,Standard,Monthly,19.99,credit_card,South America,0
1531,503,20.0,20,0.0,36.15328031809145,-0.06388666132050273,522,1,62.0,5.0,2.0,2.543504043126685,1.0,39.61451612903225,2456.1,-0.5421908083198406,6,0.8027617323570896,0.24747738058017085,1.0,24.375821287779235,1,6.0,0,Standard,Annual,19.99,credit_card,Europe,0
1532,323,14.0,11,0.25,29.559133126934984,-0.06976652156707555,330,1,16.0,0.0,0.0,0.6485219707057257,0.0,50.71125,811.38,0.0,6,1.7346223425326852,0.24493880454976055,0.9880159786950732,24.67148488830486,1,1.0,0,Standard,Annual,19.99,paypal,North America,0
1533,246,11.0,5,1.0,36.25365853658536,0.025140059319241227,300,2,60.0,2.0,4.0,1.8029615004935833,-0.4,45.348333333333336,2720.9,-0.06524591647436775,6,2.9208199147557528,0.2550112764268586,0.9259624876604146,33.27858081471748,2,11.0,0,Basic,Annual,9.99,bank_transfer,South America,0
1534,307,9.0,6,0.42857142857142855,39.83257328990228,0.19783910059862736,320,1,15.0,0.0,1.0,0.5101675977653631,-0.5,25.71333333333333,385.7,0.0,6,2.48046328202855,0.24187088715737368,0.9385474860335196,29.402102496714846,1,6.0,0,Basic,Annual,9.99,bank_transfer,North America,0
1535,269,10.0,15,-0.3125,28.826022304832712,0.0300303555941023,315,2,56.0,4.0,1.0,2.3319288645690834,1.5,38.716071428571425,2168.1,0.6295356508500382,6,1.8937535953875155,0.2505820128678209,0.9863201094391245,24.014454664914584,2,11.0,0,Basic,Annual,9.99,credit_card,Europe,0
1536,273,10.0,9,0.1,14.401098901098901,-0.06918429003021151,282,3,15.0,0.0,0.0,0.8271739130434782,0.0,28.52733333333333,427.90999999999997,0.0,6,1.4096587435470929,0.28128998056209586,1.0,18.134034165571617,3,6.0,0,Basic,Monthly,9.99,credit_card,North America,1
1537,73,6.0,14,-0.5333333333333333,35.77123287671233,-0.028590279305036242,81,2,8.0,1.0,2.0,1.063406113537118,-0.3333333333333333,28.91375,231.31,-0.3578587699316628,6,2.282431526001618,0.26720370314266617,1.0,7.522996057818659,2,3.0,0,Basic,Annual,9.99,credit_card,North America,0
1538,237,20.0,17,0.16666666666666666,15.68691983122363,0.029052243804420497,241,1,18.0,0.0,1.0,1.4268750000000001,-0.5,39.781666666666666,716.0699999999999,0.0,6,0.9546096780244605,0.22699528182986733,1.0,12.614980289093298,1,2.0,0,Standard,Annual,19.99,paypal,North America,0
1539,294,12.0,14,-0.13333333333333333,44.06734693877551,0.011878868997824891,305,1,16.0,0.0,1.0,0.7880906148867315,-0.5,25.900625,414.41,0.0,6,1.3567937765530558,0.2565682029019984,1.0,20.302233902759525,1,5.0,0,Basic,Monthly,9.99,bank_transfer,North America,1
1540,392,23.0,18,0.2631578947368421,26.398724489795917,-0.038381665494559895,395,1,16.0,0.0,1.0,0.8158123953098828,-0.5,34.705625,555.29,0.0,6,0.9002080016361133,0.26662204760102687,1.0,19.612352168199735,1,2.0,0,Basic,Monthly,9.99,credit_card,Europe,0
1541,147,12.0,13,-0.07142857142857142,46.13265306122449,0.045641792611251,159,3,13.0,1.0,1.0,1.0992222222222223,0.0,68.68461538461538,892.9,-0.7051079515534492,6,1.5768241069602202,0.24864450171660973,0.9722222222222222,11.826544021024967,3,2.0,0,Basic,Monthly,9.99,credit_card,North America,0
1542,396,19.0,22,-0.13043478260869565,18.44570707070707,-0.13200907171345908,405,1,39.0,3.0,2.0,2.1011681415929204,0.3333333333333333,46.48384615384616,1812.8700000000001,0.28078748952806454,6,0.6545008579959695,0.26503416710854083,1.0,18.561103810775293,1,4.0,0,Standard,Monthly,19.99,paypal,North America,0
1543,79,13.0,8,0.5555555555555556,31.415189873417724,-0.09943714821763594,88,3,13.0,2.0,2.0,1.849158878504673,0.0,25.771538461538462,335.03000000000003,-0.2874505370265686,6,1.688760271227236,0.240451910873057,1.0,7.030223390275952,3,0.0,0,Premium,Annual,39.99,bank_transfer,South America,0
1544,26,3.0,7,-0.5,23.388461538461538,-0.06157884110640017,31,11,10.0,0.0,1.0,2.254814814814815,-0.5,39.744,397.44,0.0,6,3.0097542573531104,0.28938621139328896,0.7777777777777778,4.434954007884363,11,0.0,0,Premium,Monthly,39.99,credit_card,Europe,1
1545,213,6.0,10,-0.36363636363636365,36.59154929577465,-0.060163759344962424,228,8,23.0,2.0,1.0,1.6131797235023042,0.5,45.84608695652174,1054.46,3.856191744340879,6,1.2967543593692432,0.3115131066413482,0.9838709677419355,14.257555847568987,8,5.0,0,Standard,Annual,19.99,paypal,North America,1
1546,40,7.0,14,-0.4666666666666667,33.72,-0.12945891783567132,41,8,4.0,1.0,2.0,1.148679245283019,-0.3333333333333333,31.7125,126.85,-0.7284377803408946,6,1.5819494627086237,0.2179925568995885,0.9905660377358491,3.4822601839684624,8,0.0,0,Standard,Monthly,19.99,credit_card,North America,0
1547,307,22.0,23,-0.041666666666666664,16.799348534201954,0.05041177938607436,312,2,9.0,0.0,0.0,0.5853846153846154,0.0,69.15777777777777,622.42,0.0,6,0.8027155446468407,0.2601293233490839,1.0,15.374507227332456,2,8.0,0,Basic,Monthly,9.99,credit_card,South America,0
1548,68,14.0,13,0.07142857142857142,18.319117647058825,0.011664212076583169,77,1,16.0,4.0,7.0,3.0064197530864196,-0.375,34.614375,553.83,-0.8313173240978889,6,1.822664330906241,0.21055173569971938,1.0,5.321944809461235,1,1.0,0,Premium,Monthly,39.99,bank_transfer,Europe,0
1549,40,13.0,20,-0.3333333333333333,27.425,-0.2693659807753767,41,1,2.0,0.0,1.0,0.8574647887323944,-0.5,8.72,17.44,0.0,6,1.0801234497346435,0.33456153872098365,1.0,2.3324572930354797,1,1.0,0,Standard,Monthly,19.99,credit_card,North America,1
1550,12,1.0,6,-0.7142857142857143,18.866666666666667,-0.1670588235294118,17,13,3.0,0.0,2.0,1.1002409638554218,-0.6666666666666666,35.88,107.64,0.0,5,4.171330722922842,0.3464364073180006,0.7590361445783133,2.726675427069645,13,2.0,0,Basic,Monthly,9.99,paypal,Europe,1
1551,494,20.0,15,0.3125,15.839068825910932,-0.10410583941605833,509,1,33.0,1.0,2.0,1.0954416575790622,-0.3333333333333333,23.151212121212122,763.99,-0.798772655915513,6,1.264220851044946,0.2539425906545813,1.0,30.12483574244415,1,6.0,0,Standard,Annual,19.99,paypal,Europe,0
1552,262,10.0,11,-0.08333333333333333,43.493511450381675,-0.07988552739165974,296,10,42.0,0.0,1.0,1.6142424242424243,-0.5,42.631190476190476,1790.51,0.0,6,2.1704863934461036,0.270991029470058,0.9457070707070707,26.018396846254927,10,9.0,0,Standard,Monthly,19.99,credit_card,North America,0
1553,353,9.0,21,-0.5454545454545454,29.61614730878187,0.10471812754266403,378,11,34.0,0.0,1.0,1.6966557377049183,-0.5,31.240882352941178,1062.19,0.0,6,0.9554897507008329,0.23946790311219734,0.9983606557377049,20.039421813403415,11,9.0,0,Basic,Monthly,9.99,bank_transfer,North America,1
1554,349,13.0,14,-0.06666666666666667,22.788825214899713,0.05083967127762763,388,1,68.0,1.0,2.0,2.4352,-0.3333333333333333,37.64352941176471,2559.76,1.6193078324225867,6,1.4340873586810983,0.2471606891771083,1.0,27.92378449408673,1,4.0,0,Basic,Monthly,9.99,credit_card,North America,0
1555,174,9.0,19,-0.5,23.201724137931034,-0.12617662859411855,179,4,9.0,0.0,0.0,0.6698288508557457,0.0,47.714444444444446,429.43,0.0,6,1.6390558739524932,0.2214251749177058,1.0,13.436268068331144,4,1.0,0,Basic,Monthly,9.99,credit_card,South America,0
1556,53,5.0,14,-0.6,29.7622641509434,-0.2265158371040725,62,6,12.0,5.0,2.0,2.254814814814815,1.0,41.502500000000005,498.03000000000003,21.666224286662246,6,1.7941922090623703,0.2418481703840493,0.9506172839506173,5.321944809461235,6,1.0,0,Premium,Monthly,39.99,paypal,North America,0
1557,619,23.0,20,0.14285714285714285,33.66058158319871,0.11804998619529065,628,1,29.0,2.0,2.0,0.9007755102040816,0.0,56.68586206896552,1643.89,1.4356681569796323,6,0.8886810100140279,0.24252099938029387,1.0,32.19448094612352,1,5.0,0,Premium,Annual,39.99,apple_pay,North America,0
1558,165,8.0,7,0.125,45.23818181818182,0.035480349344978006,183,2,22.0,1.0,3.0,1.0040179910044977,-0.5,54.38772727272727,1196.53,-0.6551215917464996,6,2.769541483118391,0.22924659323105848,0.9340329835082458,21.911957950065702,2,7.0,0,Basic,Monthly,9.99,credit_card,Asia,0
1559,169,16.0,18,-0.10526315789473684,40.50887573964497,-0.017866631243358078,177,1,17.0,2.0,1.0,1.778281786941581,0.5,70.6564705882353,1201.16,-0.5766871165644172,6,1.1418258333766291,0.2375177471975524,1.0,9.559789750328514,1,3.0,0,Standard,Monthly,19.99,credit_card,North America,0
1560,280,11.0,8,0.3333333333333333,19.89,0.22000115881569024,321,7,62.0,1.0,1.0,2.164311926605505,0.0,36.74241935483871,2278.03,0.3230478589420655,6,1.930776964468029,0.24915174479524935,0.963302752293578,28.64651773981603,7,0.0,0,Basic,Annual,9.99,paypal,Asia,0
1561,191,12.0,11,0.08333333333333333,23.09895287958115,-0.06888138138138152,204,2,28.0,0.0,0.0,1.661442495126706,0.0,50.52571428571429,1414.72,0.0,6,1.859800978349929,0.2715100729795568,0.9824561403508771,16.852825229960576,2,0.0,0,Basic,Annual,9.99,bank_transfer,Europe,0
1562,216,14.0,13,0.07142857142857142,35.358333333333334,0.08166849615806797,228,1,19.0,2.0,1.0,1.1452673267326734,0.5,28.672631578947367,544.78,0.994978028876334,6,1.7127667212237985,0.24457577450123139,0.9980198019801981,16.590013140604466,1,2.0,0,Standard,Annual,19.99,credit_card,North America,0
1563,467,24.0,16,0.47058823529411764,31.884796573875803,0.010788153645296415,471,2,23.0,0.0,1.0,0.934739652870494,-0.5,50.30478260869565,1157.01,0.0,6,0.8903017007506892,0.24135819822290938,1.0,24.605781865965834,2,0.0,0,Standard,Annual,19.99,credit_card,Europe,0
1564,57,6.0,6,0.0,40.44561403508772,-0.12489379779099385,66,2,10.0,0.0,1.0,1.4027649769585253,-0.5,20.193,201.93,0.0,6,2.390888151680491,0.27700220230644823,0.967741935483871,7.128777923784494,2,6.0,0,Premium,Monthly,39.99,paypal,North America,1
1565,60,9.0,19,-0.5,45.77833333333333,0.09392623075750653,68,10,10.0,4.0,0.0,2.1436619718309857,4.0,52.697,526.97,0.0,6,1.374149134377242,0.22982042580076806,0.9366197183098592,4.664914586070959,10,0.0,0,Standard,Monthly,19.99,apple_pay,Asia,0
1566,378,14.0,10,0.36363636363636365,23.374867724867727,-0.02177700348432066,419,1,55.0,4.0,0.0,1.7829605963791268,4.0,34.30818181818182,1886.95,0.0,6,1.8049995142588233,0.249580474309735,0.9840255591054313,30.847568988173453,1,6.0,0,Premium,Monthly,39.99,bank_transfer,Europe,0
1567,258,19.0,17,0.1111111111111111,39.470542635658916,-0.049031558986861616,265,2,15.0,2.0,0.0,0.8424354243542436,2.0,43.778,656.67,0.0,6,1.4026787862492645,0.2523162526575403,1.0,17.805519053876477,2,1.0,0,Basic,Monthly,9.99,credit_card,North America,0
1568,147,6.0,10,-0.36363636363636365,14.22108843537415,-0.15736934820904294,153,3,21.0,1.0,2.0,1.4397297297297298,-0.3333333333333333,43.12380952380953,905.6,-0.7074386503067485,6,2.439079988144597,0.2709747659695726,0.9459459459459459,14.586070959264125,3,0.0,0,Premium,Monthly,39.99,credit_card,North America,0
1569,158,11.0,7,0.5,11.994303797468353,0.20590520590520567,180,4,28.0,2.0,0.0,1.5812987012987014,2.0,26.969285714285714,755.14,0.0,6,2.2770838347068154,0.24028945824195944,0.987012987012987,17.706964520367936,4,2.0,0,Premium,Monthly,39.99,paypal,Asia,1
1570,382,18.0,14,0.26666666666666666,34.13926701570681,-0.1434296921633836,401,3,36.0,0.0,2.0,1.4611200000000002,-0.6666666666666666,40.519444444444446,1458.7,0.0,6,1.3131086725648078,0.241837456865861,0.9986666666666667,24.638633377135346,3,6.0,0,Basic,Annual,9.99,paypal,Europe,0
1571,281,20.0,21,-0.045454545454545456,28.901779359430602,0.011761297798377675,291,1,25.0,0.0,1.0,1.7615740740740742,-0.5,23.7256,593.14,0.0,6,0.9990390323643852,0.24271409374319328,1.0,14.19185282522996,1,3.0,0,Standard,Monthly,19.99,paypal,Europe,0
1572,146,5.0,13,-0.5714285714285714,39.46506849315068,-0.10090139306200495,170,2,35.0,1.0,3.0,2.6635,-0.5,28.134285714285717,984.7,-0.8971109399075501,6,1.7109158434554488,0.30308802245404515,0.9974999999999999,13.140604467805518,2,3.0,0,Standard,Monthly,19.99,paypal,Asia,1
1573,24,9.0,7,0.25,36.37916666666667,-0.0335621662852783,32,3,7.0,1.0,1.0,2.4776744186046513,0.0,43.065714285714286,301.46,-0.7340920848422141,6,1.785846385282888,0.2502711588178073,0.8953488372093023,2.8252299605781865,3,1.0,0,Basic,Monthly,9.99,bank_transfer,Europe,0
1574,280,11.0,12,-0.07692307692307693,37.30607142857143,0.12088327281123393,301,4,40.0,4.0,2.0,2.1175652173913044,0.6666666666666666,46.26025,1850.41,3.212603576101177,6,1.275176775294203,0.24830400035702727,0.9982608695652174,18.889618922470433,4,6.0,0,Basic,Monthly,9.99,credit_card,Asia,0
1575,158,10.0,14,-0.26666666666666666,18.10886075949367,-0.1551052840683352,169,2,14.0,1.0,2.0,1.047076167076167,-0.3333333333333333,52.24357142857143,731.41,2.242424242424243,6,1.864062529316591,0.28788613709598865,0.9803439803439803,13.370565045992116,2,5.0,0,Basic,Monthly,9.99,credit_card,Europe,1
1576,113,11.0,10,0.09090909090909091,32.95044247787611,-0.09491229347114055,118,2,7.0,0.0,1.0,0.7502816901408451,-0.5,58.864285714285714,412.05,0.0,6,1.771711762673899,0.344527607381953,1.0,9.329829172141919,2,3.0,0,Standard,Monthly,19.99,paypal,Europe,1
1577,251,12.0,15,-0.1875,26.399203187250997,-0.14484286865431115,258,4,15.0,0.0,1.0,1.1707692307692308,-0.5,47.32066666666666,709.81,0.0,6,0.988703829589991,0.25849793310368635,1.0,12.81208935611038,4,8.0,0,Premium,Monthly,39.99,paypal,Europe,1
1578,332,13.0,10,0.2727272727272727,43.721084337349396,-0.0035702693930541158,356,1,46.0,1.0,0.0,1.9393905817174517,1.0,30.19413043478261,1388.93,0.0,6,1.559243582846671,0.23304867232885262,0.979224376731302,23.71879106438896,1,3.0,0,Premium,Annual,39.99,apple_pay,North America,0
1579,139,7.0,6,0.14285714285714285,19.797122302158275,0.09486895533407179,154,3,16.0,1.0,1.0,0.8339726027397261,0.0,18.789375,300.63,0.2618757612667478,6,3.213386281353186,0.2642966147089801,0.910958904109589,19.185282522996058,3,3.0,0,Basic,Annual,9.99,paypal,Europe,0
1580,239,9.0,9,0.0,24.693305439330544,-0.09228256431196401,283,2,63.0,5.0,1.0,2.7873837209302326,2.0,33.329206349206345,2099.74,2.0873955431754876,6,1.7968139637937162,0.2780511166299281,0.9970930232558138,22.601839684625492,2,6.0,0,Basic,Monthly,9.99,paypal,North America,0
1581,439,12.0,12,0.0,44.1997722095672,-0.04390858376822037,489,1,88.0,3.0,1.0,2.5270943396226415,1.0,39.185227272727275,3448.3,1.8982712765957444,6,1.5602580525976446,0.24771636619246135,0.9905660377358492,34.82260183968462,1,5.0,0,Basic,Annual,9.99,credit_card,North America,0
1582,348,20.0,19,0.05,30.55862068965517,0.057408363448631775,352,1,11.0,2.0,0.0,0.6750806451612903,2.0,29.35181818181818,322.87,0.0,6,0.7462727898852249,0.27415870373953616,1.0,16.294349540078844,1,6.0,0,Standard,Monthly,19.99,credit_card,Asia,0
1583,140,10.0,10,0.0,42.09357142857143,0.09291931310279906,173,1,48.0,4.0,3.0,2.916407185628743,0.25,41.57583333333333,1995.6399999999999,2.9295365717476267,6,2.516043989317586,0.26703629445724647,0.9780439121756487,16.45860709592641,1,4.0,0,Standard,Monthly,19.99,credit_card,North America,0
1584,397,22.0,16,0.35294117647058826,31.722166246851387,-0.07536169293889018,411,1,36.0,2.0,0.0,1.7589727126805779,2.0,37.73138888888889,1358.33,0.0,6,0.8454979114990969,0.26038611145776236,1.0,20.466491458607095,1,5.0,0,Premium,Annual,39.99,credit_card,North America,0
1585,253,10.0,11,-0.08333333333333333,21.16324110671937,-0.36288659793814443,268,8,23.0,0.0,3.0,1.6434741784037559,-0.75,29.465652173913046,677.71,0.0,6,0.9532893924245757,0.27312303600867377,1.0,13.994743758212877,8,7.0,0,Standard,Monthly,19.99,bank_transfer,North America,1
1586,111,8.0,11,-0.25,15.700900900900901,-0.1302325581395348,134,1,33.0,5.0,2.0,2.9201162790697675,1.0,29.36090909090909,968.91,-0.15245847541524585,6,1.907761365849281,0.2346618148562883,0.9970930232558138,11.300919842312746,1,0.0,0,Premium,Annual,39.99,credit_card,North America,0
1587,315,8.0,19,-0.55,13.628571428571428,-0.3285464535464535,332,3,30.0,0.0,1.0,1.5451776649746194,-0.5,30.241666666666667,907.25,0.0,6,1.211747859739653,0.24144635321012795,0.9949238578680203,19.415243101182654,3,10.0,0,Basic,Monthly,9.99,paypal,Oceania,1
1588,190,21.0,17,0.2222222222222222,40.54,0.06950941585702285,201,1,28.0,1.0,4.0,2.196701030927835,-0.6,36.60142857142857,1024.84,-0.8978447402202554,6,1.2958282502983784,0.2603884481001866,1.0,12.746386333771353,1,0.0,0,Basic,Annual,9.99,credit_card,North America,0
1589,155,8.0,13,-0.35714285714285715,17.961935483870967,-0.2356620477290223,164,8,10.0,0.0,0.0,0.905952380952381,0.0,62.101,621.01,0.0,6,1.269578924112432,0.2699386742433986,0.9583333333333334,11.038107752956636,8,6.0,0,Standard,Annual,19.99,bank_transfer,North America,1
1590,256,11.0,11,0.0,27.187890625,0.08574310692669826,268,4,22.0,0.0,2.0,1.1937254901960785,-0.6666666666666666,30.421818181818182,669.28,0.0,6,1.4956311396811919,0.23230804050073967,0.9732620320855615,18.429697766097238,4,4.0,0,Basic,Annual,9.99,apple_pay,North America,0
1591,151,18.0,12,0.46153846153846156,25.045033112582782,0.06757239899892739,164,1,21.0,2.0,0.0,1.8160227272727274,2.0,26.06190476190476,547.3,0.0,6,1.5561397286582872,0.2684072456384599,0.9943181818181819,11.563731931668856,1,1.0,0,Basic,Monthly,9.99,credit_card,North America,0
1592,587,15.0,16,-0.058823529411764705,18.106984667802383,-0.023013517969007642,618,3,55.0,2.0,0.0,1.5373737373737375,2.0,44.32145454545454,2437.68,0.0,6,1.1904775235561935,0.2502961159562661,0.9963269054178144,35.775295663600524,3,4.0,0,Standard,Annual,19.99,credit_card,South America,0
1593,53,3.0,9,-0.6,31.60188679245283,0.06220657276995301,74,5,26.0,4.0,6.0,3.4560698689956335,-0.2857142857142857,34.85,906.1,-0.76178906392873,6,2.297175818863277,0.270719953624519,0.9781659388646288,7.522996057818659,5,0.0,0,Standard,Monthly,19.99,bank_transfer,North America,1
1594,284,18.0,20,-0.09523809523809523,26.24154929577465,-0.011667087861174362,292,1,23.0,1.0,3.0,1.6357943925233647,-0.5,60.61521739130434,1394.1499999999999,-0.9558482438701126,6,0.8678945243061136,0.23109220571793876,1.0,14.060446780551905,1,5.0,0,Standard,Annual,19.99,paypal,North America,0
1595,7,3.0,4,-0.2,33.18571428571429,0.05489021956087832,8,7,1.0,0.0,1.0,0.4476470588235294,-0.5,10.81,10.81,0.0,3,4.191828786034631,0.4990534147866159,0.7205882352941178,2.2339027595269383,7,1.0,0,Standard,Monthly,19.99,credit_card,South America,1
1596,42,12.0,15,-0.1875,20.611904761904764,-0.046093267449042664,45,4,5.0,0.0,2.0,1.492156862745098,-0.6666666666666666,27.198,135.99,0.0,6,1.8499471451223413,0.28630792787039666,0.9607843137254902,3.350854139290407,4,1.0,0,Standard,Annual,19.99,apple_pay,Asia,1
1597,288,21.0,16,0.29411764705882354,24.747569444444444,-0.07744450093204545,298,1,9.0,0.0,2.0,0.4918491921005387,-0.6666666666666666,12.94111111111111,116.47,0.0,6,1.1189594505924922,0.23579381687747009,1.0,18.298291721419183,1,7.0,0,Basic,Annual,9.99,paypal,North America,0
1598,520,16.0,14,0.13333333333333333,28.427307692307693,0.05797468354430381,538,1,20.0,1.0,0.0,0.5754253308128545,1.0,46.8285,936.5699999999999,0.0,6,1.3898597642433161,0.25575034674408753,0.999054820415879,34.75689881734559,1,13.0,0,Basic,Monthly,9.99,paypal,North America,0
1599,220,18.0,16,0.11764705882352941,27.94181818181818,0.06602663654760219,237,1,27.0,2.0,3.0,1.9568571428571429,-0.25,29.313703703703705,791.47,0.5535204567078973,6,1.3258437018810043,0.2533417999741229,1.0,13.797634691195794,1,5.0,0,Standard,Annual,19.99,apple_pay,Europe,0
1600,118,15.0,12,0.23076923076923078,33.82118644067797,-0.05127087872185903,126,1,12.0,1.0,2.0,1.6911111111111112,-0.3333333333333333,62.525000000000006,750.3000000000001,-0.5850589777195282,6,0.9721940600119817,0.2250480867760029,1.0,7.09592641261498,1,1.0,0,Basic,Annual,9.99,paypal,North America,0
1601,412,21.0,18,0.15789473684210525,19.596601941747572,0.15071618709595627,425,1,43.0,1.0,1.0,2.058050314465409,0.0,37.83511627906977,1626.91,2.625,6,0.8365054039690072,0.27200499952877927,1.0,20.893561103810775,1,5.0,0,Basic,Annual,9.99,credit_card,Asia,0
1602,326,9.0,10,-0.09090909090909091,26.571779141104294,-0.11353976927747422,361,2,41.0,2.0,0.0,1.2000384615384616,2.0,43.134878048780486,1768.53,0.0,6,2.4459983173527995,0.25871455209074556,0.9557692307692307,34.16557161629435,2,5.0,0,Basic,Annual,9.99,bank_transfer,North America,0
1603,202,7.0,11,-0.3333333333333333,43.95742574257426,-0.03440018689405435,211,1,15.0,0.0,1.0,0.7648241206030152,-0.5,24.446,366.69,0.0,6,2.3886646567823098,0.2504509871412812,0.9731993299832495,19.612352168199735,1,2.0,0,Standard,Monthly,19.99,credit_card,Asia,0
1604,491,20.0,24,-0.16,22.404480651731163,0.09309376754632237,501,2,28.0,1.0,2.0,1.153342354533153,-0.3333333333333333,63.04571428571428,1765.28,5.3464402047463935,6,0.8309518409172983,0.25896433085744874,1.0,24.277266754270695,2,5.0,0,Standard,Monthly,19.99,credit_card,Europe,0
1605,364,10.0,15,-0.3125,17.10164835164835,-0.0022791023842917077,379,7,20.0,0.0,0.0,0.6712238147739802,0.0,32.214,644.28,0.0,6,1.7510029285145217,0.2572360600383075,0.9647188533627342,29.796320630749012,7,9.0,0,Basic,Monthly,9.99,credit_card,Asia,0
1606,89,5.0,14,-0.6,19.302247191011237,-0.4429437929640113,94,2,13.0,0.0,3.0,2.0827368421052634,-0.75,27.153846153846153,353.0,0.0,6,1.7723395472597057,0.3562979169409741,0.9578947368421052,6.241787122207621,2,0.0,0,Standard,Monthly,19.99,paypal,Europe,1
1607,134,9.0,10,-0.09090909090909091,33.2,-0.010867802108678165,143,3,15.0,0.0,2.0,1.005726872246696,-0.6666666666666666,16.860666666666667,252.91,0.0,6,2.6930414553978665,0.22497393021018272,0.9251101321585903,14.914586070959263,3,1.0,0,Basic,Annual,9.99,paypal,Europe,0
1608,569,17.0,18,-0.05263157894736842,14.927592267135324,0.1624305900410817,581,2,23.0,0.0,1.0,0.7857687991021325,-0.5,47.88086956521739,1101.26,0.0,6,0.9696406989117178,0.25852630526164405,1.0,29.27069645203679,2,8.0,0,Standard,Monthly,19.99,bank_transfer,Asia,0
1609,546,14.0,20,-0.2857142857142857,26.263003663003662,0.12751214591021312,559,1,32.0,1.0,2.0,0.9294656488549619,-0.3333333333333333,25.9103125,829.13,-0.031263383297644554,6,1.2691751077791278,0.2546146861161517,1.0,34.42838370565046,1,3.0,0,Standard,Monthly,19.99,credit_card,North America,0
1610,396,15.0,10,0.45454545454545453,33.66186868686869,0.013502619911326041,431,2,59.0,0.0,4.0,1.7487439143135346,-0.8,47.287796610169494,2789.98,0.0,6,1.6708707209798046,0.25328153596534303,1.0,33.73850197109067,2,6.0,0,Basic,Monthly,9.99,bank_transfer,North America,0
1611,447,15.0,13,0.14285714285714285,18.946308724832214,-0.13800791082344477,476,3,42.0,0.0,0.0,1.275928143712575,0.0,32.18047619047619,1351.58,0.0,6,1.4299017948074937,0.2399735228885885,0.999001996007984,32.91721419185282,3,6.0,0,Basic,Monthly,9.99,apple_pay,Asia,0
1612,155,11.0,23,-0.5,36.88322580645161,-0.3222914921993735,170,3,19.0,4.0,1.0,2.103127272727273,1.5,22.40684210526316,425.73,5.412653975363942,6,1.0971414482943902,0.2752871174087532,1.0,9.034165571616294,3,6.0,0,Standard,Monthly,19.99,paypal,North America,1
1613,452,11.0,17,-0.3333333333333333,29.28694690265487,-0.041621725731895244,465,4,38.0,0.0,0.0,1.224042328042328,0.0,27.274473684210527,1036.43,0.0,6,1.3792863142130993,0.26851768072092114,1.0,31.044678055190538,4,3.0,0,Basic,Monthly,9.99,apple_pay,Europe,0
1614,216,9.0,6,0.42857142857142855,26.188425925925927,0.20707070707070696,239,1,33.0,0.0,1.0,1.2478509316770185,-0.5,50.67151515151515,1672.16,0.0,6,2.7355004670764203,0.26214818027980735,0.9391304347826087,26.445466491458607,1,1.0,0,Premium,Annual,39.99,paypal,North America,0
1615,539,20.0,22,-0.08695652173913043,43.86512059369202,0.08839614911921341,561,1,52.0,2.0,2.0,2.021558109833972,0.0,38.942692307692305,2025.02,-0.6542262678803641,6,0.7276704039010512,0.25585048532839755,1.0,25.7227332457293,1,5.0,0,Premium,Monthly,39.99,credit_card,Europe,0
1616,305,15.0,10,0.45454545454545453,17.201311475409835,-0.00492784230904613,329,3,48.0,1.0,2.0,2.423084577114428,-0.3333333333333333,32.604166666666664,1565.0,-0.898294284874032,6,1.1934375893317772,0.24986616096234837,0.9983416252072969,19.80946123521682,3,2.0,0,Basic,Annual,9.99,credit_card,Asia,0
1617,62,8.0,11,-0.25,19.330645161290324,0.143662607126748,67,2,6.0,1.0,0.0,0.8780769230769231,1.0,80.825,484.95000000000005,0.0,6,2.3567588663909502,0.27392326252975613,0.9759615384615384,6.83311432325887,2,1.0,0,Standard,Annual,19.99,credit_card,Europe,0
1618,111,6.0,14,-0.5333333333333333,44.949549549549545,-0.14032838918391025,124,12,23.0,0.0,3.0,2.422560553633218,-0.75,23.872173913043476,549.06,0.0,6,1.6400784707986324,0.2947328103159429,0.9930795847750865,9.494086727989487,12,2.0,0,Premium,Annual,39.99,credit_card,Europe,1
1619,70,16.0,17,-0.05555555555555555,24.841428571428573,-0.16271709562670003,71,1,2.0,0.0,0.0,0.4443795620437956,0.0,49.769999999999996,99.53999999999999,0.0,6,1.2596624478016547,0.24692426285976546,1.0,4.50065703022339,1,2.0,0,Basic,Monthly,9.99,bank_transfer,North America,0
1620,484,19.0,17,0.1111111111111111,46.00805785123967,-0.05307206642017172,497,1,41.0,3.0,2.0,1.4787203791469195,0.3333333333333333,45.297560975609755,1857.2,0.9664618960650837,6,1.021229126097358,0.2458310041933473,1.0,27.726675427069644,1,1.0,0,Standard,Annual,19.99,credit_card,Europe,0
1621,145,12.0,17,-0.2777777777777778,32.83241379310345,0.23336463223787163,149,1,12.0,2.0,1.0,1.3478966789667897,0.5,44.26083333333333,531.13,-0.1475698816419038,6,1.3688279718602914,0.244226226721914,1.0,8.902759526938238,1,0.0,0,Premium,Annual,39.99,paypal,Europe,0
1622,543,18.0,16,0.11764705882352941,14.965930018416206,0.14835053632867842,566,1,72.0,5.0,1.0,2.3900545256270447,2.0,33.43208333333334,2407.11,10.943743937924344,6,1.0063502632379473,0.2419606173566377,1.0,30.12483574244415,1,3.0,0,Premium,Annual,39.99,paypal,North America,0
1623,114,23.0,22,0.043478260869565216,36.05701754385965,0.14617032362646917,117,2,5.0,0.0,2.0,0.8502793296089386,-0.6666666666666666,65.848,329.24,0.0,6,0.8795528371867711,0.20614386089575368,1.0,5.88042049934297,2,2.0,0,Basic,Monthly,9.99,paypal,Asia,0
1624,424,12.0,11,0.08333333333333333,31.249056603773585,-0.00950626693766927,435,1,18.0,0.0,1.0,0.5847598719316969,-0.5,35.656111111111116,641.8100000000001,0.0,6,1.5267783876779253,0.25434259239151313,1.0,30.781865965834427,1,2.0,0,Basic,Monthly,9.99,credit_card,Europe,0
1625,193,9.0,14,-0.3333333333333333,39.93419689119171,0.06770833333333326,196,6,18.0,1.0,4.0,1.6503614457831326,-0.6,26.489444444444445,476.81,-0.9504779336994101,6,1.009392842056827,0.29487432418636567,0.9909638554216867,10.90670170827858,6,8.0,0,Standard,Monthly,19.99,bank_transfer,Europe,1
1626,178,12.0,16,-0.23529411764705882,42.274719101123594,-0.2852704678362573,191,1,23.0,1.0,6.0,2.258451612903226,-0.7142857142857143,39.64565217391304,911.85,-0.9809396268643027,6,1.060269560046413,0.2840417166275079,1.0,10.183968462549277,1,3.0,0,Basic,Monthly,9.99,bank_transfer,North America,1
1627,49,20.0,18,0.10526315789473684,25.310204081632655,-0.13153206650831353,49,3,1.0,0.0,1.0,0.3805,-0.5,4.19,4.19,0.0,6,1.026035197715144,0.2669800047546517,1.0,2.628120893561104,3,0.0,0,Basic,Monthly,9.99,apple_pay,Oceania,0
1628,315,11.0,10,0.09090909090909091,38.654603174603174,-0.01613537977174339,333,3,25.0,1.0,1.0,0.9453416149068323,0.0,36.5308,913.27,-0.5923253525746146,6,1.839863113479926,0.24347285144058597,0.9826086956521739,26.445466491458607,3,7.0,0,Premium,Monthly,39.99,credit_card,Asia,0
1629,393,13.0,14,-0.06666666666666667,37.931043256997455,-0.10213541740273316,409,1,23.0,1.0,0.0,0.934739652870494,1.0,32.32521739130435,743.48,0.0,6,1.2161790126688168,0.23697066321667154,1.0,24.605781865965834,1,7.0,0,Standard,Monthly,19.99,credit_card,Asia,0
1630,221,18.0,14,0.26666666666666666,36.15610859728507,-0.006413956769931443,242,2,35.0,2.0,3.0,2.357079646017699,-0.25,37.291714285714285,1305.21,-0.4013289737369476,6,1.2710740821322442,0.27536552195794123,1.0,14.848883048620236,2,0.0,0,Basic,Annual,9.99,bank_transfer,Europe,0
1631,389,9.0,11,-0.16666666666666666,24.162724935732648,-0.3752452886075013,425,4,58.0,0.0,1.0,2.1220192307692307,-0.5,32.014310344827585,1856.83,0.0,6,1.4234249341640621,0.2878902270097816,0.9927884615384615,27.33245729303548,4,18.0,0,Basic,Monthly,9.99,credit_card,North America,1
1632,186,11.0,17,-0.3333333333333333,33.02311827956989,0.006965053600629987,195,7,18.0,3.0,0.0,1.3801511335012595,3.0,35.82,644.76,0.0,6,1.5081017960299357,0.25005709236235485,0.9521410579345088,13.042049934296976,7,2.0,0,Standard,Annual,19.99,credit_card,South America,0
1633,632,21.0,24,-0.12,42.05996835443038,-0.09415243727940485,655,4,83.0,4.0,5.0,2.5468951612903226,-0.16666666666666666,43.33457831325301,3596.77,-0.08099791185844603,6,0.8710460470739684,0.2462517540186762,1.0,32.58869908015769,4,4.0,0,Basic,Annual,9.99,paypal,North America,0
1634,104,11.0,14,-0.2,14.657692307692308,0.26749778213568676,119,2,25.0,3.0,3.0,3.03187250996016,0.0,42.308,1057.7,-0.7648990708106377,6,1.5980213754465806,0.27106111637647506,1.0,8.245729303547963,2,1.0,0,Premium,Annual,39.99,credit_card,North America,0
1635,306,19.0,20,-0.047619047619047616,18.49281045751634,0.009093414163681379,321,1,40.0,4.0,3.0,2.444979919678715,0.25,41.5235,1660.94,1.6870201427152018,6,0.8729600043982525,0.2362465716709428,1.0,16.36005256241787,1,2.0,0,Basic,Annual,9.99,credit_card,Asia,0
1636,196,10.0,7,0.375,12.708163265306123,-0.05496558505408059,226,4,34.0,0.0,2.0,1.7571477079796267,-0.6666666666666666,54.13235294117647,1840.5,0.0,6,2.1152038439798906,0.23365854526503033,0.9507640067911716,19.349540078843624,4,6.0,0,Standard,Monthly,19.99,credit_card,Oceania,0
1637,256,15.0,5,1.6666666666666667,13.971875,0.13550519357884802,306,1,59.0,1.0,1.0,1.8707916666666669,0.0,28.11050847457627,1658.52,3.131921824104235,6,2.607515520036336,0.2584427472437704,0.9333333333333333,31.537450722733244,1,11.0,0,Basic,Monthly,9.99,apple_pay,Asia,0
1638,203,11.0,18,-0.3684210526315789,18.732019704433498,-0.1804568144002421,207,2,13.0,1.0,3.0,1.1604692082111439,-0.5,31.87076923076923,414.32,-0.12047697368421051,6,1.1457898925454622,0.24203950758684292,1.0,11.202365308804204,2,1.0,0,Basic,Monthly,9.99,credit_card,North America,0
1639,621,19.0,16,0.17647058823529413,42.15281803542673,-0.02429463884692335,650,2,69.0,3.0,4.0,2.0332623426911907,-0.2,38.41521739130435,2650.65,-0.7871345688052724,6,0.9535149594184904,0.2492379092006068,1.0,33.93561103810775,2,11.0,0,Basic,Monthly,9.99,credit_card,Europe,0
1640,194,14.0,14,0.0,37.63659793814433,-0.050439777418775866,221,2,40.0,0.0,2.0,2.387450980392157,-0.6666666666666666,45.16675,1806.67,0.0,6,1.70545969670524,0.2597965018866957,0.988235294117647,16.754270696452036,2,4.0,0,Basic,Monthly,9.99,apple_pay,North America,0
1641,261,9.0,13,-0.2857142857142857,34.5471264367816,-0.09089330455706879,280,3,26.0,2.0,3.0,1.1883483483483486,-0.25,40.00807692307693,1040.21,0.8960892595514486,6,1.7265485984065292,0.26445390166254673,0.966966966966967,21.879106438896187,3,5.0,0,Basic,Monthly,9.99,paypal,Asia,0
1642,461,18.0,17,0.05555555555555555,40.613882863340564,-0.08547235107871293,488,1,59.0,1.0,3.0,2.1586057692307694,-0.5,32.144745762711864,1896.54,-0.9324781225139219,6,1.0952669093687302,0.2480443573424503,1.0,27.33245729303548,1,8.0,0,Premium,Monthly,39.99,credit_card,Europe,0
1643,67,5.0,19,-0.7,12.538805970149253,-0.4895974491829414,70,21,8.0,0.0,2.0,1.9638709677419355,-0.6666666666666666,35.58875,284.71,0.0,6,0.9013582627443772,0.3247193135408576,0.846774193548387,4.073587385019711,21,2.0,0,Standard,Monthly,19.99,credit_card,Asia,1
1644,170,7.0,10,-0.2727272727272727,20.625882352941176,-0.21891058581706066,183,10,24.0,0.0,1.0,1.9798373983739839,-0.5,43.85166666666667,1052.44,0.0,6,1.4314205696815276,0.26947721124244123,0.9864498644986449,12.12220762155059,10,0.0,0,Basic,Monthly,9.99,credit_card,Asia,1
1645,499,20.0,18,0.10526315789473684,22.470541082164328,-0.07569852077952582,517,1,56.0,1.0,3.0,2.1044938271604936,-0.5,41.01982142857143,2297.11,-0.8520184824902723,6,0.9395578065396551,0.25959672521722854,1.0,26.609724047306177,1,11.0,0,Standard,Monthly,19.99,bank_transfer,North America,0
1646,227,23.0,23,0.0,22.961674008810572,0.08982399352619869,229,1,7.0,1.0,0.0,0.6873548387096774,1.0,13.975714285714288,97.83000000000001,0.0,6,0.6968262988688575,0.2555024627081718,1.0,10.183968462549277,1,1.0,0,Basic,Annual,9.99,paypal,Europe,0
1647,308,18.0,16,0.11764705882352941,25.350324675324675,-0.04023211833890321,311,1,10.0,2.0,0.0,0.6149494949494949,2.0,31.947000000000003,319.47,0.0,6,1.0093207956467052,0.24694822564369592,1.0,16.26149802890933,1,1.0,0,Premium,Monthly,39.99,paypal,Europe,0
1648,250,11.0,17,-0.3333333333333333,12.8392,0.0506207109260545,260,6,18.0,0.0,1.0,1.15109243697479,-0.5,30.72888888888889,553.12,0.0,6,1.2163768313527126,0.25892384373538485,1.0,15.637319316688567,6,2.0,0,Basic,Annual,9.99,credit_card,North America,0
1649,190,7.0,10,-0.2727272727272727,38.81368421052632,-0.45717108048355987,201,3,16.0,2.0,0.0,1.0775221238938053,2.0,43.664375,698.63,0.0,6,1.6547100430689259,0.2921007757133508,0.9911504424778761,14.848883048620236,3,1.0,0,Basic,Monthly,9.99,apple_pay,Europe,1
1650,294,11.0,11,0.0,18.496938775510205,0.13330004992511246,333,1,54.0,1.0,1.0,1.8123042998897465,0.0,42.153888888888886,2276.31,-0.9114796869176295,6,2.109969437242718,0.25604911393221325,0.9801543550165379,29.796320630749012,1,5.0,0,Premium,Monthly,39.99,credit_card,Europe,0
1651,103,4.0,10,-0.5454545454545454,41.90679611650485,0.13145125716806338,120,1,26.0,0.0,2.0,1.7745291479820628,-0.6666666666666666,51.34961538461538,1335.09,0.0,6,3.1672731848440208,0.2306376065519322,0.8789237668161435,14.651773981603153,1,0.0,0,Basic,Annual,9.99,bank_transfer,Asia,0
1652,705,18.0,26,-0.2962962962962963,43.566808510638296,-0.09936513319015852,725,3,76.0,2.0,4.0,2.3439108409321174,-0.4,37.92052631578947,2881.96,-0.8906208518223537,6,0.6803199091418309,0.2512276397985004,1.0,32.42444152431012,3,5.0,0,Premium,Monthly,39.99,credit_card,North America,0
1653,181,5.0,15,-0.625,33.65635359116022,-0.16080305927342253,188,14,18.0,0.0,1.0,1.7561538461538462,-0.5,38.96944444444445,701.45,0.0,6,1.1432652244641377,0.25071078869803526,0.9647435897435898,10.249671484888305,14,5.0,0,Standard,Monthly,19.99,apple_pay,North America,1
1654,258,10.0,15,-0.3125,32.098837209302324,-0.4672131147540983,262,6,14.0,1.0,0.0,0.9224242424242425,1.0,31.654285714285717,443.16,0.0,6,1.2205143065174584,0.29172910349660136,1.0,15.177398160315374,6,2.0,0,Basic,Monthly,9.99,credit_card,Europe,1
1655,141,8.0,10,-0.18181818181818182,42.02624113475177,0.1972742969906266,159,2,21.0,1.0,2.0,1.340125786163522,-0.3333333333333333,37.92666666666667,796.46,7.46690048224463,6,2.55384646020868,0.26239162886183964,0.9098532494758911,15.670170827858081,2,6.0,0,Basic,Annual,9.99,apple_pay,Asia,0
1656,284,16.0,15,0.0625,30.988028169014086,-0.15839056989047706,303,4,32.0,1.0,3.0,1.438818316100443,-0.5,37.443125,1198.18,0.3835270338554826,6,1.7180274230121138,0.2719014024932613,0.9719350073855244,22.24047306176084,4,6.0,0,Premium,Annual,39.99,credit_card,Europe,0
1657,198,8.0,12,-0.3076923076923077,20.328282828282827,-0.16474245115452923,203,3,7.0,0.0,1.0,0.5274257425742575,-0.5,21.835714285714285,152.85,0.0,6,1.4826052472909355,0.27193055153432616,0.9876237623762376,13.272010512483574,3,0.0,0,Standard,Monthly,19.99,paypal,North America,1
1658,305,16.0,11,0.4166666666666667,29.361967213114752,0.020052608820985772,318,1,17.0,0.0,0.0,0.6983535762483131,0.0,34.47705882352941,586.11,0.0,6,2.000174691887517,0.2428705863264235,0.9824561403508771,24.342969776609724,1,6.0,0,Premium,Annual,39.99,credit_card,North America,0
1659,232,10.0,8,0.2222222222222222,29.012931034482758,0.15465810004589256,286,1,77.0,2.0,2.0,2.672611174458381,0.0,31.44181818181818,2421.02,-0.0638908829863604,6,2.70145793398915,0.24436905883887708,0.9258836944127707,28.8107752956636,1,2.0,0,Basic,Monthly,9.99,bank_transfer,Europe,0
1660,213,13.0,13,0.0,38.87746478873239,-0.12470287072590965,233,2,35.0,3.0,2.0,2.1308,0.3333333333333333,49.2,1722.0,1.1314726404700697,6,1.4400235107798574,0.23761414113679358,1.0,16.4257555847569,2,4.0,0,Standard,Annual,19.99,credit_card,Europe,0
1661,590,15.0,17,-0.1111111111111111,25.773728813559323,-0.007248226950354699,596,1,18.0,0.0,0.0,0.5319611650485437,0.0,30.46388888888889,548.35,0.0,6,1.0423969513762323,0.24390913589810195,1.0,33.83705650459921,1,1.0,0,Premium,Monthly,39.99,credit_card,North America,0
1662,288,9.0,16,-0.4117647058823529,26.619444444444444,0.09571249354291188,311,4,33.0,1.0,2.0,1.4453525179856117,-0.3333333333333333,44.64454545454545,1473.27,-0.9864270572974341,6,1.4332377965572647,0.24928175630931892,0.9971223021582734,22.831800262812088,4,2.0,0,Standard,Annual,19.99,apple_pay,South America,0
1663,239,8.0,7,0.125,25.352301255230124,-0.01383928571428569,269,6,50.0,3.0,1.0,2.3968503937007877,1.0,30.3206,1516.03,2.588803088803089,6,1.7461576290317207,0.27188775620119676,0.9811023622047245,20.86070959264126,6,10.0,0,Basic,Monthly,9.99,apple_pay,Europe,0
1664,53,17.0,20,-0.14285714285714285,14.992452830188679,-0.036428151133141885,55,1,6.0,4.0,1.0,2.283,1.5,69.31333333333333,415.88,-0.30419000207425845,6,0.7700272713367856,0.22883079490146194,1.0,2.628120893561104,1,0.0,0,Standard,Annual,19.99,paypal,Europe,0
1665,166,6.0,11,-0.4166666666666667,12.901204819277108,-0.7041343669250646,179,6,11.0,0.0,0.0,0.9123705722070846,0.0,45.96363636363637,505.6,0.0,6,1.3103458644637433,0.3048193580058683,0.9918256130790191,12.056504599211562,6,9.0,0,Basic,Monthly,9.99,credit_card,Europe,1
1666,419,24.0,22,0.08695652173913043,19.478520286396183,0.0172351365051779,424,1,15.0,2.0,0.0,0.7485245901639345,2.0,63.01933333333333,945.29,0.0,6,0.7416036078484612,0.24460037556838415,1.0,20.039421813403415,1,4.0,0,Basic,Monthly,9.99,credit_card,North America,0
1667,234,10.0,8,0.2222222222222222,32.46196581196581,-0.08272859216255446,259,2,34.0,3.0,1.0,1.6532907348242813,1.0,37.584705882352935,1277.8799999999999,12.060010346611486,6,1.7069219317893303,0.24426562413197112,1.0,20.565045992115635,2,12.0,0,Basic,Annual,9.99,credit_card,South America,0
1668,192,9.0,8,0.1111111111111111,15.176041666666668,-0.022555139409071952,209,4,17.0,1.0,2.0,0.7488856729377714,-0.3333333333333333,53.468823529411765,908.97,-0.9028527370855821,6,2.518636408280542,0.25174511332734567,0.9218523878437048,22.700394218134033,4,6.0,0,Basic,Annual,9.99,bank_transfer,North America,0
1669,155,14.0,14,0.0,44.76709677419355,-0.15873517786561261,162,1,23.0,0.0,2.0,2.422560553633218,-0.6666666666666666,23.82695652173913,548.02,0.0,6,0.9708883682496583,0.26185565644496284,1.0,9.494086727989487,1,4.0,0,Premium,Annual,39.99,credit_card,Asia,0
1670,500,16.0,13,0.21428571428571427,15.946399999999999,0.034676854876341486,532,5,62.0,4.0,1.0,1.775428033866416,1.5,31.12709677419355,1929.88,0.03068815871047732,6,1.4445537720441213,0.24893581493193062,0.9877704609595485,34.92115637319316,5,2.0,0,Premium,Monthly,39.99,credit_card,South America,0
1671,368,16.0,12,0.3076923076923077,29.42228260869565,-0.02423802612481856,384,1,28.0,2.0,1.0,1.1141437908496732,0.5,38.37214285714286,1074.42,-0.028959679215861088,6,1.3785848614614586,0.24812743051095584,1.0,25.131406044678055,1,7.0,0,Standard,Monthly,19.99,apple_pay,Europe,0
1672,226,13.0,12,0.07692307692307693,18.661061946902652,0.07627393703343045,237,4,18.0,0.0,1.0,0.9208739495798319,-0.5,29.18333333333333,525.3,0.0,6,2.130823197945233,0.25382859650917944,0.9176470588235294,19.54664914586071,4,5.0,0,Standard,Monthly,19.99,apple_pay,Oceania,0
1673,103,17.0,14,0.2,37.449514563106796,-0.09384930442765337,109,3,10.0,2.0,0.0,1.6278074866310162,2.0,49.259,492.59,0.0,6,0.9650790844907811,0.28775559348291363,0.9732620320855615,6.14323258869908,3,2.0,0,Standard,Monthly,19.99,bank_transfer,Europe,0
1674,354,8.0,10,-0.18181818181818182,41.13587570621469,0.04366249078850396,420,1,85.0,5.0,2.0,2.5120388349514564,1.0,28.828235294117647,2450.4,4.476581196581196,6,1.876531702423857,0.25756062261360346,0.9854368932038835,33.83705650459921,1,14.0,0,Premium,Monthly,39.99,bank_transfer,South America,0
1675,39,13.0,11,0.16666666666666666,40.12564102564103,0.1392886284400266,39,5,0.0,0.0,0.0,0.0,0.0,0.0,0.0,0.0,6,1.7036902462572339,0.2880694856679004,1.0,3.219448094612352,5,0.0,0,Standard,Annual,19.99,apple_pay,North America,0
1676,256,11.0,11,0.0,22.9921875,-0.08406026962727989,280,5,21.0,1.0,1.0,0.7748363636363637,0.0,30.666666666666668,644.0,0.8899552143314138,6,2.2743203251496538,0.24065052975667425,0.9418181818181818,27.102496714848883,5,13.0,0,Premium,Annual,39.99,credit_card,North America,0
1677,502,14.0,13,0.07142857142857142,33.755577689243026,0.02215189873417719,512,3,19.0,1.0,0.0,0.5726336633663367,1.0,27.051578947368423,513.98,0.0,6,1.3243085078858843,0.2509532867476425,0.9980198019801981,33.18002628120893,3,6.0,0,Basic,Annual,9.99,credit_card,North America,0
1678,376,15.0,11,0.3333333333333333,18.48563829787234,-0.11040854626822573,387,2,31.0,0.0,2.0,1.1438060606060607,-0.6666666666666666,35.22064516129032,1091.84,0.0,6,1.4199521283599656,0.2570804911885599,1.0,27.102496714848883,2,2.0,0,Premium,Monthly,39.99,credit_card,Europe,0
1679,171,11.0,16,-0.29411764705882354,22.44561403508772,0.17088894485016384,178,3,9.0,1.0,1.0,0.7652513966480448,0.0,48.556666666666665,437.01,0.7624999999999998,6,1.3314380468978917,0.25635790804396097,0.9972067039106145,11.76084099868594,3,2.0,0,Basic,Monthly,9.99,bank_transfer,Europe,0
1680,142,6.0,11,-0.4166666666666667,38.81056338028169,-0.22140612438792676,168,2,32.0,1.0,3.0,1.9798373983739836,-0.5,32.3371875,1034.79,-0.9365488779984524,6,2.533079611179182,0.24144950732289103,0.9390243902439024,16.16294349540079,2,7.0,0,Basic,Annual,9.99,credit_card,South America,0
1681,345,6.0,10,-0.36363636363636365,35.57420289855072,-0.44865609924190214,383,16,62.0,0.0,2.0,2.276574185765983,-0.6666666666666666,31.65822580645161,1962.81,0.0,6,1.5723735225623738,0.2867827034983721,0.971049457177322,27.233902759526938,16,5.0,0,Standard,Monthly,19.99,bank_transfer,Europe,1
1682,264,14.0,16,-0.11764705882352941,45.743560606060605,-0.13090257023311408,279,3,18.0,2.0,0.0,0.9302546689303907,2.0,43.66166666666667,785.9100000000001,0.0,6,1.513790506143827,0.2654774828084291,0.9745331069609509,19.349540078843624,3,7.0,0,Basic,Annual,9.99,paypal,Europe,0
1683,299,7.0,14,-0.4666666666666667,12.692307692307692,-0.347082494969819,339,2,52.0,0.0,1.0,1.6522755741127348,-0.5,37.53826923076923,1951.99,0.0,6,2.314129726269855,0.24495745807538785,0.9498956158663883,31.471747700394218,2,10.0,0,Basic,Monthly,9.99,credit_card,North America,0
1684,415,15.0,21,-0.2727272727272727,36.05349397590361,0.1558572949946753,422,5,31.0,3.0,1.0,1.5026114649681528,1.0,51.600322580645155,1599.61,0.37221727515583264,6,0.7974339572566189,0.23758960220592448,1.0,20.630749014454665,5,1.0,0,Standard,Monthly,19.99,credit_card,Asia,0
1685,94,16.0,19,-0.15,34.1468085106383,-0.07794706874736394,102,2,11.0,4.0,1.0,2.132738853503185,1.5,32.444545454545455,356.89,21.94467496542185,6,0.9334276237142712,0.23209348027742002,1.0,5.157687253613666,2,2.0,0,Premium,Monthly,39.99,bank_transfer,Europe,0
1686,215,22.0,17,0.2777777777777778,18.25906976744186,-0.03557921277489847,223,1,17.0,2.0,2.0,1.4495238095238097,0.0,20.64588235294118,350.98,-0.2091363311920058,6,0.8753016799132249,0.22928295835491455,1.0,11.727989487516425,1,5.0,0,Basic,Monthly,9.99,credit_card,Europe,0
1687,193,7.0,8,-0.1111111111111111,40.36373056994819,0.04373532736283799,216,2,28.0,1.0,1.0,1.1596190476190478,0.0,42.01607142857143,1176.45,-0.8046809024007722,6,3.0030991743801585,0.23708194179607855,0.9238095238095239,24.14586070959264,2,1.0,0,Basic,Monthly,9.99,paypal,South America,0
1688,24,10.0,14,-0.26666666666666666,26.941666666666666,-0.07325898389095417,24,3,0.0,0.0,0.0,0.0,0.0,0.0,0.0,0.0,6,1.5954480704349312,0.39787524783890055,1.0,1.609724047306176,3,0.0,0,Basic,Annual,9.99,credit_card,North America,1
1689,252,21.0,16,0.29411764705882354,39.08809523809524,-0.06848153330789124,266,1,33.0,1.0,2.0,2.3691509433962263,-0.3333333333333333,29.948181818181816,988.29,-0.6078203639179249,6,0.9649074111946634,0.23231396327173287,1.0,13.92904073587385,1,4.0,0,Basic,Monthly,9.99,credit_card,Oceania,0
1690,603,20.0,19,0.05,42.407462686567165,-0.026187033020004684,610,1,42.0,2.0,0.0,1.4712082853855006,2.0,39.93452380952381,1677.25,0.0,6,0.8398489983252352,0.25779485790087175,1.0,28.54796320630749,1,3.0,0,Premium,Monthly,39.99,credit_card,North America,0
1691,138,6.0,17,-0.6111111111111112,34.94057971014493,-0.14526677026677012,145,4,19.0,2.0,1.0,2.503722943722944,0.5,29.692105263157895,564.15,4.710865561694291,6,1.1505716291544275,0.3195863955351887,1.0,7.588699080157687,4,1.0,0,Basic,Monthly,9.99,paypal,North America,1
1692,110,10.0,3,1.75,19.328181818181818,-0.17183734939759027,120,1,18.0,2.0,3.0,1.5135911602209946,-0.25,19.177222222222223,345.19,-0.8238588155438655,6,2.592347925746889,0.25500193408808813,0.9281767955801105,11.892247043363994,1,0.0,0,Basic,Monthly,9.99,credit_card,Asia,1
1693,170,24.0,22,0.08695652173913043,44.32,0.01125651825110304,174,1,12.0,1.0,2.0,1.466987951807229,-0.3333333333333333,41.530833333333334,498.37,1.3827006845052892,6,0.8433971339974817,0.23874503886110168,1.0,8.180026281208935,1,1.0,0,Premium,Monthly,39.99,credit_card,North America,0
1694,373,17.0,11,0.5,33.363002680965145,0.16890464181037446,393,2,52.0,1.0,2.0,1.966310559006211,-0.3333333333333333,35.58769230769231,1850.56,-0.8570992676973149,6,1.4968672158799168,0.25851409018122085,0.991304347826087,26.445466491458607,2,3.0,0,Premium,Monthly,39.99,credit_card,South America,0
1695,518,11.0,18,-0.3684210526315789,40.664478764478766,0.09704271631982483,530,3,27.0,0.0,0.0,0.8335496957403652,0.0,62.86740740740741,1697.42,0.0,6,1.2585817006132876,0.25417792964673125,0.9939148073022313,32.3915900131406,3,5.0,0,Basic,Annual,9.99,bank_transfer,South America,0
1696,262,23.0,15,0.5,38.898473282442744,0.009350475872432833,265,2,3.0,0.0,1.0,0.22548148148148148,-0.5,16.756666666666668,50.27,0.0,6,0.9266120347197254,0.2240439332992573,1.0,13.304862023653088,2,1.0,0,Standard,Annual,19.99,paypal,North America,1
1697,279,6.0,19,-0.65,24.800716845878135,-0.222279792746114,294,12,22.0,0.0,2.0,1.4128270042194093,-0.6666666666666666,42.10909090909091,926.4,0.0,6,0.9538536743214114,0.2551264491389338,0.9894514767932491,15.571616294349539,12,7.0,0,Basic,Monthly,9.99,apple_pay,Europe,1
1698,277,11.0,19,-0.4,32.42166064981949,-0.10116506769226424,282,5,27.0,1.0,3.0,1.9292957746478874,-0.5,36.41962962962963,983.33,-0.5392083644510829,6,0.8909104349776177,0.27475929177617897,1.0,13.994743758212877,5,1.0,0,Basic,Monthly,9.99,paypal,Europe,0
1699,141,20.0,18,0.10526315789473684,42.290780141843975,0.16912751677852342,147,2,7.0,0.0,0.0,0.7476491228070176,0.0,43.98714285714285,307.90999999999997,0.0,6,1.458495222361525,0.269072479402038,1.0,9.362680683311432,2,0.0,0,Basic,Monthly,9.99,credit_card,Asia,0
1700,75,13.0,13,0.0,44.205333333333336,-0.07103160819729068,80,2,6.0,0.0,1.0,0.9926086956521739,-0.5,62.318333333333335,373.91,0.0,6,1.7697739877009733,0.2512448887392479,1.0,6.044678055190539,2,2.0,0,Basic,Monthly,9.99,paypal,Europe,0
1701,273,20.0,16,0.23529411764705882,41.75201465201465,0.05012523942831881,277,2,15.0,1.0,0.0,1.1859740259740261,1.0,36.13666666666667,542.0500000000001,0.0,6,0.7122770552429442,0.25895226935603305,1.0,12.64783180026281,2,3.0,0,Standard,Annual,19.99,credit_card,North America,0
1702,106,11.0,14,-0.2,31.854716981132075,-0.19135148607389854,111,3,11.0,1.0,2.0,1.5151131221719458,-0.3333333333333333,39.23,431.53,-0.6816101396549702,6,1.2849290001576759,0.3121978348902091,1.0,7.260183968462549,3,0.0,0,Basic,Monthly,9.99,bank_transfer,North America,0
1703,508,17.0,19,-0.1,17.54507874015748,-0.1424830134873639,534,1,56.0,2.0,3.0,1.8468472372697726,-0.25,49.18214285714286,2754.2,-0.7852933297615857,6,1.156134085677692,0.2555853570411636,1.0,30.321944809461232,1,4.0,0,Standard,Monthly,19.99,credit_card,North America,0
1704,377,13.0,13,0.0,26.594429708222812,-0.026703755215577225,414,4,66.0,4.0,3.0,2.5019178082191784,0.25,40.45575757575757,2670.08,0.9632054471651171,6,1.3610700983746322,0.2616811832484768,0.9937733499377336,26.379763469119577,4,7.0,0,Basic,Annual,9.99,credit_card,Asia,0
1705,50,8.0,9,-0.1,21.894000000000002,-0.05639623601220752,51,11,1.0,0.0,0.0,0.20158940397350994,0.0,39.56,39.56,0.0,6,2.0203050891044216,0.2646094993953587,0.9735099337748344,4.9605781865965834,11,0.0,0,Basic,Annual,9.99,paypal,North America,1
1706,564,22.0,19,0.15,16.035283687943263,0.0035211267605634593,592,1,64.0,4.0,4.0,2.0637288135593224,0.0,27.9025,1785.76,-0.4476130565457468,6,1.0564876819659306,0.24271921235871094,1.0,31.011826544021023,1,7.0,0,Standard,Annual,19.99,credit_card,North America,0
1707,258,12.0,16,-0.23529411764705882,23.751937984496124,-0.1191626409017713,283,1,42.0,2.0,3.0,2.2508450704225353,-0.25,45.766666666666666,1922.2,0.0922415822933835,6,1.5243785095035414,0.25563803136549,0.9735915492957747,18.659658344283837,1,11.0,0,Standard,Annual,19.99,credit_card,North America,0
1708,250,9.0,11,-0.16666666666666666,29.866,0.21485697280809435,296,1,71.0,5.0,3.0,2.6948129675810475,0.5,35.73323943661972,2537.06,0.5395457192778105,6,2.15657700941924,0.25298417312875504,0.9513715710723192,26.346911957950066,1,8.0,0,Basic,Monthly,9.99,credit_card,North America,0
1709,215,12.0,12,0.0,38.15767441860465,-0.16068412162162166,241,2,24.0,0.0,0.0,1.1415,0.0,41.16416666666667,987.9399999999999,0.0,6,2.139470991327906,0.28101235447519146,0.9953124999999999,21.02496714848883,2,9.0,0,Basic,Monthly,9.99,credit_card,Europe,0
1710,23,8.0,15,-0.4375,33.56086956521739,-0.2309739222990954,23,3,1.0,0.0,1.0,0.5248275862068966,-0.5,10.81,10.81,0.0,6,2.1984843263788196,0.33055160397337585,0.9655172413793103,1.9053876478318001,3,2.0,0,Basic,Monthly,9.99,credit_card,South America,1
1711,251,9.0,11,-0.16666666666666666,27.709561752988048,-0.10292157086809123,268,6,9.0,0.0,0.0,0.3257550535077289,0.0,32.46333333333334,292.17,0.0,6,2.479745327077303,0.2589497786405484,0.9405469678953627,27.628120893561103,6,11.0,0,Basic,Monthly,9.99,credit_card,North America,0
1712,90,14.0,21,-0.3181818181818182,44.574444444444445,0.0707740916271721,91,1,4.0,1.0,0.0,0.7855483870967742,1.0,27.912499999999998,111.64999999999999,0.0,6,1.2292725943057186,0.22080875933161068,1.0,5.091984231274639,1,1.0,0,Basic,Annual,9.99,credit_card,Oceania,0
1713,220,8.0,8,0.0,42.572272727272725,0.027972027972027972,247,5,38.0,0.0,2.0,1.5484872824631861,-0.6666666666666666,28.29315789473684,1075.1399999999999,0.0,6,2.622505372426434,0.23573899361010692,0.9277108433734941,24.540078843626805,5,6.0,0,Basic,Annual,9.99,credit_card,North America,0
1714,377,18.0,18,0.0,34.10477453580902,0.04565630944831964,393,4,41.0,1.0,2.0,1.9778763866877973,-0.3333333333333333,50.01560975609756,2050.64,-0.4994356659142212,6,1.036811370121799,0.26302794974986865,0.9984152139461173,20.729303547963205,4,2.0,0,Standard,Annual,19.99,paypal,Europe,0
1715,326,12.0,14,-0.13333333333333333,35.936809815950916,0.13242099695887877,342,2,29.0,0.0,1.0,1.5679573712255772,-0.5,23.939655172413794,694.25,0.0,6,1.0030314582613349,0.2576411710192838,1.0,18.495400788436267,2,6.0,0,Premium,Annual,39.99,bank_transfer,Europe,0
1716,87,4.0,17,-0.7222222222222222,33.89080459770115,-0.39405337632097437,95,6,10.0,0.0,2.0,1.0180602006688964,-0.6666666666666666,56.016,560.16,0.0,6,2.7390304499939484,0.2875541578540104,0.9130434782608695,9.822601839684625,6,3.0,0,Basic,Monthly,9.99,paypal,Europe,1
1717,96,16.0,19,-0.15,18.808333333333334,-0.06486351531291616,100,1,7.0,3.0,0.0,1.2683333333333333,3.0,61.15857142857143,428.11,0.0,6,0.8648046216350369,0.23433113959726698,1.0,5.519053876478318,1,2.0,0,Basic,Monthly,9.99,paypal,North America,0
1718,32,4.0,7,-0.375,29.915625,-0.5512820512820512,35,15,6.0,0.0,3.0,1.46112,-0.75,25.346666666666668,152.08,0.0,6,2.5826791765636044,0.44020403817754944,0.896,4.106438896189225,15,1.0,0,Standard,Annual,19.99,credit_card,North America,1
1719,328,7.0,18,-0.5789473684210527,33.14786585365854,-0.2436456241735639,343,3,29.0,1.0,3.0,1.4836302521008404,-0.5,47.19655172413793,1368.7,-0.9432292066415944,6,1.121963431362482,0.2521069033245832,1.0,19.54664914586071,3,7.0,0,Premium,Monthly,39.99,apple_pay,Europe,1
1720,117,2.0,8,-0.6666666666666666,42.547008547008545,0.03735024665257211,131,18,9.0,0.0,1.0,0.7006649616368287,-0.5,21.790000000000003,196.11,0.0,6,2.0363424365227822,0.29819050184672263,0.9309462915601023,12.844940867279893,18,10.0,0,Basic,Monthly,9.99,paypal,North America,1
1721,115,17.0,17,0.0,21.73391304347826,0.0025344973246971742,126,2,18.0,2.0,3.0,2.524976958525346,-0.25,20.663888888888888,371.95,-0.8054999089419049,6,1.0895397074882347,0.26261525030165483,1.0,7.128777923784494,2,3.0,0,Basic,Monthly,9.99,paypal,Asia,0
1722,28,7.0,7,0.0,13.592857142857143,0.24057649667405762,38,1,11.0,2.0,3.0,2.813781512605042,-0.25,15.563636363636364,171.20000000000002,-0.49846678023850094,6,2.6440482202469364,0.2871418702068227,0.9411764705882353,3.9093298291721417,1,2.0,0,Basic,Monthly,9.99,credit_card,North America,0
1723,585,17.0,19,-0.1,41.00854700854701,0.12323374226113647,603,2,25.0,0.0,1.0,0.790238836967809,-0.5,21.6604,541.51,0.0,6,0.9626225618385172,0.24999180000135562,1.0,31.636005256241784,2,10.0,0,Standard,Annual,19.99,credit_card,North America,0
1724,454,11.0,11,0.0,30.899339207048456,-0.20690524193548382,476,2,45.0,0.0,0.0,1.4986870897155362,0.0,48.28355555555556,2172.76,0.0,6,1.2901444003830198,0.25798559599477705,1.0,30.02628120893561,2,4.0,0,Basic,Monthly,9.99,apple_pay,North America,0
1725,86,4.0,9,-0.5,36.980232558139534,0.1381810193321617,102,8,22.0,0.0,2.0,2.023202416918429,-0.6666666666666666,23.063181818181818,507.39,0.0,6,2.6646568333659704,0.26776403460962905,0.9093655589123867,10.873850197109066,8,2.0,0,Premium,Monthly,39.99,credit_card,North America,1
1726,244,19.0,22,-0.13043478260869565,23.019262295081965,0.060001699163162114,256,2,26.0,3.0,0.0,1.9885427135678393,3.0,58.670769230769224,1525.4399999999998,0.0,6,1.0061567458660774,0.245402185680303,1.0,13.074901445466491,2,8.0,0,Premium,Monthly,39.99,paypal,North America,0
1727,352,18.0,14,0.26666666666666666,17.978977272727274,-0.011897008380009413,370,2,39.0,2.0,4.0,1.6218032786885246,-0.4,48.065128205128204,1874.54,-0.5831084727468969,6,1.519641832681219,0.26388245629525836,0.994535519125683,24.0473061760841,2,2.0,0,Standard,Monthly,19.99,credit_card,North America,0
1728,572,18.0,22,-0.17391304347826086,24.801923076923078,-0.042696220930232356,592,2,46.0,0.0,2.0,1.5404180418041804,-0.6666666666666666,29.809347826086956,1371.23,0.0,6,0.9234300456053679,0.2590290332468712,1.0,29.86202365308804,2,11.0,0,Basic,Monthly,9.99,credit_card,Asia,0
1729,242,18.0,11,0.5833333333333334,40.894214876033054,-0.033441436360218145,246,1,10.0,1.0,0.0,0.605168986083499,1.0,27.512,275.12,0.0,6,1.4772955497070797,0.25437914214993207,1.0,16.52431011826544,1,5.0,0,Premium,Annual,39.99,credit_card,Oceania,0
1730,209,8.0,15,-0.4375,21.085167464114832,0.1198767448767449,222,7,24.0,0.0,2.0,1.5315723270440251,-0.6666666666666666,34.03958333333333,816.95,0.0,6,1.5978698283909443,0.22394621591711794,0.9832285115303984,15.670170827858081,7,1.0,0,Basic,Monthly,9.99,paypal,Europe,0
1731,277,12.0,11,0.08333333333333333,38.01407942238267,0.10086274509803944,309,1,40.0,1.0,1.0,1.6021052631578947,0.0,33.26575,1330.6299999999999,-0.700068166325835,6,1.917353583720796,0.2597747910545025,0.9671052631578948,24.967148488830485,1,8.0,0,Basic,Monthly,9.99,credit_card,Asia,0
1732,256,14.0,16,-0.11764705882352941,34.564453125,-0.0729436109674081,259,1,10.0,0.0,0.0,0.6719646799116997,0.0,64.44500000000001,644.45,0.0,6,1.1771561573160993,0.23900095365720161,1.0,14.88173455978975,1,6.0,0,Standard,Annual,19.99,paypal,Asia,0
1733,519,16.0,19,-0.15,30.566666666666666,-0.10788461538461531,531,4,19.0,2.0,1.0,0.5588019323671497,0.5,39.08631578947368,742.64,3.5388429752066117,6,1.2922725162413824,0.24479107099600114,0.9942028985507246,34.00131406044678,4,7.0,0,Standard,Monthly,19.99,credit_card,Europe,0
1734,132,3.0,7,-0.5,42.21969696969697,-0.0916091954022989,151,7,16.0,1.0,0.0,0.8589770723104057,1.0,38.745625000000004,619.9300000000001,0.0,6,3.196306593386525,0.2545234372516636,0.8888888888888888,18.626806833114323,7,9.0,0,Basic,Annual,9.99,credit_card,North America,0
1735,507,21.0,19,0.1,22.048323471400394,0.029594743880458064,523,2,66.0,3.0,2.0,2.4895167286245354,0.3333333333333333,38.38666666666666,2533.52,2.3140752229546337,6,0.9372389437312322,0.2433199212640597,1.0,26.511169513797633,2,4.0,0,Standard,Monthly,19.99,credit_card,Asia,0
1736,182,8.0,7,0.125,12.863186813186813,0.0049686192468620695,193,6,19.0,1.0,0.0,1.0111188811188812,1.0,42.94157894736842,815.89,0.0,6,2.352985367488726,0.23609684013519874,0.9545454545454546,18.791064388961892,6,1.0,0,Basic,Monthly,9.99,credit_card,North America,0
1737,31,8.0,10,-0.18181818181818182,41.541935483870965,-0.08335370325103895,35,6,4.0,0.0,1.0,1.415813953488372,-0.5,46.245,184.98,0.0,6,1.4879192663970406,0.3008145862003733,0.9767441860465116,2.8252299605781865,6,2.0,0,Standard,Monthly,19.99,bank_transfer,Oceania,0
1738,39,4.0,11,-0.5833333333333334,33.02051282051282,-0.5718021518230724,40,18,2.0,1.0,0.0,0.5203418803418803,1.0,7.6850000000000005,15.370000000000001,0.0,5,1.7148238343124476,0.40338299795908716,0.8974358974358974,3.843626806833114,18,0.0,0,Standard,Monthly,19.99,credit_card,North America,1
1739,68,21.0,18,0.15789473684210525,32.754411764705885,0.11234444997511188,69,2,3.0,1.0,1.0,0.8301818181818182,0.0,16.87666666666667,50.63,-0.13275362318840575,6,1.0683407991897271,0.2508677928574419,1.0,3.6136662286465175,2,0.0,0,Basic,Monthly,9.99,credit_card,Asia,0
1740,64,6.0,9,-0.3,42.4796875,-0.1429714590557482,84,4,24.0,2.0,3.0,3.446037735849057,-0.25,32.122083333333336,770.9300000000001,-0.7381991593921758,6,2.1936783054466407,0.2764845601416646,0.9575471698113208,6.964520367936925,4,7.0,0,Premium,Annual,39.99,credit_card,North America,1
1741,53,11.0,7,0.5,34.69056603773585,0.03360545296029171,55,6,8.0,0.0,0.0,1.691111111111111,0.0,35.4975,283.98,0.0,6,1.5985012197511057,0.23270193630329758,1.0,4.730617608409987,6,0.0,0,Basic,Monthly,9.99,bank_transfer,Asia,0
1742,428,17.0,19,-0.1,19.27733644859813,0.06553036308863158,452,1,61.0,4.0,4.0,2.164149184149184,0.0,24.783770491803278,1511.81,-0.20595728003135405,6,1.2748056095744607,0.2601004325155645,1.0,28.18659658344284,1,6.0,0,Standard,Monthly,19.99,paypal,North America,0
1743,367,11.0,17,-0.3333333333333333,32.26376021798365,-0.4185644519777804,378,1,31.0,3.0,1.0,1.610307167235495,1.0,54.06096774193548,1675.8899999999999,17.032403240324037,6,0.9882842688407777,0.29112445385701297,1.0,19.250985545335084,1,7.0,0,Basic,Annual,9.99,credit_card,North America,1
1744,110,15.0,15,0.0,21.162727272727274,0.006770098730606494,117,1,11.0,1.0,2.0,1.418813559322034,-0.3333333333333333,33.83909090909091,372.23,-0.8108108108108109,6,1.4565161449018746,0.27950705470410964,1.0,7.752956636005256,1,0.0,0,Basic,Monthly,9.99,apple_pay,Europe,0
1745,77,6.0,8,-0.2222222222222222,42.2025974025974,-0.10278113663845223,87,12,18.0,0.0,1.0,1.863673469387755,-0.5,45.711111111111116,822.8000000000001,0.0,6,2.3932474545965716,0.20726923182614324,0.9523809523809523,9.658344283837057,12,2.0,0,Standard,Monthly,19.99,paypal,South America,0
1746,255,22.0,18,0.21052631578947367,34.498823529411766,0.13564851270348885,262,2,19.0,0.0,4.0,1.5547311827956989,-0.8,34.52368421052632,655.95,0.0,6,0.7106615142234793,0.2617902699331728,1.0,12.220762155059132,2,1.0,0,Premium,Monthly,39.99,credit_card,Oceania,0
1747,171,9.0,13,-0.2857142857142857,20.290058479532163,-0.0488839923287224,179,4,12.0,0.0,1.0,0.7454693877551021,-0.5,90.87166666666667,1090.46,0.0,6,1.9374216083276512,0.24827383740289577,0.9714285714285714,16.09724047306176,4,1.0,0,Basic,Monthly,9.99,apple_pay,Europe,0
1748,105,11.0,9,0.2,44.063809523809525,-0.13254508649245486,116,1,21.0,1.0,1.0,2.1451006711409395,0.0,63.851904761904756,1340.8899999999999,0.1854636591478698,6,1.5787007180857668,0.2803444583001338,1.0,9.789750328515112,1,2.0,0,Basic,Annual,9.99,credit_card,South America,0
1749,161,8.0,19,-0.55,17.27142857142857,0.01650291679459631,162,10,9.0,0.0,0.0,1.1136585365853657,0.0,50.34222222222222,453.08,0.0,6,0.9219123387006203,0.2361921234826174,0.9959349593495934,8.081471747700395,10,1.0,0,Standard,Annual,19.99,paypal,Europe,1
1750,420,17.0,15,0.125,43.24166666666667,-0.03293688734798188,432,3,35.0,3.0,0.0,1.455464480874317,3.0,27.732,970.62,0.0,6,1.0476532320169962,0.26665543626294236,0.994535519125683,24.0473061760841,3,3.0,0,Basic,Monthly,9.99,credit_card,North America,0
1751,342,11.0,9,0.2,14.515497076023392,0.057851239669421545,397,1,75.0,3.0,1.0,2.6002277904328017,1.0,36.89586666666667,2767.19,1.0549450549450547,6,1.5804472717639888,0.23764466846061777,1.0,28.843626806833115,1,12.0,0,Basic,Monthly,9.99,bank_transfer,North America,0
1752,49,15.0,19,-0.2,16.3734693877551,-0.012619775739041687,51,1,5.0,1.0,0.0,1.5854166666666667,1.0,19.162,95.81,0.0,6,1.5419309389230644,0.26963036988646705,1.0,3.1537450722733245,1,0.0,0,Basic,Monthly,9.99,paypal,North America,0
1753,284,11.0,8,0.3333333333333333,19.01267605633803,0.2013034514863338,331,3,63.0,0.0,1.0,2.016529968454259,-0.5,43.18650793650794,2720.75,0.0,6,2.2961938544441467,0.2611160673540029,0.9421661409043113,31.24178712220762,3,2.0,0,Standard,Monthly,19.99,credit_card,Oceania,0
1754,133,10.0,10,0.0,39.48721804511278,-0.06278026905829588,155,1,26.0,4.0,2.0,1.6626890756302521,0.6666666666666666,36.18653846153846,940.85,2.336108597285068,6,2.703440419670414,0.2518664687327659,0.9117647058823529,15.637319316688567,1,5.0,0,Premium,Monthly,39.99,credit_card,North America,0
1755,94,15.0,11,0.3333333333333333,21.011702127659575,-0.05035971223021579,105,2,14.0,4.0,2.0,1.9548623853211011,0.6666666666666666,34.94857142857143,489.28,1.1046922300706359,6,1.4460680380688942,0.2604234184421631,1.0,7.1616294349540075,2,5.0,0,Standard,Monthly,19.99,paypal,Asia,0
1756,546,18.0,14,0.26666666666666666,44.2043956043956,0.07251461988304085,563,1,28.0,0.0,1.0,0.85232,-0.5,24.588214285714287,688.47,0.0,6,1.2113526483543995,0.23858299807978917,1.0,32.8515111695138,1,8.0,0,Premium,Annual,39.99,credit_card,North America,0
1757,169,15.0,19,-0.2,43.1905325443787,-0.02951829493655294,181,2,21.0,3.0,0.0,2.2351048951048953,3.0,40.90380952380953,858.98,0.0,6,1.002541772799181,0.27891925955598507,1.0,9.395532194480946,2,3.0,0,Standard,Annual,19.99,credit_card,North America,0
1758,292,7.0,8,-0.1111111111111111,17.392123287671232,-0.0077922077922077185,334,6,56.0,0.0,2.0,1.9526231386025201,-0.6666666666666666,40.68464285714286,2278.34,0.0,6,1.9062804067939947,0.23623383384817884,0.9702176403207331,28.679369250985545,6,13.0,0,Standard,Monthly,19.99,credit_card,North America,0
1759,266,15.0,13,0.14285714285714285,18.571052631578947,0.04288288288288287,285,1,36.0,2.0,2.0,2.204909456740443,0.0,41.12722222222222,1480.58,-0.8127009646302251,6,1.1375938830405599,0.239349410002559,1.0,16.327201051248355,1,3.0,0,Standard,Monthly,19.99,credit_card,North America,0
1760,708,21.0,15,0.375,31.498163841807912,-0.0649503948736687,728,2,49.0,1.0,2.0,1.3887895716945997,-0.3333333333333333,40.70020408163265,1994.31,-0.7500838644750084,6,0.8839549476440424,0.2579060014945224,1.0,35.282522996057814,2,11.0,0,Basic,Annual,9.99,credit_card,North America,0
1761,321,12.0,18,-0.3157894736842105,22.132087227414328,-0.07547814207650266,334,5,32.0,0.0,2.0,1.9442714570858286,-0.6666666666666666,44.405,1420.96,0.0,6,0.8559029847575641,0.24869991524841717,1.0,16.45860709592641,5,6.0,0,Standard,Monthly,19.99,credit_card,North America,1
1762,211,11.0,10,0.09090909090909091,27.614691943127962,0.003372101025393877,242,1,40.0,0.0,2.0,2.0259567387687185,-0.6666666666666666,41.4715,1658.86,0.0,6,2.0289740813918478,0.2603005673159062,0.9550748752079866,19.743758212877793,1,9.0,0,Standard,Annual,19.99,credit_card,North America,0
1763,711,20.0,23,-0.125,12.351617440225036,0.011794708320051115,719,2,27.0,2.0,2.0,0.7948549323017409,0.0,37.50333333333334,1012.59,0.05903954802259877,6,0.7802950884711313,0.25477888794385856,1.0,33.96846254927726,2,13.0,0,Basic,Annual,9.99,credit_card,Europe,0
1764,202,15.0,7,1.0,44.91980198019802,-0.06288370082144412,237,3,42.0,2.0,0.0,1.6866490765171507,2.0,44.43595238095238,1866.31,0.0,6,2.7549876089681375,0.25476760843060964,0.9142480211081794,24.901445466491456,3,3.0,0,Basic,Annual,9.99,credit_card,Europe,0
1765,129,13.0,17,-0.2222222222222222,27.42325581395349,0.027360034586048257,131,1,10.0,2.0,0.0,1.3409691629955949,2.0,70.667,706.67,0.0,6,1.06059692241802,0.24892039512326217,1.0,7.457293035479632,1,0.0,0,Basic,Monthly,9.99,credit_card,Europe,0
1766,590,21.0,19,0.1,40.47457627118644,0.05668995163890387,602,1,19.0,1.0,1.0,0.6717305458768874,0.0,26.01157894736842,494.21999999999997,0.6706970128022758,6,0.7972707187660066,0.2479469541670208,1.0,28.28515111695138,1,15.0,0,Premium,Annual,39.99,credit_card,Europe,0
1767,238,14.0,9,0.5,28.869747899159663,0.08726167449571705,256,1,38.0,0.0,3.0,2.419916317991632,-0.75,39.98368421052631,1519.3799999999999,0.0,6,1.4455054040332727,0.2630616842321159,0.9958158995815899,15.703022339027594,1,6.0,0,Basic,Monthly,9.99,credit_card,North America,0
1768,351,9.0,9,0.0,28.715099715099715,-0.05749805749805742,389,3,58.0,5.0,3.0,1.9107359307359308,0.5,29.13758620689655,1689.98,2.4112683723462167,6,1.6960233228792716,0.25172496403222977,0.9696969696969697,30.354796320630747,3,8.0,0,Standard,Monthly,19.99,credit_card,Europe,0
1769,66,19.0,16,0.17647058823529413,44.0030303030303,0.04877441831529189,70,2,10.0,1.0,4.0,2.6938053097345134,-0.6,23.586000000000002,235.86,-0.8580562659846548,6,1.0031918370344641,0.2378155890279646,1.0,3.712220762155059,2,0.0,0,Basic,Annual,9.99,bank_transfer,Europe,0
1770,167,18.0,16,0.11764705882352941,42.24910179640719,0.07996489597852457,178,1,22.0,2.0,0.0,1.800215053763441,2.0,29.814090909090908,655.91,0.0,6,1.4048763121680894,0.2655065345550977,1.0,12.220762155059132,1,1.0,0,Standard,Annual,19.99,bank_transfer,Europe,0
1771,385,22.0,20,0.09523809523809523,13.285194805194806,0.03366120962526801,396,3,32.0,0.0,4.0,1.6679452054794521,-0.8,31.2746875,1000.79,0.0,6,0.8961496740262787,0.2570855252605881,0.9948630136986301,19.185282522996058,3,4.0,0,Standard,Monthly,19.99,bank_transfer,North America,0
1772,177,21.0,22,-0.043478260869565216,30.001129943502825,-0.03629104259072781,184,1,15.0,0.0,0.0,1.613427561837456,0.0,86.79466666666667,1301.92,0.0,6,0.9000690539772938,0.26715589745456175,1.0,9.296977660972404,1,7.0,0,Standard,Monthly,19.99,credit_card,Europe,0
1773,228,14.0,17,-0.16666666666666666,29.146052631578947,0.04482113144758742,232,1,12.0,0.0,1.0,0.9740800000000001,-0.5,38.59083333333333,463.09,0.0,6,0.9474822253149578,0.2435440697318615,1.0,12.319316688567673,1,2.0,0,Premium,Annual,39.99,credit_card,North America,0
1774,460,16.0,23,-0.2916666666666667,32.39413043478261,-0.015839822362817807,471,1,36.0,2.0,2.0,1.6186706056129985,0.0,38.250277777777775,1377.01,0.6513788968824942,6,0.7803354841140734,0.24553732329105113,1.0,22.24047306176084,1,0.0,0,Standard,Monthly,19.99,credit_card,North America,0
1775,228,11.0,6,0.7142857142857143,32.41842105263158,-0.052043125249567314,266,1,57.0,1.0,0.0,2.423296089385475,1.0,27.417719298245615,1562.81,0.0,6,2.130920769905765,0.27571794949585643,0.9581005586592178,23.52168199737188,1,1.0,0,Standard,Annual,19.99,bank_transfer,North America,0
1776,367,16.0,13,0.21428571428571427,37.891825613079014,-0.0023526775711406093,400,4,52.0,2.0,3.0,1.8214959723820483,-0.25,49.2575,2561.39,-0.5911547911547911,6,1.5938659952995275,0.24567597374061964,0.9907940161104718,28.54796320630749,4,9.0,0,Basic,Monthly,9.99,paypal,North America,0
1777,480,14.0,17,-0.16666666666666666,29.740625,0.056814820789976045,492,1,17.0,0.0,0.0,0.633390452876377,0.0,30.77588235294118,523.19,0.0,6,1.0220805116329443,0.24620721874044507,1.0,26.839684625492772,1,9.0,0,Standard,Monthly,19.99,credit_card,North America,0
1778,556,14.0,19,-0.25,34.17410071942446,-0.0613602391629298,578,1,74.0,4.0,1.0,2.414319399785638,1.5,35.70162162162162,2641.92,14.927548441449032,6,0.9830029358085378,0.25089663403289686,1.0,30.650459921156372,1,9.0,0,Standard,Monthly,19.99,apple_pay,North America,0
1779,548,17.0,20,-0.14285714285714285,42.63120437956205,0.16125066770084082,585,1,68.0,3.0,4.0,1.8920658135283364,-0.2,33.97544117647059,2310.33,-0.3871100586842376,6,1.2846298056774226,0.2514928227769969,1.0,35.939553219448094,1,8.0,0,Basic,Monthly,9.99,credit_card,Europe,0
1780,322,12.0,12,0.0,23.115527950310558,-0.11698981268485055,348,3,48.0,1.0,3.0,1.8804633204633205,-0.5,51.984791666666666,2495.27,-0.9831637705951202,6,1.814804401923549,0.2675284822773799,0.963963963963964,25.52562417871222,3,1.0,0,Premium,Monthly,39.99,apple_pay,North America,0
1781,49,11.0,8,0.3333333333333333,15.657142857142858,0.08709472345835974,52,1,4.0,0.0,0.0,0.9366153846153846,0.0,34.33,137.32,0.0,6,2.500823393816289,0.2608435394401834,1.0,4.270696452036794,1,0.0,0,Premium,Annual,39.99,credit_card,Asia,0
1782,304,10.0,17,-0.3888888888888889,28.61217105263158,-0.27552593209747966,312,5,26.0,1.0,2.0,1.7167895878524946,-0.3333333333333333,43.18115384615385,1122.71,-0.29764930114358323,6,0.9112124117514782,0.2633288675841486,1.0,15.14454664914586,5,2.0,0,Basic,Monthly,9.99,apple_pay,North America,1
1783,138,7.0,12,-0.38461538461538464,26.431884057971015,-0.05514823079375199,162,2,27.0,3.0,2.0,2.1571653543307088,0.3333333333333333,31.47259259259259,849.76,0.4112312521799792,6,1.6885851698319507,0.25143882526458194,1.0,12.516425755584756,2,5.0,0,Premium,Monthly,39.99,paypal,Europe,0
1784,508,18.0,17,0.05555555555555555,37.43799212598425,-0.20623813265239316,541,2,85.0,6.0,3.0,3.1786240786240785,0.75,43.93941176470588,3734.85,10.047429906542057,6,0.8517123951108331,0.2604243361601299,1.0,26.741130091984232,2,12.0,0,Premium,Monthly,39.99,credit_card,Europe,0
1785,236,7.0,18,-0.5789473684210527,26.59576271186441,-0.23199298143003355,248,2,26.0,0.0,1.0,1.5703174603174603,-0.5,44.79576923076923,1164.69,0.0,6,1.5017626762931988,0.254827297239407,0.9861111111111112,16.557161629434955,2,8.0,0,Basic,Annual,9.99,credit_card,Europe,0
1786,239,6.0,6,0.0,44.79665271966527,-0.2946515397082658,277,13,60.0,1.0,1.0,2.5544055944055946,0.0,42.206,2532.36,-0.6917143568051753,6,2.0186058142849697,0.26755179518462396,0.9692307692307692,23.488830486202364,13,12.0,0,Basic,Monthly,9.99,paypal,North America,1
1787,353,12.0,10,0.18181818181818182,36.38243626062323,0.3348858173076924,372,1,35.0,0.0,1.0,1.2490035169988276,-0.5,30.932571428571432,1082.64,0.0,6,1.7630901632024556,0.23651073184591082,1.0,28.02233902759527,1,2.0,0,Basic,Monthly,9.99,credit_card,South America,0
1788,25,7.0,6,0.14285714285714285,26.616,-0.0946972931431989,28,3,5.0,3.0,2.0,1.4358490566037736,0.3333333333333333,63.370000000000005,316.85,6.876670378619153,6,2.512079081267409,0.18037421867455783,0.9245283018867925,3.4822601839684624,3,0.0,0,Standard,Monthly,19.99,credit_card,Europe,0
1789,377,14.0,14,0.0,34.92970822281167,-0.10460173720199598,410,3,42.0,1.0,2.0,1.3629850746268657,-0.3333333333333333,34.339999999999996,1442.28,-0.5594306049822064,6,1.6974104862095356,0.2673132858897112,1.0,30.814717477003942,3,5.0,0,Basic,Annual,9.99,paypal,Europe,0
1790,160,19.0,24,-0.2,41.31375,0.05979557715095795,165,1,8.0,1.0,1.0,1.0062809917355373,0.0,23.07875,184.63,-0.7239605657951135,6,0.8538888340730667,0.2482657184986415,1.0,7.9500657030223385,1,1.0,0,Standard,Monthly,19.99,credit_card,North America,0
1791,511,21.0,17,0.2222222222222222,25.114285714285714,-0.041971396066959314,516,2,20.0,0.0,0.0,0.766750629722922,0.0,57.258500000000005,1145.17,0.0,6,0.9084079156725079,0.24746049208658136,1.0,26.084099868593952,2,12.0,0,Standard,Annual,19.99,paypal,Europe,0
1792,285,13.0,12,0.07692307692307693,39.1578947368421,-0.14808843850760015,315,2,57.0,0.0,2.0,2.507341040462428,-0.6666666666666666,50.318771929824564,2868.17,0.0,6,1.636014366957937,0.24922287866268253,0.991329479768786,22.733245729303547,2,3.0,0,Premium,Annual,39.99,credit_card,South America,0
1793,608,19.0,12,0.5384615384615384,42.06348684210526,0.19478761211710946,634,4,61.0,0.0,1.0,1.758371212121212,-0.5,46.82491803278689,2856.32,0.0,6,1.0994638534726304,0.24835188502845826,1.0,34.69119579500657,4,5.0,0,Standard,Monthly,19.99,credit_card,North America,0
1794,204,9.0,10,-0.09090909090909091,38.12549019607843,0.022836757544983453,212,2,11.0,0.0,0.0,0.63296786389414,0.0,44.405454545454546,488.46000000000004,0.0,6,1.831924326735449,0.23676114644331292,0.9924385633270322,17.378449408672797,2,4.0,0,Standard,Monthly,19.99,paypal,North America,0
1795,669,18.0,23,-0.20833333333333334,29.02511210762332,0.19398907103825147,682,1,32.0,1.0,0.0,1.0031719876416068,1.0,40.9365625,1309.97,0.0,6,0.8154777047947794,0.24625236882597148,1.0,31.898817345597895,1,8.0,0,Basic,Monthly,9.99,credit_card,North America,0
1796,346,22.0,19,0.15,15.5621387283237,0.03439336329070173,350,1,22.0,0.0,1.0,1.4432758620689656,-0.5,40.40681818181818,888.95,0.0,6,0.6314601252653139,0.23204030743446133,1.0,15.243101182654401,1,2.0,0,Premium,Monthly,39.99,apple_pay,Europe,1
1797,606,26.0,19,0.35,24.308415841584157,-0.02084342053885215,622,2,51.0,2.0,0.0,1.5431809145129225,2.0,34.69705882352941,1769.55,0.0,6,0.9527429241554806,0.24246775071870721,1.0,33.04862023653088,2,17.0,0,Standard,Monthly,19.99,credit_card,Europe,0
1798,174,21.0,20,0.047619047619047616,42.21034482758621,-0.03915594673888511,181,1,20.0,2.0,1.0,2.221897810218978,0.5,40.731,814.62,0.38658983761131477,6,0.8999620655499466,0.25335148647121075,1.0,9.00131406044678,1,4.0,0,Basic,Monthly,9.99,credit_card,North America,0
1799,308,21.0,20,0.047619047619047616,30.046103896103897,0.04385340686710569,313,1,18.0,3.0,0.0,1.2452727272727273,3.0,99.48944444444444,1790.81,0.0,6,0.7020971964378862,0.2633544362965259,1.0,14.45466491458607,1,1.0,0,Basic,Monthly,9.99,paypal,Europe,0
1800,321,9.0,11,-0.16666666666666666,13.603115264797509,-0.0769393362925386,353,1,45.0,5.0,1.0,1.6869458128078818,2.0,42.367333333333335,1906.53,5.853858784893268,6,1.6229079733861347,0.22844841025418205,1.0,26.675427069645202,1,6.0,0,Premium,Annual,39.99,bank_transfer,North America,0
1801,358,17.0,12,0.38461538461538464,32.87458100558659,-0.19175501856735372,376,1,29.0,2.0,0.0,1.3375151515151515,2.0,37.31793103448276,1082.22,0.0,6,1.1596114660644594,0.25657053617124526,1.0,21.681997371879106,1,7.0,0,Basic,Monthly,9.99,credit_card,Europe,0
1802,105,15.0,16,-0.058823529411764705,32.915238095238095,0.06831530139103548,120,2,18.0,0.0,2.0,2.2182995951417004,-0.6666666666666666,35.64055555555555,641.53,0.0,6,1.5420332035327928,0.24681650343254927,1.0,8.114323258869907,2,3.0,0,Standard,Monthly,19.99,bank_transfer,North America,0
1803,52,17.0,15,0.125,27.946153846153848,0.027117229870671705,53,1,2.0,0.0,0.0,0.5534545454545455,0.0,50.155,100.31,0.0,6,1.2896794181145546,0.22123585563939954,1.0,3.6136662286465175,1,0.0,0,Premium,Monthly,39.99,apple_pay,North America,0
1804,116,16.0,19,-0.15,16.114655172413794,-0.006015839171489538,123,2,10.0,1.0,2.0,1.5772020725388602,-0.3333333333333333,24.32,243.20000000000002,-0.489851150202977,6,0.8729399268984352,0.2380759802880979,1.0,6.340341655716163,2,3.0,0,Basic,Annual,9.99,credit_card,Europe,0
1805,141,19.0,17,0.1111111111111111,39.878014184397166,-0.04195100451757451,142,2,4.0,0.0,1.0,0.5585321100917432,-0.5,49.955,199.82,0.0,6,0.9067460779336319,0.2490741009885263,1.0,7.1616294349540075,2,2.0,0,Basic,Monthly,9.99,credit_card,North America,0
1806,384,10.0,6,0.5714285714285714,38.93151041666667,-0.07675185490519386,427,1,68.0,0.0,1.0,1.9077603686635944,-0.5,41.25397058823529,2805.27,0.0,6,2.0488389286464526,0.24572711936336517,0.9806451612903225,35.64388961892247,1,6.0,0,Basic,Monthly,9.99,credit_card,North America,0
1807,168,12.0,13,-0.07142857142857142,34.391666666666666,0.0845568857766734,186,2,24.0,1.0,3.0,2.099310344827586,-0.5,37.89583333333333,909.4999999999999,-0.9419522917853945,6,1.3505667522530762,0.2533971552690107,1.0,11.432325886990801,2,4.0,0,Premium,Monthly,39.99,paypal,South America,0
1808,483,25.0,21,0.18181818181818182,16.722567287784678,-0.024658901830282867,491,1,31.0,2.0,3.0,1.3309449929478139,-0.25,28.42225806451613,881.09,-0.7187351176302504,6,0.8176228699493503,0.2562948930619174,1.0,23.291721419185283,1,1.0,0,Basic,Annual,9.99,bank_transfer,Asia,0
1809,286,9.0,14,-0.3333333333333333,21.55979020979021,0.18740740740740758,304,1,16.0,0.0,1.0,0.6519946452476574,-0.5,28.774375,460.39,0.0,6,1.7896996782296786,0.2769775641886334,0.9839357429718876,24.540078843626805,1,12.0,0,Standard,Monthly,19.99,paypal,Asia,1
1810,190,9.0,15,-0.375,17.35,-0.1472594683603857,207,5,27.0,2.0,0.0,1.952209026128266,2.0,30.488518518518518,823.1899999999999,0.0,6,1.346942934487679,0.2555608494539455,0.997624703087886,13.830486202365309,5,3.0,0,Standard,Annual,19.99,bank_transfer,Asia,0
1811,576,21.0,21,0.0,29.920486111111114,0.11595639246778984,592,1,40.0,3.0,2.0,1.269655891553702,0.3333333333333333,44.02375,1760.95,2.5270880361173815,6,1.0143878765342997,0.2528231009080062,1.0,31.50459921156373,1,4.0,0,Standard,Annual,19.99,paypal,South America,0
1812,166,3.0,3,0.0,41.6289156626506,-0.14723320158102754,193,8,32.0,0.0,1.0,1.6736769759450174,-0.5,32.2015625,1030.45,0.0,6,2.525243409206667,0.3053236383168872,0.950171821305842,19.11957950065703,8,4.0,0,Standard,Monthly,19.99,credit_card,North America,1
1813,357,10.0,15,-0.3125,26.665266106442576,0.18868852459016391,381,2,43.0,1.0,0.0,1.8332212885154064,1.0,41.379999999999995,1779.34,0.0,6,1.3115448826363356,0.27901824835611533,0.9901960784313726,23.45597897503285,2,5.0,0,Basic,Monthly,9.99,credit_card,Asia,0
1814,56,12.0,8,0.4444444444444444,28.169642857142858,-0.08769085258748803,72,2,22.0,5.0,3.0,4.159503105590062,0.5,24.47772727272727,538.51,1.9827148747224865,6,1.6230234845461513,0.23478412831576992,1.0,5.289093298291721,2,2.0,0,Premium,Annual,39.99,paypal,Asia,0
1815,44,8.0,6,0.2857142857142857,29.345454545454547,-0.14206167904054823,45,1,0.0,0.0,0.0,0.0,0.0,0.0,0.0,0.0,6,3.469285344762328,0.255519094893183,0.875,6.307490144546649,1,2.0,0,Standard,Monthly,19.99,bank_transfer,North America,0
1816,509,15.0,12,0.23076923076923078,42.1909626719057,0.09137271568210782,533,1,59.0,3.0,3.0,1.9955111111111112,0.0,39.750338983050845,2345.27,0.8661985196431964,6,1.0377300193998922,0.24431602164525945,1.0,29.566360052562416,1,12.0,0,Standard,Monthly,19.99,paypal,North America,0
1817,530,15.0,19,-0.2,41.686603773584906,-0.056325381425255915,545,3,62.0,1.0,2.0,2.1894199535962877,-0.3333333333333333,39.13532258064516,2426.39,-0.35528330781010714,6,0.9129729057289528,0.2509070578153439,0.9988399071925754,28.318002628120894,3,1.0,0,Basic,Monthly,9.99,credit_card,North America,0
1818,64,15.0,18,-0.15789473684210525,14.7703125,0.0779806659505907,65,3,1.0,0.0,1.0,0.28185185185185185,-0.5,193.77,193.77,0.0,6,0.9363418772601764,0.2841921089984079,0.9722222222222222,3.54796320630749,3,0.0,0,Premium,Monthly,39.99,credit_card,Europe,0
1819,187,17.0,26,-0.3333333333333333,12.820855614973262,-0.14618856183478882,191,2,19.0,1.0,2.0,2.199087452471483,-0.3333333333333333,43.800526315789476,832.21,0.3685842232173612,6,0.6605610131776819,0.23876398371365257,1.0,8.639947437582128,2,0.0,0,Basic,Monthly,9.99,apple_pay,Europe,0
1820,263,14.0,9,0.5,37.44106463878327,-0.03235245289283621,294,1,41.0,1.0,1.0,1.974746835443038,0.0,34.55853658536586,1416.9,-0.5453435114503816,6,1.7154243840060412,0.23950605323648483,0.9746835443037974,20.76215505913272,1,7.0,0,Premium,Monthly,39.99,credit_card,Asia,0
1821,66,13.0,19,-0.3,29.292424242424243,-0.0028876657357446668,68,2,5.0,3.0,0.0,1.2578512396694215,3.0,23.716,118.58,0.0,6,0.9388831572640551,0.24501946687952486,1.0,3.9750328515111693,2,1.0,0,Standard,Monthly,19.99,credit_card,North America,0
1822,79,13.0,18,-0.2631578947368421,24.426582278481014,0.09034091912219065,83,3,7.0,1.0,1.0,1.5112056737588653,0.0,38.972857142857144,272.81,3.3982417582417583,6,1.0985742587496548,0.22802328959862542,0.9929078014184397,4.6320630749014455,3,1.0,0,Basic,Monthly,9.99,apple_pay,Asia,0
1823,230,14.0,16,-0.11764705882352941,25.957391304347826,0.0008805798279481027,251,4,32.0,1.0,2.0,1.8275422138836774,-0.3333333333333333,31.433125,1005.86,-0.8750135383948878,6,1.5071929279585792,0.23705977739031484,0.9981238273921201,17.509855453350852,4,4.0,0,Premium,Monthly,39.99,credit_card,North America,0
1824,86,9.0,5,0.6666666666666666,27.102325581395352,-0.28325292901447285,106,4,23.0,1.0,1.0,2.089910447761194,0.0,49.070869565217386,1128.6299999999999,-0.8129160341001985,6,2.1066787220872665,0.2854837606085108,0.982089552238806,11.005256241787121,4,11.0,0,Standard,Monthly,19.99,credit_card,Europe,1
1825,460,13.0,11,0.16666666666666666,27.28391304347826,0.07177698648846398,490,3,50.0,1.0,1.0,1.4250936329588015,0.0,43.1738,2158.69,-0.8981308124366962,6,1.5489785473700217,0.2522919896289712,0.9897003745318351,35.08541392904073,3,9.0,0,Standard,Annual,19.99,credit_card,North America,0
1826,419,21.0,23,-0.08333333333333333,15.880668257756563,0.10039429784652701,433,1,48.0,3.0,2.0,2.4806791171477083,0.3333333333333333,44.55979166666666,2138.87,2.481789061573141,6,0.6840351591801302,0.2528054666815558,1.0,19.349540078843624,1,5.0,0,Standard,Monthly,19.99,credit_card,Asia,0
1827,254,10.0,17,-0.3888888888888889,25.228740157480317,-0.14406976744186048,276,4,36.0,1.0,1.0,1.8386577181208053,0.0,30.20361111111111,1087.33,0.5385724585436193,6,1.6552825093619519,0.2541675713877897,0.9865771812080537,19.579500657030223,4,11.0,0,Standard,Monthly,19.99,credit_card,Asia,1
1828,404,22.0,21,0.045454545454545456,38.63490099009901,-0.06687904459936587,434,2,65.0,2.0,2.0,2.997878787878788,0.0,38.49907692307693,2502.44,-0.7906936813186813,6,0.9231087928675231,0.24213459570910295,1.0,21.681997371879106,2,7.0,0,Standard,Monthly,19.99,credit_card,Europe,0
1829,330,16.0,7,1.125,16.737575757575758,-0.1672015961138098,343,1,11.0,1.0,0.0,0.42492385786802034,1.0,41.74363636363637,459.18000000000006,0.0,6,1.6761038575346834,0.24535974959354528,1.0,25.88699080157687,1,11.0,0,Basic,Monthly,9.99,apple_pay,Europe,0
1830,144,15.0,19,-0.2,43.925694444444446,0.07575461719957681,146,1,5.0,1.0,1.0,0.5212328767123288,0.0,33.31,166.55,1.5165180912427898,6,1.421543330543612,0.2527567318205723,1.0,9.592641261498029,1,4.0,0,Basic,Monthly,9.99,credit_card,Asia,0
1831,385,15.0,14,0.06666666666666667,24.92051948051948,0.08080623923832676,414,2,50.0,4.0,2.0,1.9388535031847134,0.6666666666666666,32.522400000000005,1626.1200000000001,4.675130009177119,6,1.2657712376142303,0.2371527049533521,1.0,25.78843626806833,2,8.0,0,Basic,Monthly,9.99,apple_pay,North America,0
1832,578,16.0,20,-0.19047619047619047,27.978546712802768,0.07893157262905148,611,1,70.0,1.0,0.0,2.0007511737089203,1.0,38.061571428571426,2664.31,0.0,6,1.0744650861734364,0.25789380498469633,1.0,34.98685939553219,1,6.0,0,Basic,Monthly,9.99,credit_card,Europe,0
1833,619,13.0,16,-0.17647058823529413,15.707754442649435,0.02247872032044699,643,1,63.0,2.0,0.0,1.759376146788991,2.0,46.38666666666667,2922.36,0.0,6,1.0658227570315575,0.24751680006811322,1.0,35.808147174770035,1,13.0,0,Basic,Monthly,9.99,apple_pay,Asia,0
1834,53,8.0,12,-0.3076923076923077,14.364150943396226,0.21895973154362422,56,1,5.0,1.0,0.0,0.8747126436781609,1.0,22.357999999999997,111.78999999999999,0.0,6,2.2775437179569984,0.23930496364410475,1.0,5.716162943495401,1,1.0,0,Premium,Annual,39.99,paypal,North America,0
1835,78,16.0,21,-0.22727272727272727,43.305128205128206,-0.06730620753551557,81,1,9.0,1.0,1.0,2.029333333333333,0.0,77.10111111111111,693.91,0.1381987577639751,6,0.9516807251025133,0.2528901006695102,1.0,4.434954007884363,1,0.0,0,Basic,Monthly,9.99,credit_card,Europe,0
1836,652,21.0,19,0.1,38.31472392638037,0.07930845225027439,668,2,37.0,1.0,0.0,1.0555576382380507,1.0,40.41594594594594,1495.3899999999999,0.0,6,1.0544576788277082,0.2517571216608708,1.0,35.05256241787122,2,3.0,0,Basic,Annual,9.99,paypal,North America,0
1837,166,9.0,13,-0.2857142857142857,24.92590361445783,-0.17825044937088075,184,3,21.0,1.0,0.0,1.2810420841683368,1.0,43.44857142857143,912.42,0.0,6,1.8326194272274157,0.25137001022128236,0.9959919839679358,16.392904073587385,3,6.0,0,Standard,Monthly,19.99,paypal,North America,0
1838,534,13.0,15,-0.125,32.289887640449436,0.12032712093232563,577,1,87.0,3.0,3.0,2.514985754985755,0.0,47.240574712643685,4109.93,-0.722256752175387,6,1.3005944386009836,0.2521300594908184,1.0,34.59264126149803,1,17.0,0,Standard,Monthly,19.99,paypal,North America,0
1839,356,19.0,17,0.1111111111111111,33.32668539325842,0.02780271574458549,375,1,44.0,1.0,0.0,1.8758543417366949,1.0,36.178636363636365,1591.8600000000001,0.0,6,1.2380523913284982,0.24792134988905784,1.0,23.45597897503285,1,3.0,0,Standard,Monthly,19.99,credit_card,North America,0
1840,138,19.0,17,0.1111111111111111,16.09565217391304,-0.007197328237458352,142,1,16.0,1.0,3.0,2.2865727699530516,-0.5,50.911249999999995,814.5799999999999,-0.9623013428606628,6,0.8161242331478121,0.2689998899667769,1.0,6.9973718791064385,1,1.0,0,Premium,Annual,39.99,bank_transfer,North America,0
1841,461,19.0,18,0.05263157894736842,35.22863340563991,-0.1680806155103153,476,1,40.0,1.0,2.0,1.6299866131191434,-0.3333333333333333,30.067500000000003,1202.7,-0.09051426315269966,6,0.9419056854223553,0.2739940596200329,1.0,24.540078843626805,1,5.0,0,Standard,Monthly,19.99,credit_card,Asia,0
1842,273,14.0,19,-0.25,40.852380952380955,0.029259999658277375,277,2,12.0,1.0,3.0,0.7364516129032258,-0.5,16.010833333333334,192.13,-0.5357238426545358,6,1.262591391701168,0.24894563010822568,1.0,16.294349540078844,2,3.0,0,Standard,Annual,19.99,bank_transfer,Asia,0
1843,219,13.0,14,-0.06666666666666667,30.77853881278539,-0.001338234546778943,228,4,26.0,0.0,4.0,1.7280349344978168,-0.8,36.347307692307695,945.03,0.0,6,1.3186806135982645,0.2709618488878569,0.9934497816593886,15.045992115637318,4,4.0,0,Basic,Monthly,9.99,credit_card,Europe,0
1844,206,7.0,12,-0.38461538461538464,28.660194174757283,-0.2222996515679443,216,12,12.0,1.0,1.0,0.6984321223709369,0.0,31.286666666666665,375.44,-0.5822018348623853,6,1.8114802102297172,0.2490158080450155,0.977055449330784,17.181340341655716,12,5.0,0,Standard,Monthly,19.99,bank_transfer,Asia,0
1845,85,7.0,17,-0.5555555555555556,27.630588235294116,-0.17742788685938318,90,1,14.0,1.0,1.0,2.7143949044585987,0.0,47.84928571428571,669.89,-0.7210884353741497,6,1.6395738004710283,0.260012275371921,0.980891719745223,5.157687253613666,1,0.0,0,Premium,Annual,39.99,credit_card,Oceania,1
1846,444,18.0,22,-0.17391304347826086,17.89864864864865,0.22780464505343603,455,1,25.0,3.0,0.0,1.0703234880450072,3.0,42.124399999999994,1053.11,0.0,6,1.0052545477923402,0.2567338052553058,1.0,23.35742444152431,1,7.0,0,Standard,Monthly,19.99,credit_card,Europe,0
1847,169,11.0,15,-0.25,26.851479289940826,0.018353210026422963,183,3,28.0,0.0,3.0,2.638761609907121,-0.75,41.902499999999996,1173.27,0.0,6,1.1305956904495922,0.24604195216557542,0.9969040247678018,10.611038107752956,3,1.0,0,Standard,Monthly,19.99,bank_transfer,North America,0
1848,289,19.0,16,0.17647058823529413,14.359515570934255,0.07400685622101233,307,1,31.0,5.0,1.0,1.4883911671924293,2.0,41.90387096774194,1299.02,-0.2315327933743378,6,1.4480725725965078,0.2564135168355867,1.0,20.827858081471746,1,2.0,0,Basic,Annual,9.99,credit_card,North America,0
1849,142,21.0,25,-0.15384615384615385,27.369718309859156,0.00446933147326482,147,5,15.0,1.0,2.0,2.216504854368932,-0.3333333333333333,46.346000000000004,695.19,-0.6511287012606274,6,0.706037128640815,0.24253257984332208,1.0,6.767411300919842,5,0.0,0,Premium,Monthly,39.99,paypal,North America,0
1850,28,11.0,12,-0.07692307692307693,38.36071428571428,-0.018089053803339382,28,1,1.0,1.0,0.0,0.42277777777777775,1.0,30.8,30.8,0.0,6,1.337600010905274,0.23545066376085483,1.0,2.3653088042049935,1,0.0,0,Basic,Monthly,9.99,credit_card,North America,0
1851,448,19.0,21,-0.09090909090909091,39.78102678571429,-0.11659668147906575,470,1,66.0,2.0,4.0,2.8059217877094973,-0.4,29.20151515151515,1927.3,-0.24506909176804062,6,0.902293996392252,0.2531141870998966,1.0,23.52168199737188,1,6.0,0,Basic,Monthly,9.99,credit_card,Europe,0
1852,463,17.0,15,0.125,37.2524838012959,0.07253545377704036,471,1,14.0,0.0,0.0,0.5043313609467456,0.0,50.87071428571429,712.19,0.0,6,1.219568553728187,0.2564922562128152,1.0,27.75952693823916,1,3.0,0,Standard,Annual,19.99,paypal,Europe,0
1853,41,9.0,13,-0.2857142857142857,40.4780487804878,0.05269360269360286,45,7,4.0,3.0,0.0,0.9819354838709677,3.0,50.6675,202.67,0.0,6,2.04533708847633,0.25740611535774544,1.0,4.073587385019711,7,0.0,0,Basic,Monthly,9.99,bank_transfer,North America,0
1854,409,13.0,19,-0.3,37.28190709046454,0.04788438278560581,426,2,37.0,4.0,2.0,1.4858575197889183,0.6666666666666666,32.12945945945946,1188.79,6.878539493293591,6,1.1562598051298567,0.25296387062622855,1.0,24.901445466491456,2,9.0,0,Basic,Monthly,9.99,credit_card,Oceania,0
1855,82,5.0,12,-0.5384615384615384,30.92560975609756,-0.08710206760748275,92,3,11.0,0.0,1.0,1.377942386831276,-0.5,67.49545454545454,742.4499999999999,0.0,6,2.1429385413925406,0.29317348462579357,0.9218106995884774,7.982917214191852,3,4.0,0,Standard,Annual,19.99,paypal,North America,1
1856,66,4.0,9,-0.5,37.66060606060606,-0.036964980544747054,84,7,22.0,5.0,1.0,2.5856370656370657,2.0,29.30818181818182,644.78,3.850197628458498,6,2.8922769476341728,0.28312688011201703,0.8918918918918919,8.508541392904073,7,3.0,0,Premium,Monthly,39.99,paypal,South America,1
1857,71,10.0,15,-0.3125,24.26901408450704,0.00012651821862350154,78,4,12.0,2.0,1.0,2.099310344827586,0.5,24.770833333333332,297.25,3.0325649469447495,6,1.4145760108594283,0.2483746052297565,1.0,5.716162943495401,4,2.0,0,Premium,Monthly,39.99,credit_card,Oceania,0
1858,342,10.0,13,-0.21428571428571427,23.948538011695906,0.020115681233933074,370,7,27.0,0.0,2.0,0.9646478873239437,-0.6666666666666666,28.03333333333333,756.9,0.0,6,1.6214846051479925,0.23954640715037498,0.9941314553990611,27.989487516425754,7,10.0,0,Standard,Annual,19.99,bank_transfer,Europe,0
1859,205,1.0,7,-0.75,23.930243902439024,0.06856403622250978,236,17,45.0,0.0,3.0,1.73173198482933,-0.75,26.76977777777778,1204.64,0.0,6,2.724001741605646,0.24893459355491734,0.911504424778761,25.985545335085412,17,4.0,0,Standard,Monthly,19.99,credit_card,North America,1
1860,357,12.0,16,-0.23529411764705882,22.114285714285714,0.1329821643101378,378,1,42.0,1.0,1.0,1.649651612903226,0.0,44.03928571428572,1849.65,2.7507673419275633,6,1.350770505412876,0.25530931987618566,0.9935483870967743,25.45992115637319,1,1.0,0,Premium,Annual,39.99,credit_card,North America,0
1861,452,14.0,17,-0.16666666666666666,35.56482300884956,0.12555746140651797,456,1,14.0,0.0,0.0,0.5013647058823529,0.0,47.330714285714286,662.63,0.0,6,1.27568067519675,0.25168862256347246,1.0,27.92378449408673,1,5.0,0,Standard,Monthly,19.99,paypal,North America,0
1862,206,7.0,10,-0.2727272727272727,23.25145631067961,-0.10970017636684304,220,5,18.0,1.0,1.0,1.1783225806451614,0.0,22.820555555555554,410.77,-0.4068672136128837,6,1.7077668694669894,0.2842485766678512,0.9935483870967742,15.275952693823916,5,3.0,0,Basic,Monthly,9.99,bank_transfer,North America,1
1863,244,10.0,12,-0.15384615384615385,28.612704918032787,-0.1067176406335335,280,6,49.0,0.0,4.0,2.0573241379310345,-0.8,37.90877551020408,1857.53,0.0,6,2.1290160441898585,0.2216660751895917,0.9751724137931035,23.817345597897503,6,8.0,0,Basic,Annual,9.99,paypal,Europe,1
1864,121,15.0,10,0.45454545454545453,15.962809917355372,0.09162303664921456,135,3,18.0,3.0,2.0,1.5177839335180057,0.3333333333333333,30.870555555555555,555.67,0.4787747226242161,6,2.1095701370585234,0.27734999981283326,0.9889196675900277,11.85939553219448,3,5.0,0,Premium,Monthly,39.99,paypal,North America,0
1865,288,18.0,15,0.1875,16.391319444444445,-0.13918470170617211,310,2,37.0,2.0,3.0,1.796299840510367,-0.25,42.145405405405405,1559.38,-0.08122150355211533,6,1.567570524882767,0.24226588075867422,1.0,20.59789750328515,2,4.0,0,Basic,Monthly,9.99,paypal,North America,0
1866,247,16.0,17,-0.05555555555555555,30.78421052631579,0.01816266065765316,267,1,35.0,1.0,2.0,2.025475285171103,-0.3333333333333333,25.85,904.75,-0.7682729997694258,6,1.3511133054399085,0.2458241822797185,0.9980988593155894,17.279894875164256,1,2.0,0,Standard,Annual,19.99,credit_card,North America,0
1867,65,11.0,9,0.2,15.304615384615383,-0.020927394752897992,71,2,7.0,1.0,2.0,1.0146666666666666,-0.3333333333333333,68.33714285714287,478.36,2.765034444237572,6,2.7574480355461026,0.2314996984442639,0.9333333333333333,6.898817345597897,2,2.0,0,Premium,Monthly,39.99,paypal,North America,0
1868,174,11.0,13,-0.14285714285714285,17.54367816091954,-0.0947454080446408,183,1,20.0,0.0,1.0,1.5854166666666667,-0.5,33.191500000000005,663.83,0.0,6,1.6028573993442163,0.24936025478931298,1.0,12.614980289093298,1,3.0,0,Standard,Monthly,19.99,apple_pay,Europe,0
1869,160,21.0,17,0.2222222222222222,21.42625,-0.11497656057241555,169,1,21.0,1.0,2.0,2.506823529411765,-0.3333333333333333,35.48952380952381,745.28,-0.5937198585360627,6,0.8685939068197271,0.2635656382242955,1.0,8.377135348226018,1,2.0,0,Basic,Annual,9.99,paypal,Europe,0
1870,738,22.0,24,-0.08,40.32520325203252,0.02810164933362835,752,1,22.0,0.0,1.0,0.6132600732600733,-0.5,37.050909090909094,815.12,0.0,6,0.8548465001607635,0.2496189948528294,1.0,35.873850197109064,1,15.0,0,Basic,Monthly,9.99,credit_card,North America,0
1871,136,18.0,11,0.5833333333333334,17.345588235294116,-0.04640431378648853,140,1,14.0,2.0,0.0,1.7253441295546559,2.0,74.48857142857142,1042.84,0.0,6,1.2802486464782956,0.2652034930380922,1.0,8.114323258869907,1,1.0,0,Basic,Monthly,9.99,credit_card,Europe,0
1872,215,12.0,5,1.1666666666666667,13.351162790697675,-0.14914330218068536,248,2,42.0,3.0,1.0,1.5961048689138577,1.0,26.31738095238095,1105.33,0.884525479195886,6,2.5728259168432994,0.24357317913160825,0.9700374531835206,26.31406044678055,2,5.0,0,Basic,Monthly,9.99,credit_card,Europe,0
1873,284,14.0,15,-0.0625,15.5,-0.011278195488721816,303,2,19.0,0.0,2.0,0.7122660098522168,-0.6666666666666666,22.827894736842108,433.73,0.0,6,2.241146754147158,0.23737291335312274,0.9741379310344828,26.675427069645202,2,7.0,0,Premium,Monthly,39.99,bank_transfer,Asia,0
1874,480,18.0,17,0.05555555555555555,16.403958333333332,0.045066307035288765,508,3,64.0,1.0,4.0,2.1106825568797403,-0.6,31.107656249999998,1990.8899999999999,-0.5398936170212766,6,1.2308389054971733,0.24769078223084282,0.9934994582881906,30.321944809461232,3,6.0,0,Basic,Annual,9.99,credit_card,Asia,0
1875,322,18.0,14,0.26666666666666666,36.057453416149066,0.049730146491904555,334,1,14.0,2.0,0.0,0.7334939759036145,2.0,47.46857142857143,664.5600000000001,0.0,6,1.0980133624813324,0.2598918319447924,1.0,19.086727989487514,1,10.0,0,Basic,Monthly,9.99,apple_pay,North America,0
1876,352,13.0,13,0.0,39.65482954545455,-0.10156249999999994,368,2,31.0,0.0,1.0,1.373566229985444,-0.5,26.80483870967742,830.95,0.0,6,1.2448670687467898,0.27363295928229264,1.0,22.568988173455978,2,7.0,0,Basic,Monthly,9.99,credit_card,Europe,0
1877,370,7.0,7,0.0,35.42918918918919,-0.42758340113913756,391,8,26.0,0.0,1.0,0.9181438515081206,-0.5,44.52076923076923,1157.54,0.0,6,1.5698866825869098,0.28250669260863537,0.974477958236659,28.318002628120894,8,11.0,0,Basic,Monthly,9.99,credit_card,South America,1
1878,101,15.0,14,0.06666666666666667,33.22178217821782,-0.079348340431285,106,1,6.0,1.0,1.0,0.8339726027397261,0.0,24.695000000000004,148.17000000000002,7.533066132264528,6,1.5948635501477055,0.27714508679325217,1.0,7.194480946123521,1,1.0,0,Basic,Monthly,9.99,credit_card,Asia,0
1879,196,17.0,14,0.2,22.118877551020407,0.05474197388560299,203,5,12.0,0.0,3.0,0.95125,-0.75,36.824999999999996,441.9,0.0,6,1.245700946747117,0.2341963081770981,0.984375,12.614980289093298,5,5.0,0,Standard,Monthly,19.99,bank_transfer,North America,0
1880,327,13.0,17,-0.2222222222222222,34.4565749235474,-0.13954369472300832,345,1,35.0,0.0,3.0,1.6543478260869566,-0.75,41.766,1461.81,0.0,6,1.2405312945421776,0.2443377287931051,1.0,21.156373193166885,1,3.0,0,Standard,Annual,19.99,bank_transfer,North America,0
1881,170,8.0,15,-0.4375,36.03058823529412,-0.22593825665859568,186,5,27.0,3.0,1.0,2.483021148036254,1.0,28.867037037037036,779.41,23.563706563706564,6,1.2500763783950912,0.27851706888349503,0.9939577039274925,10.873850197109066,5,4.0,0,Basic,Monthly,9.99,credit_card,North America,1
1882,501,12.0,22,-0.43478260869565216,23.06127744510978,-0.04070889629759608,523,1,53.0,3.0,1.0,2.0551847133757963,1.0,29.199811320754716,1547.59,15.23869944488501,6,0.8745714607298963,0.2502214428553706,1.0,25.78843626806833,1,1.0,0,Standard,Annual,19.99,paypal,North America,0
1883,637,16.0,19,-0.15,33.79277864992151,0.055846952296819664,652,1,34.0,0.0,1.0,1.0067704280155643,-0.5,25.571470588235293,869.43,0.0,6,0.9272229549194222,0.2645209734381773,1.0,33.77135348226018,1,7.0,0,Basic,Monthly,9.99,paypal,Europe,0
1884,522,20.0,17,0.16666666666666666,39.79099616858238,-0.09273399014778326,558,1,68.0,2.0,1.0,2.1295473251028807,0.5,39.81294117647059,2707.28,2.077509876038687,6,1.1302632700426962,0.25880442317074787,1.0,31.93166885676741,1,19.0,0,Premium,Monthly,39.99,apple_pay,South America,0
1885,31,14.0,15,-0.0625,18.16774193548387,-0.05153428277785911,32,2,3.0,3.0,0.0,1.4729032258064516,3.0,16.683333333333334,50.05,0.0,6,1.768907080110348,0.2803911550149293,1.0,2.0367936925098555,2,0.0,0,Basic,Monthly,9.99,credit_card,North America,0
1886,65,17.0,15,0.125,28.27230769230769,-0.06040451398353596,68,2,3.0,1.0,1.0,0.761,0.0,47.403333333333336,142.21,-0.06252368321333847,6,0.9429689345776303,0.3005256183423307,1.0,3.9421813403416555,2,1.0,0,Standard,Annual,19.99,apple_pay,Europe,0
1887,115,8.0,14,-0.4,35.20086956521739,-0.40781683626271964,128,1,13.0,2.0,0.0,1.4082562277580073,2.0,23.50923076923077,305.62,0.0,6,1.6716087208242119,0.2768074921861193,1.0,9.231274638633376,1,6.0,0,Premium,Annual,39.99,paypal,North America,1
1888,327,16.0,20,-0.19047619047619047,23.596941896024465,0.01232762223150849,344,2,29.0,2.0,1.0,1.4146794871794872,0.5,27.61655172413793,800.88,2.7819460726846423,6,1.2378748874393266,0.22199319132153705,0.9871794871794872,20.49934296977661,2,2.0,0,Premium,Monthly,39.99,credit_card,North America,0
1889,200,12.0,9,0.3,13.908499999999998,-0.21569646569646572,223,2,37.0,2.0,3.0,2.2214595660749508,-0.25,32.99,1220.63,-0.16431650471250098,6,1.6323190161079804,0.25380656792256495,0.9940828402366864,16.655716162943495,2,4.0,0,Standard,Monthly,19.99,bank_transfer,Europe,0
1890,174,16.0,14,0.13333333333333333,18.49137931034483,-0.1406144781144782,186,1,16.0,1.0,3.0,1.3995402298850574,-0.5,47.488125000000004,759.8100000000001,-0.6752131232239732,6,1.3450522991417686,0.25991614863923385,1.0,11.432325886990801,1,6.0,0,Standard,Monthly,19.99,bank_transfer,North America,0
1891,478,11.0,14,-0.2,43.27803347280335,-0.13556288271314174,496,3,27.0,0.0,0.0,0.856125,0.0,29.424444444444447,794.46,0.0,6,1.2818134977623863,0.24913633179412592,0.9989583333333334,31.537450722733244,3,9.0,0,Basic,Annual,9.99,credit_card,North America,0
1892,80,21.0,18,0.15789473684210525,41.22,0.05648643979962006,82,1,3.0,1.0,1.0,0.6476595744680851,0.0,26.27333333333333,78.82,1.0683229813664592,6,1.1620278146306606,0.276541984171354,1.0,4.6320630749014455,1,1.0,0,Basic,Monthly,9.99,credit_card,North America,0
1893,271,15.0,18,-0.15789473684210525,29.477121771217714,0.09971181556195963,286,2,27.0,1.0,2.0,1.8143046357615893,-0.3333333333333333,23.83888888888889,643.65,-0.7749690648753756,6,0.9481491991661527,0.2276788312234284,1.0,14.88173455978975,2,6.0,0,Basic,Monthly,9.99,paypal,Europe,0
1894,328,18.0,17,0.05555555555555555,33.0655487804878,0.05326401908982417,354,3,41.0,3.0,1.0,1.693405698778833,1.0,51.7029268292683,2119.82,3.9300977906555596,6,1.5016837489616248,0.2577878611165437,0.9972862957937584,24.21156373193167,3,11.0,0,Standard,Annual,19.99,paypal,North America,0
1895,147,10.0,9,0.1,42.0469387755102,-0.20984848484848476,156,13,11.0,1.0,1.0,0.8719791666666667,0.0,50.22727272727273,552.5,-0.7633410672853828,6,1.825137511964112,0.2735860463612147,0.984375,12.614980289093298,13,5.0,0,Standard,Monthly,19.99,credit_card,South America,1
1896,41,12.0,9,0.3,32.55365853658537,0.0069400630914827266,42,1,1.0,0.0,1.0,0.24548387096774194,-0.5,8.77,8.77,0.0,6,2.0185118884719104,0.29891504868183894,1.0,4.073587385019711,1,1.0,0,Standard,Annual,19.99,paypal,South America,0
1897,333,23.0,17,0.3333333333333333,30.551351351351354,-0.17727263490859335,342,1,13.0,0.0,0.0,0.7452354048964218,0.0,38.34230769230769,498.45,0.0,6,0.9765580828345851,0.25881150495145044,1.0,17.444152431011826,1,5.0,0,Basic,Annual,9.99,credit_card,North America,0
1898,94,8.0,16,-0.47058823529411764,14.889361702127658,-0.30956848030018763,102,1,9.0,0.0,3.0,1.1367634854771784,-0.75,51.52666666666667,463.74,0.0,6,1.7362187205374082,0.25356362420236594,0.987551867219917,7.917214191852825,1,9.0,0,Basic,Annual,9.99,paypal,Asia,1
1899,570,18.0,16,0.11764705882352941,19.86421052631579,-0.005104538144185849,606,2,77.0,4.0,2.0,2.2112075471698116,0.6666666666666666,31.778181818181817,2446.92,-0.5170267563313778,6,1.1171537052137173,0.2330478585993167,1.0,34.82260183968462,2,2.0,0,Basic,Annual,9.99,paypal,Asia,0
1900,269,15.0,13,0.14285714285714285,36.875836431226766,-0.030417781436509528,297,1,36.0,1.0,1.0,1.8542131979695433,0.0,42.22944444444445,1520.26,-0.9476227154961138,6,1.377773303640834,0.24180941413053483,1.0,19.415243101182654,1,10.0,0,Basic,Monthly,9.99,paypal,South America,0
1901,405,16.0,9,0.7,13.24543209876543,0.1418522267206478,425,3,26.0,3.0,1.0,0.9843781094527364,1.0,28.01076923076923,728.28,3.869201030927835,6,1.3334253280186594,0.2527090560994412,1.0,26.412614980289092,3,7.0,0,Basic,Annual,9.99,credit_card,Europe,0
1902,89,9.0,13,-0.2857142857142857,32.519101123595505,0.035475234270414865,99,5,10.0,0.0,3.0,1.3292576419213975,-0.75,49.326,493.26,0.0,6,1.7721279915249655,0.2736078931073574,0.9475982532751092,7.522996057818659,5,6.0,0,Basic,Monthly,9.99,credit_card,South America,0
1903,64,21.0,20,0.047619047619047616,11.5171875,-0.07017543859649138,64,1,0.0,0.0,0.0,0.0,0.0,0.0,0.0,0.0,6,0.6581639032203939,0.23748047254393825,1.0,2.890932982917214,1,0.0,0,Premium,Monthly,39.99,credit_card,Europe,0
1904,57,6.0,11,-0.4166666666666667,18.30701754385965,-0.03650268054241553,59,8,5.0,2.0,2.0,1.049655172413793,0.0,61.065999999999995,305.33,0.5081700744289505,6,1.7510691574556323,0.26177326145397256,0.9655172413793103,4.763469119579501,8,0.0,0,Standard,Annual,19.99,credit_card,North America,0
1905,328,9.0,15,-0.375,40.765853658536585,-0.25203382573324756,348,2,42.0,3.0,3.0,2.2468892794376103,0.0,45.900952380952376,1927.84,-0.08124287343215501,6,1.0215074824033774,0.2692727774462615,1.0,18.69250985545335,2,15.0,0,Basic,Monthly,9.99,paypal,South America,1
1906,522,14.0,20,-0.2857142857142857,44.027969348659,-0.09547662185411294,543,2,37.0,1.0,3.0,1.1492653061224491,-0.5,34.468648648648646,1275.34,-0.8060847313050896,6,1.2230604417467899,0.2553934006190194,1.0,32.19448094612352,2,13.0,0,Standard,Monthly,19.99,credit_card,North America,0
1907,212,6.0,5,0.16666666666666666,30.793867924528303,-0.11400247831474607,260,1,61.0,3.0,2.0,2.2290996398559426,0.3333333333333333,26.64918032786885,1625.6,0.581356867071153,6,2.7317544574816357,0.23450542229466714,0.8991596638655462,27.365308804204993,1,6.0,0,Basic,Monthly,9.99,credit_card,Oceania,0
1908,260,14.0,18,-0.21052631578947367,20.85653846153846,-0.0025036433616083434,277,2,28.0,1.0,4.0,1.6679452054794521,-0.6,47.18535714285714,1321.19,-0.8732358870967741,6,1.2244490035599038,0.2579079321309138,1.0,16.78712220762155,2,6.0,0,Premium,Monthly,39.99,credit_card,Europe,0
1909,278,13.0,20,-0.3333333333333333,12.91978417266187,-0.02798968071236361,289,1,23.0,0.0,3.0,1.470840336134454,-0.75,37.16217391304348,854.73,0.0,6,1.071616482424831,0.25398767485089335,1.0,15.637319316688567,1,5.0,0,Basic,Monthly,9.99,credit_card,North America,0
1910,178,10.0,10,0.0,26.31404494382022,-0.11692726036709715,202,2,27.0,3.0,2.0,1.7194142259414227,0.3333333333333333,51.13148148148149,1380.5500000000002,1.770206022187005,6,2.0395102328867467,0.26012869449971343,0.9518828451882845,15.703022339027594,2,4.0,0,Standard,Monthly,19.99,credit_card,Europe,0
1911,241,11.0,11,0.0,34.944813278008304,0.01748156241464092,267,4,40.0,4.0,3.0,2.0920962199312716,0.25,43.445,1737.8,3.4225603070175445,6,1.435460760663141,0.2562112036606326,0.9982817869415808,19.11957950065703,4,6.0,0,Premium,Annual,39.99,credit_card,Europe,0
1912,376,16.0,12,0.3076923076923077,40.36728723404256,-0.00020648358455501614,425,1,64.0,1.0,3.0,1.8589312977099237,-0.5,30.62625,1960.08,-0.8792207792207792,6,1.818759513509831,0.24946542134920055,0.9751908396946565,34.42838370565046,1,6.0,0,Basic,Monthly,9.99,credit_card,Asia,0
1913,255,9.0,5,0.6666666666666666,16.81764705882353,0.22055023559811532,281,2,35.0,0.0,1.0,1.061155378486056,-0.5,43.410000000000004,1519.3500000000001,0.0,6,3.015236950199339,0.2491576162609933,0.9272908366533865,32.98291721419185,2,2.0,0,Basic,Annual,9.99,paypal,South America,0
1914,327,12.0,13,-0.07142857142857142,38.00183486238532,-0.0036910274478221413,347,3,32.0,0.0,1.0,1.064568306010929,-0.5,32.030625,1024.98,0.0,6,1.9429429292367946,0.2546735728763907,0.9792349726775955,30.059132720105122,3,6.0,0,Standard,Monthly,19.99,credit_card,Asia,0
1915,80,8.0,8,0.0,13.14,0.08195211786372013,90,4,12.0,1.0,0.0,1.6307142857142858,1.0,29.763333333333335,357.16,0.0,6,1.8159012766044997,0.23801874338193788,1.0,7.35873850197109,4,3.0,0,Standard,Monthly,19.99,apple_pay,Asia,0
1916,559,18.0,18,0.0,16.43112701252236,-0.1882551278449003,570,1,26.0,0.0,1.0,0.9128489042675895,-0.5,28.758076923076924,747.71,0.0,6,0.870056857692196,0.25365831227183167,1.0,28.48226018396846,1,6.0,0,Standard,Annual,19.99,paypal,Europe,0
1917,77,5.0,12,-0.5384615384615384,41.39090909090909,-0.1186574531095755,84,8,16.0,1.0,3.0,2.0903004291845493,-0.5,42.2175,675.48,-0.9368991865910771,6,2.202168140615421,0.2433496569569145,0.9313304721030043,7.654402102496714,8,1.0,0,Basic,Annual,9.99,apple_pay,Europe,1
1918,444,19.0,19,0.0,43.601576576576576,0.09011660817389336,456,1,33.0,1.0,1.0,1.33936,0.0,34.90393939393939,1151.83,-0.08466453674121405,6,0.975504804630054,0.23233550036994238,1.0,24.638633377135346,1,0.0,0,Standard,Monthly,19.99,credit_card,Europe,0
1919,118,3.0,9,-0.6,25.541525423728814,-0.13232514177693766,145,13,34.0,1.0,1.0,2.797189189189189,0.0,25.360294117647058,862.25,0.13959731543624163,6,1.9573938876452104,0.3157045447308122,0.945945945945946,12.155059132720105,13,6.0,0,Basic,Monthly,9.99,bank_transfer,North America,1
1920,91,16.0,15,0.0625,43.2021978021978,0.11154804706651424,98,1,12.0,3.0,1.0,2.052134831460674,1.0,21.561666666666667,258.74,1.4661654135338347,6,1.1984203520493908,0.2620501006961884,1.0,5.847568988173456,1,1.0,0,Basic,Annual,9.99,credit_card,Europe,0
1921,188,13.0,18,-0.2631578947368421,19.836702127659574,-0.03642444512009721,195,1,24.0,2.0,1.0,2.1678338278931752,0.5,46.36375,1112.73,3.329908058409952,6,1.0062169867009918,0.2501164894274708,1.0,11.070959264126149,1,3.0,0,Standard,Annual,19.99,credit_card,South America,0
1922,180,6.0,10,-0.36363636363636365,42.235,0.07033295922184826,203,4,25.0,1.0,1.0,1.1274074074074074,0.0,23.2376,580.94,4.020833333333333,6,2.6062988045215234,0.25874454977618816,0.9125925925925926,22.174770039421812,4,4.0,0,Standard,Monthly,19.99,credit_card,North America,0
1923,267,10.0,10,0.0,14.758426966292134,-0.13004214328717642,307,1,66.0,5.0,2.0,2.5691048593350385,1.0,41.610151515151514,2746.27,0.0632267441860465,6,1.9750614897108545,0.25785541779346155,0.9936061381074169,25.689881734559787,1,10.0,0,Basic,Annual,9.99,credit_card,Europe,0
1924,377,10.0,15,-0.3125,25.514058355437665,-0.01263863812225953,395,1,37.0,1.0,0.0,1.4997070572569908,1.0,24.173513513513512,894.42,0.0,6,1.4213378336589688,0.2626262701067184,0.9973368841544606,24.67148488830486,1,0.0,0,Basic,Monthly,9.99,credit_card,Europe,0
1925,396,9.0,13,-0.2857142857142857,33.76338383838384,-0.08854241855541119,423,8,37.0,1.0,1.0,1.0486778398510244,0.0,32.8727027027027,1216.29,-0.24734693877551014,6,2.1004175250766215,0.248162709095545,0.958100558659218,35.282522996057814,8,4.0,0,Basic,Monthly,9.99,credit_card,Asia,0
1926,120,15.0,14,0.06666666666666667,42.711666666666666,0.07240169388989734,122,1,3.0,0.0,0.0,0.3446037735849057,0.0,12.93,38.79,0.0,6,1.7224014243685084,0.2482689447338683,1.0,8.705650459921156,1,0.0,0,Standard,Monthly,19.99,paypal,South America,0
1927,279,17.0,25,-0.3076923076923077,27.148387096774194,0.0459369540981591,283,3,13.0,1.0,1.0,1.0961772853185596,0.0,73.64692307692307,957.41,-0.5655636055087788,6,0.5830272284359458,0.2557034850134783,1.0,11.85939553219448,3,10.0,0,Standard,Annual,19.99,bank_transfer,Europe,0
1928,16,6.0,8,-0.2222222222222222,11.3125,-0.31351981351981356,21,12,4.0,2.0,2.0,1.8732307692307693,0.0,46.557500000000005,186.23000000000002,1.5183177570093462,5,2.6011131220468307,0.4262677336886552,0.9692307692307691,2.135348226018397,12,3.0,0,Standard,Monthly,19.99,credit_card,Asia,1
1929,165,13.0,17,-0.2222222222222222,17.298181818181817,-0.17347883275685697,176,1,21.0,1.0,3.0,2.10970297029703,-0.5,32.96952380952381,692.36,-0.9559273362881578,6,1.1883396262531523,0.26071998965655296,1.0,9.95400788436268,1,1.0,0,Basic,Monthly,9.99,credit_card,Europe,1
1930,625,17.0,18,-0.05263157894736842,14.8232,-0.09509168031959062,637,3,22.0,0.0,0.0,0.7367216721672167,0.0,38.77636363636364,853.08,0.0,6,0.7497090011406587,0.2626187630625086,1.0,29.86202365308804,3,11.0,0,Standard,Annual,19.99,credit_card,North America,0
1931,95,9.0,8,0.1111111111111111,21.987368421052633,0.15396622676316166,111,3,15.0,0.0,0.0,1.2509589041095892,0.0,25.55666666666667,383.35,0.0,6,2.634046032010253,0.23575411207046465,0.9205479452054794,11.990801576872535,3,3.0,0,Premium,Monthly,39.99,credit_card,Asia,0
1932,404,17.0,18,-0.05263157894736842,19.42450495049505,0.0012582573136204409,415,1,28.0,2.0,0.0,1.1756137931034483,2.0,42.425714285714285,1187.92,0.0,6,1.1159959180688015,0.25572257291194067,1.0,23.817345597897503,1,6.0,0,Standard,Annual,19.99,credit_card,North America,0
1933,306,12.0,9,0.3,18.584313725490198,-0.2359467455621303,336,1,46.0,1.0,1.0,1.4723869610935858,0.0,39.95804347826087,1838.07,21.904841402337226,6,2.385484300349935,0.24679665743558002,0.964248159831756,31.24178712220762,1,7.0,0,Basic,Annual,9.99,credit_card,Asia,0
1934,520,22.0,20,0.09523809523809523,19.147115384615386,-0.07046601860736784,540,2,61.0,4.0,4.0,2.3805641025641027,0.0,38.83655737704918,2369.03,2.076978834444766,6,0.7844019798907406,0.24868492192875788,1.0,25.62417871222076,2,4.0,0,Basic,Monthly,9.99,bank_transfer,North America,0
1935,318,10.0,11,-0.08333333333333333,13.570125786163523,-0.1570093457943924,351,2,44.0,2.0,1.0,1.423336875664187,0.5,26.6925,1174.47,5.5183374083129575,6,2.0911602734841432,0.2539758438573165,0.9819341126461212,30.913272010512483,2,5.0,0,Basic,Annual,9.99,credit_card,Europe,0
1936,484,17.0,19,-0.1,14.346487603305786,0.06575489851234188,499,1,46.0,3.0,2.0,2.01183908045977,0.3333333333333333,41.16652173913044,1893.66,-0.6066117896972917,6,0.735503000322164,0.2411669488265665,1.0,22.864651773981603,1,0.0,0,Standard,Monthly,19.99,credit_card,North America,0
1937,176,11.0,17,-0.3333333333333333,34.06193181818182,-0.38939893577156565,183,2,8.0,0.0,0.0,0.6997701149425287,0.0,53.246249999999996,425.96999999999997,0.0,6,1.4607569751470555,0.32697184092447396,1.0,11.432325886990801,2,3.0,0,Basic,Annual,9.99,credit_card,North America,1
1938,109,10.0,18,-0.42105263157894735,14.537614678899082,-0.03855732073851437,113,1,8.0,1.0,2.0,1.3680898876404495,-0.3333333333333333,42.94375,343.55,-0.9630931458699473,6,1.3200756579074333,0.32072068972466133,1.0,5.847568988173456,1,3.0,0,Basic,Monthly,9.99,credit_card,Europe,1
1939,148,6.0,10,-0.36363636363636365,20.72027027027027,0.07600732600732599,154,5,14.0,3.0,1.0,1.4397297297297298,1.0,30.20642857142857,422.89,6.916462917685411,6,1.375369356526844,0.27310984348484646,0.9932432432432433,9.724047306176084,5,1.0,0,Basic,Monthly,9.99,credit_card,Asia,1
1940,547,19.0,14,0.3333333333333333,12.680621572212067,-0.06108871536097868,565,1,56.0,1.0,1.0,2.076297198538368,0.0,26.93392857142857,1508.3,3.9315895372233403,6,0.7881306962244781,0.2527769039956635,1.0,26.971090670170828,1,8.0,0,Standard,Monthly,19.99,credit_card,Asia,0
1941,152,11.0,14,-0.2,25.585526315789473,-0.44134631248968814,158,1,16.0,1.0,2.0,1.824119850187266,-0.3333333333333333,18.15625,290.5,-0.827873618918395,6,1.07546388625342,0.28868875098782626,1.0,8.771353482260183,1,3.0,0,Basic,Monthly,9.99,credit_card,Europe,1
1942,212,14.0,19,-0.25,25.543867924528303,-0.25530869588951366,218,1,26.0,2.0,3.0,2.3695808383233534,-0.25,53.144615384615385,1381.76,-0.6036406341749854,6,0.9861431126399812,0.26415196613408737,1.0,10.972404730617608,1,2.0,0,Premium,Monthly,39.99,paypal,Europe,0
1943,535,15.0,17,-0.1111111111111111,30.72691588785047,-0.06045672329039888,549,2,33.0,1.0,1.0,0.980019512195122,0.0,25.954545454545453,856.5,-0.9223758447516894,6,1.1818302195196173,0.2505986327291927,1.0,33.67279894875164,2,11.0,0,Basic,Monthly,9.99,credit_card,South America,0
1944,582,20.0,20,0.0,27.008591065292098,0.0024108834165661,608,1,62.0,3.0,2.0,1.9700208768267224,0.3333333333333333,35.417419354838714,2195.88,-0.07736063708759952,6,0.9372554677526579,0.24043477124799897,1.0,31.471747700394218,1,5.0,0,Basic,Annual,9.99,paypal,North America,0
1945,226,20.0,18,0.10526315789473684,29.68053097345133,-0.10333052985702278,231,1,11.0,3.0,0.0,0.9995223880597016,3.0,18.03090909090909,198.34,0.0,6,0.732805558855434,0.24317396705664787,1.0,11.005256241787121,1,3.0,0,Premium,Annual,39.99,credit_card,Europe,0
1946,242,5.0,11,-0.5,29.105785123966943,-0.1182939725061685,252,11,23.0,0.0,2.0,1.502403433476395,-0.6666666666666666,34.39695652173913,791.13,0.0,6,1.2471098061220978,0.24957158453184344,0.9914163090128756,15.308804204993429,11,5.0,0,Basic,Monthly,9.99,paypal,Asia,1
1947,215,21.0,12,0.6923076923076923,24.379534883720932,0.014853952746485728,219,1,12.0,1.0,2.0,1.0231932773109245,-0.3333333333333333,46.776666666666664,561.3199999999999,-0.20995334370139965,6,0.9573958287590404,0.24191608882079063,1.0,11.727989487516425,1,3.0,0,Basic,Monthly,9.99,paypal,North America,0
1948,157,22.0,22,0.0,37.264968152866246,-0.0073405535499399275,159,1,12.0,0.0,0.0,1.6454054054054055,0.0,23.27916666666667,279.35,0.0,6,0.703362651547574,0.24775004218246552,1.0,7.293035479632063,1,0.0,0,Premium,Monthly,39.99,paypal,Oceania,0
1949,211,5.0,8,-0.3333333333333333,38.21706161137441,-0.05234685759745424,233,2,27.0,1.0,2.0,1.3977551020408163,-0.3333333333333333,42.21629629629629,1139.84,-0.9252525252525252,6,1.8281063105,0.26657367622529293,0.9761904761904762,19.316688567674113,2,8.0,0,Premium,Monthly,39.99,credit_card,Europe,0
1950,218,11.0,14,-0.2,34.887614678899084,0.09404074795622945,239,3,38.0,3.0,4.0,2.3042231075697215,-0.2,38.26973684210526,1454.25,0.9051989578398864,6,1.4657079607683163,0.2644537090886567,1.0,16.491458607095925,3,10.0,0,Standard,Annual,19.99,apple_pay,North America,0
1951,180,26.0,22,0.17391304347826086,41.83777777777778,-0.026102110832375968,180,3,9.0,2.0,0.0,1.09584,2.0,14.13888888888889,127.25,0.0,6,0.6876421110135117,0.26343618313837364,1.0,8.21287779237845,3,0.0,0,Standard,Monthly,19.99,credit_card,Asia,0
1952,459,20.0,23,-0.125,13.808932461873638,0.04464562055091302,464,1,18.0,1.0,2.0,0.8468624420401856,-0.3333333333333333,27.855,501.39,0.02403971779461705,6,0.7540217515497422,0.2600410239249923,1.0,21.254927726675426,1,5.0,0,Basic,Monthly,9.99,paypal,South America,0
1953,528,20.0,17,0.16666666666666666,16.488068181818182,-0.05728764478764477,545,2,53.0,1.0,2.0,1.9579126213592233,-0.3333333333333333,36.519999999999996,1935.56,-0.9301349872309377,6,0.8027735341923358,0.2599091980649567,1.0,27.069645203679368,2,7.0,0,Basic,Monthly,9.99,apple_pay,North America,0
1954,33,11.0,13,-0.14285714285714285,33.03939393939394,0.01072673639045309,35,3,6.0,1.0,3.0,2.148705882352941,-0.5,78.24833333333333,469.49,-0.8898120487926314,5,1.200490095997562,0.26785130386211065,0.9058823529411765,2.7923784494086727,3,0.0,0,Basic,Annual,9.99,credit_card,Europe,0
1955,80,21.0,20,0.047619047619047616,42.42375,0.03909588275228627,84,1,8.0,3.0,1.0,1.9798373983739836,1.0,17.208750000000002,137.67000000000002,11.576470588235296,6,0.770450444704983,0.27357658476298374,1.0,4.040735873850197,1,0.0,0,Standard,Monthly,19.99,bank_transfer,South America,0
1956,259,3.0,11,-0.6666666666666666,26.753281853281855,-0.318010372465818,307,2,57.0,0.0,1.0,1.8477955271565496,-0.5,40.07719298245614,2284.4,0.0,6,2.3871620818662853,0.24661247366861708,0.9542066027689031,30.847568988173453,2,10.0,0,Premium,Monthly,39.99,paypal,Asia,0
1957,123,14.0,22,-0.34782608695652173,40.735772357723576,0.08114285714285706,127,1,11.0,2.0,2.0,1.6333658536585367,0.0,29.50363636363636,324.53999999999996,1.8642779587404998,6,1.05050252524949,0.26440256328438955,1.0,6.734559789750328,1,0.0,0,Standard,Monthly,19.99,credit_card,Europe,0
1958,236,8.0,6,0.2857142857142857,17.371610169491525,-0.0929919137466308,276,3,49.0,4.0,0.0,1.6988154897494305,4.0,45.177959183673465,2213.72,0.0,6,2.4719635613629167,0.25045621021614584,0.9328018223234624,28.843626806833115,3,10.0,0,Standard,Annual,19.99,apple_pay,North America,0
1959,84,8.0,9,-0.1,22.067857142857143,-0.025773195876288606,92,9,13.0,2.0,0.0,1.4602214022140223,2.0,26.88076923076923,349.45,0.0,6,2.1988452958133813,0.24462815783243194,0.981549815498155,8.902759526938238,9,0.0,0,Standard,Monthly,19.99,credit_card,Europe,0
1960,125,12.0,17,-0.2777777777777778,36.1104,0.022661722290894214,134,4,13.0,1.0,2.0,1.111573033707865,-0.3333333333333333,63.76615384615385,828.96,-0.9129000624052778,6,1.90805991538333,0.23172888212327866,0.9634831460674158,11.695137976346912,4,3.0,0,Basic,Annual,9.99,paypal,Asia,0
1961,545,22.0,23,-0.041666666666666664,12.81651376146789,0.07865479115479106,559,2,52.0,1.0,4.0,1.9614374225526643,-0.6,32.92653846153846,1712.18,-0.8225255972696246,6,0.7528102640307912,0.24674621720661188,1.0,26.511169513797633,2,3.0,0,Standard,Annual,19.99,credit_card,North America,0
1962,618,21.0,20,0.047619047619047616,19.848543689320387,0.0003242542153048497,655,1,78.0,3.0,2.0,2.2764333652924256,0.3333333333333333,37.68653846153846,2939.55,-0.6756295347844644,6,0.956808757163554,0.2584511716971388,1.0,34.26412614980289,1,12.0,0,Basic,Monthly,9.99,paypal,Europe,0
1963,289,22.0,19,0.15,16.51937716262976,-0.04342435142794855,292,1,12.0,0.0,2.0,0.8615094339622642,-0.6666666666666666,33.651666666666664,403.82,0.0,6,0.8710427587765233,0.24105738085450346,1.0,13.92904073587385,1,0.0,0,Standard,Annual,19.99,credit_card,North America,0
1964,227,21.0,18,0.15789473684210525,18.861674008810574,-0.06772255598033855,236,2,20.0,1.0,1.0,1.5451776649746194,0.0,52.6845,1053.69,-0.5387374461979914,6,1.1585996526493147,0.2568073100499049,1.0,12.943495400788436,2,2.0,0,Standard,Monthly,19.99,paypal,Asia,0
1965,242,9.0,14,-0.3333333333333333,40.11735537190083,-0.13244834439569508,253,4,25.0,1.0,4.0,1.3327495621716288,-0.6,45.6988,1142.47,-0.8529020455679361,6,1.7927988220985795,0.26530561959275556,0.9807355516637478,18.758212877792378,4,0.0,0,Basic,Monthly,9.99,credit_card,Asia,1
1966,294,15.0,24,-0.36,38.691156462585035,-0.0305621210564177,304,1,33.0,1.0,4.0,2.232266666666667,-0.6,38.1,1257.3,-0.982253528817539,6,0.9017355532887926,0.24283570460114376,1.0,14.783180026281208,1,4.0,0,Standard,Annual,19.99,credit_card,North America,0
1967,176,15.0,10,0.45454545454545453,38.16818181818182,-0.033414043583535176,191,1,23.0,2.0,3.0,1.4555509355509355,-0.25,42.391304347826086,975.0,-0.46797323135755253,6,1.953718188255415,0.2495843542529889,0.9604989604989606,15.801576872536137,1,3.0,0,Basic,Monthly,9.99,bank_transfer,Asia,0
1968,473,18.0,16,0.11764705882352941,38.84989429175476,0.02840750069969201,500,1,59.0,1.0,1.0,2.253400250941029,0.0,33.075084745762716,1951.43,-0.7967102976948918,6,0.9217695794897856,0.2596437789307266,1.0,26.182654402102497,1,10.0,0,Standard,Monthly,19.99,credit_card,North America,0
1969,40,8.0,13,-0.35714285714285715,27.6575,0.19273864959254947,45,2,7.0,4.0,1.0,1.7183870967741934,1.5,48.20142857142857,337.41,9.584915341200617,6,1.5319017737431675,0.3132821819880396,0.9596774193548386,4.073587385019711,2,0.0,0,Premium,Monthly,39.99,credit_card,Europe,0
1970,308,9.0,10,-0.09090909090909091,29.942857142857143,-0.06385892826570794,359,1,59.0,2.0,0.0,1.8251626016260163,2.0,30.86186440677966,1820.85,0.0,6,2.1904048345636578,0.23985269887805627,0.9817073170731706,32.32588699080158,1,9.0,0,Premium,Monthly,39.99,credit_card,Asia,0
1971,426,21.0,17,0.2222222222222222,27.08450704225352,-0.024074985761586124,440,1,31.0,0.0,1.0,1.3675942028985508,-0.5,30.091290322580647,932.83,0.0,6,0.9575832635433873,0.25730364880934403,1.0,22.667542706964518,1,5.0,0,Premium,Monthly,39.99,paypal,North America,0
1972,328,6.0,7,-0.125,34.771646341463416,0.14024216524216518,344,2,17.0,1.0,0.0,0.5470190274841438,1.0,29.210588235294118,496.58,0.0,6,2.130216926093978,0.25734649337402166,0.9693446088794926,31.077529566360052,2,5.0,0,Basic,Monthly,9.99,bank_transfer,North America,0
1973,432,16.0,13,0.21428571428571427,30.69027777777778,-0.032212031811185204,453,2,25.0,1.0,0.0,0.7773237997957099,1.0,34.5004,862.51,0.0,6,1.6360748665443923,0.25767080989798097,0.9867211440245148,32.16162943495401,2,7.0,0,Standard,Monthly,19.99,paypal,Asia,0
1974,442,16.0,21,-0.22727272727272727,24.130316742081448,-0.07783795493934141,459,2,55.0,3.0,2.0,2.412391930835735,0.3333333333333333,35.730363636363634,1965.17,2.7056352817640885,6,0.8294964527303638,0.24143797078503165,1.0,22.798948751642573,2,6.0,0,Standard,Monthly,19.99,credit_card,Asia,0
1975,289,17.0,22,-0.21739130434782608,35.62318339100346,-0.030916552667578447,295,3,17.0,0.0,2.0,1.0917299578059072,-0.6666666666666666,83.04058823529412,1411.69,0.0,6,0.9467736768422946,0.24868082524228657,1.0,15.571616294349539,3,3.0,0,Premium,Monthly,39.99,credit_card,North America,0
1976,367,11.0,15,-0.25,38.06239782016349,-0.30190566613543124,387,2,46.0,2.0,2.0,2.1542153846153846,0.0,46.671956521739126,2146.91,6.730919765166341,6,1.057030640193837,0.27874702462560874,1.0,21.353482260183966,2,7.0,0,Basic,Monthly,9.99,bank_transfer,Europe,1
1977,142,3.0,6,-0.42857142857142855,21.515492957746478,-0.4447488584474886,153,16,6.0,0.0,0.0,0.36382470119521915,0.0,95.88833333333332,575.3299999999999,0.0,6,2.1087441811680994,0.2929957423782169,0.9203187250996017,16.491458607095925,16,9.0,0,Basic,Monthly,9.99,credit_card,North America,1
1978,556,17.0,18,-0.05263157894736842,34.1294964028777,-0.0738958148623954,587,2,67.0,1.0,1.0,2.200086299892125,0.0,37.7210447761194,2527.31,-0.916577157178661,6,0.9579974470446632,0.2574731578089361,1.0,30.453350854139288,2,10.0,0,Basic,Monthly,9.99,credit_card,Europe,0
1979,570,17.0,19,-0.1,40.77912280701754,-0.009978457303572386,596,1,70.0,1.0,2.0,2.0808593749999997,-0.3333333333333333,33.187285714285714,2323.11,-0.9180960548885078,6,1.0841121762037949,0.25448482975438746,1.0,33.63994743758213,1,4.0,0,Premium,Annual,39.99,credit_card,North America,0
1980,61,7.0,12,-0.38461538461538464,22.604918032786887,-0.3425832191984756,62,1,0.0,0.0,0.0,0.0,0.0,0.0,0.0,0.0,6,2.0770670789055474,0.3803790988563123,0.9921259842519685,4.1721419185282524,1,1.0,0,Standard,Monthly,19.99,paypal,Oceania,1
1981,420,13.0,16,-0.17647058823529413,21.84547619047619,-0.0962772785622593,451,3,55.0,2.0,3.0,1.8853603603603604,-0.25,34.40109090909091,1892.06,-0.2260117689443978,6,1.306570682655575,0.25081640364476915,1.0,29.17214191852825,3,5.0,0,Basic,Monthly,9.99,credit_card,North America,0
1982,20,9.0,7,0.25,20.145,0.0892231773320598,22,2,3.0,2.0,0.0,1.061860465116279,2.0,28.45,85.35,0.0,6,3.229329872987804,0.23944789742289257,0.9767441860465116,2.8252299605781865,2,1.0,0,Standard,Monthly,19.99,apple_pay,Europe,0
1983,79,11.0,9,0.2,26.329113924050635,-0.008940112020680818,84,1,8.0,0.0,2.0,1.0318644067796612,-0.6666666666666666,25.57875,204.63,0.0,6,1.7769378382782293,0.289834264360667,1.0,7.752956636005256,1,0.0,0,Basic,Annual,9.99,bank_transfer,North America,0
1984,482,18.0,23,-0.20833333333333334,17.663278008298757,-0.05501027162748235,498,1,34.0,1.0,3.0,1.463875530410184,-0.5,39.03441176470589,1327.17,-0.9593832267769838,6,0.7310932269000722,0.25211778595976037,1.0,23.226018396846253,1,11.0,0,Standard,Monthly,19.99,credit_card,Asia,0
1985,651,19.0,20,-0.047619047619047616,30.537173579109066,0.17599564376513868,672,1,43.0,1.0,1.0,1.2537547892720307,0.0,52.165116279069764,2243.1,-0.45513392857142854,6,0.9382140310116818,0.24457528919421412,1.0,34.2969776609724,1,8.0,0,Standard,Annual,19.99,credit_card,Europe,0
1986,189,17.0,17,0.0,33.08994708994709,0.01531051092379171,191,1,8.0,0.0,2.0,0.6937891737891738,-0.6666666666666666,59.38625,475.09,0.0,6,1.2285474666246845,0.2374274553622479,1.0,11.530880420499342,1,2.0,0,Standard,Monthly,19.99,credit_card,Asia,0
1987,117,2.0,13,-0.7857142857142857,19.236752136752134,-0.18446601941747576,131,15,26.0,0.0,5.0,2.267736389684814,-0.8333333333333334,21.047307692307694,547.23,0.0,6,2.0985840130594755,0.26165355137595975,0.9025787965616047,11.465177398160314,15,3.0,0,Standard,Monthly,19.99,bank_transfer,North America,1
1988,298,7.0,7,0.0,39.16140939597316,-0.00463954318344034,352,4,72.0,0.0,0.0,2.196072144288577,0.0,38.375972222222224,2763.07,0.0,6,2.326492676233513,0.25840581121882594,0.9539078156312625,32.78580814717477,4,5.0,0,Standard,Monthly,19.99,credit_card,North America,0
1989,284,13.0,13,0.0,15.018309859154929,0.056253139126067456,306,2,43.0,2.0,2.0,2.6932510288065847,0.0,47.27209302325581,2032.7,2.2732215677390126,6,0.973239877162206,0.259299484906752,1.0,15.965834428383705,2,3.0,0,Standard,Annual,19.99,credit_card,Asia,0
1990,174,13.0,11,0.16666666666666666,21.751149425287355,0.003287310979618508,189,1,21.0,3.0,1.0,1.1214736842105264,1.0,17.460476190476193,366.67,1.4691983122362866,6,2.566733627693138,0.23474181555345056,0.9333333333333333,18.725361366622863,1,4.0,0,Basic,Monthly,9.99,credit_card,North America,0
1991,458,14.0,13,0.07142857142857142,29.516157205240173,-0.08853954247154355,488,2,48.0,1.0,2.0,1.5795891891891893,-0.3333333333333333,40.525416666666665,1945.22,-0.33087434998185994,6,1.263331490907971,0.25101491596408293,1.0,30.387647831800262,2,1.0,0,Standard,Monthly,19.99,credit_card,Europe,0
1992,36,3.0,8,-0.5555555555555556,27.549999999999997,0.3852392538523926,39,12,2.0,0.0,0.0,0.47937007874015747,0.0,77.965,155.93,0.0,6,2.530749724459545,0.3525230576296767,0.8818897637795275,4.1721419185282524,12,1.0,0,Premium,Monthly,39.99,paypal,Europe,1
1993,416,10.0,18,-0.42105263157894735,15.450721153846153,-0.2989085948158253,426,4,38.0,0.0,4.0,1.8102034428794993,-0.8,36.305,1379.59,0.0,6,0.8386342684281509,0.2567837659036362,0.9968701095461658,20.992115637319316,4,9.0,0,Standard,Monthly,19.99,paypal,North America,1
1994,394,12.0,11,0.08333333333333333,44.603045685279184,-0.01094562175129937,453,1,92.0,2.0,0.0,2.969756097560976,2.0,41.67728260869565,3834.31,0.0,6,1.5235078190804816,0.25551759896046283,0.9798515376458112,30.97897503285151,1,13.0,0,Basic,Annual,9.99,paypal,North America,0
1995,112,17.0,12,0.38461538461538464,26.3125,0.08565928777670843,117,2,16.0,0.0,4.0,1.94816,-0.8,33.175,530.8,0.0,6,1.445563963446029,0.2441467646539987,1.0,8.21287779237845,2,0.0,0,Basic,Annual,9.99,credit_card,Europe,0
1996,334,20.0,22,-0.08695652173913043,13.438622754491018,0.04715240216353791,343,1,14.0,2.0,1.0,0.8823188405797101,0.5,35.527142857142856,497.38,2.915841584158416,6,0.7238907146815374,0.25419258775841935,1.0,15.867279894875164,1,5.0,0,Standard,Monthly,19.99,paypal,South America,0
1997,474,20.0,18,0.10526315789473684,17.297257383966244,-0.09186900056465284,484,2,19.0,0.0,1.0,0.639778761061947,-0.5,52.92263157894737,1005.53,0.0,6,1.3772398489887552,0.2618073138302593,0.9911504424778761,29.69776609724047,2,4.0,0,Premium,Monthly,39.99,credit_card,North America,0
1998,52,18.0,19,-0.05,16.28076923076923,-0.03423831070889878,55,1,5.0,0.0,2.0,1.6725274725274726,-0.6666666666666666,22.546,112.72999999999999,0.0,6,1.1039602176366632,0.2480231450094306,1.0,2.9894875164257555,1,1.0,0,Basic,Monthly,9.99,credit_card,North America,1
1999,59,17.0,14,0.2,42.166101694915255,0.013351002808655569,61,1,6.0,1.0,3.0,1.7732038834951458,-0.5,11.731666666666667,70.39,-0.701081081081081,6,0.9442062400391208,0.24608256887925062,1.0,3.383705650459921,1,1.0,0,Basic,Annual,9.99,credit_card,North America,0
2000,87,11.0,14,-0.2,12.317241379310344,-0.01668189029373585,92,3,13.0,2.0,0.0,2.1742857142857144,2.0,45.433846153846154,590.64,0.0,6,1.272897725769286,0.27061891799080984,1.0,5.978975032851511,3,0.0,0,Basic,Annual,9.99,credit_card,South America,0
2001,359,20.0,13,0.5,25.844289693593314,0.17648408812729496,386,1,49.0,2.0,3.0,2.1461294964028776,-0.25,27.73142857142857,1358.84,-0.273407022106632,6,1.222190656158032,0.25388777147882374,0.9971223021582734,22.831800262812088,1,2.0,0,Standard,Monthly,19.99,credit_card,North America,0
2002,83,20.0,12,0.6153846153846154,18.43975903614458,0.1575196668209162,86,3,11.0,3.0,3.0,2.4089208633093526,0.0,36.72545454545454,403.97999999999996,1.0380171449869549,6,0.9411239481143203,0.23761008038712741,1.0,4.566360052562418,3,1.0,0,Premium,Monthly,39.99,credit_card,North America,0
2003,104,18.0,15,0.1875,21.678846153846152,-0.08145539906103283,117,2,20.0,3.0,2.0,2.885308056872038,0.3333333333333333,39.7975,795.95,0.7845168581653796,6,1.0674409983027497,0.22449635557214204,1.0,6.931668856767411,2,2.0,0,Premium,Monthly,39.99,credit_card,Asia,0
2004,34,16.0,18,-0.10526315789473684,33.28529411764706,-0.04669175911251977,34,2,1.0,1.0,0.0,0.5073333333333334,1.0,26.62,26.62,0.0,6,1.275497526220235,0.2972231675361321,1.0,1.9710906701708277,2,1.0,0,Basic,Monthly,9.99,credit_card,South America,0
2005,130,14.0,18,-0.21052631578947367,32.47538461538462,0.07326561486924593,133,1,8.0,1.0,3.0,1.148679245283019,-0.5,42.738749999999996,341.90999999999997,-0.9621326467193465,6,0.8548009766561706,0.25455332874383063,1.0,6.964520367936925,1,1.0,0,Standard,Monthly,19.99,credit_card,North America,1
2006,381,11.0,9,0.2,12.972965879265091,-0.134867663981588,414,1,53.0,1.0,0.0,1.663216494845361,1.0,29.607169811320755,1569.18,0.0,6,1.6946351351776288,0.2515736321997772,0.9958762886597937,31.865965834428383,1,2.0,0,Standard,Monthly,19.99,paypal,Europe,0
2007,139,8.0,15,-0.4375,26.45971223021583,-0.38148961661341857,147,2,10.0,0.0,3.0,1.2736401673640168,-0.75,26.804000000000002,268.04,0.0,6,1.3085417572502769,0.30801761750924234,0.9958158995815899,7.851511169513797,2,5.0,0,Standard,Monthly,19.99,paypal,Europe,1
2008,384,13.0,14,-0.06666666666666667,24.289322916666666,0.1395852677189723,416,3,65.0,0.0,3.0,2.4099878197320344,-0.75,33.64738461538462,2187.08,0.0,6,1.398457580329537,0.24761536824940486,0.9805115712545676,26.971090670170828,3,6.0,0,Standard,Monthly,19.99,paypal,Asia,0
2009,134,13.0,12,0.07692307692307693,30.25671641791045,-0.09663616740845447,153,1,27.0,5.0,3.0,2.029333333333333,0.5,33.40814814814815,902.02,3.181156270376006,6,2.1099112161035745,0.24205922853229075,0.9506172839506173,13.304862023653088,1,2.0,0,Standard,Monthly,19.99,credit_card,North America,0
2010,238,24.0,21,0.13636363636363635,13.655462184873949,0.06633333333333334,254,1,29.0,3.0,2.0,2.2988541666666666,0.3333333333333333,44.29931034482759,1284.68,-0.5796896298626403,6,0.8846162763927646,0.270251355629041,1.0,12.614980289093298,1,4.0,0,Basic,Annual,9.99,apple_pay,North America,0
2011,308,3.0,12,-0.6923076923076923,14.392532467532467,-0.437105112004595,332,24,25.0,1.0,1.0,0.9500624219725343,0.0,25.695999999999998,642.4,12.065533980582524,6,1.8412258434061821,0.27639037995447036,0.9612983770287141,26.31406044678055,24,14.0,0,Standard,Monthly,19.99,credit_card,North America,1
2012,423,23.0,19,0.2,28.423877068557918,-0.02252573083395298,447,1,49.0,1.0,4.0,2.1037517630465445,-0.6,31.17408163265306,1527.53,-0.6045949214026602,6,1.0429966400870774,0.25338427389213797,1.0,23.291721419185283,1,8.0,0,Standard,Monthly,19.99,bank_transfer,North America,0
2013,160,18.0,23,-0.20833333333333334,16.35125,-0.16298138934954864,163,1,9.0,3.0,1.0,1.1859740259740261,1.0,17.834444444444443,160.51,2.501474926253687,6,0.854134228485147,0.2313399836380874,1.0,7.588699080157687,1,0.0,0,Basic,Monthly,9.99,paypal,Europe,0
2014,206,20.0,20,0.0,30.60728155339806,-0.030630058720838068,213,2,16.0,2.0,1.0,1.6852595155709345,0.5,22.515625,360.25,-0.10875331564986729,6,0.6547926886281844,0.25443232635622165,1.0,9.494086727989487,2,2.0,0,Basic,Monthly,9.99,bank_transfer,North America,0
2015,284,10.0,21,-0.5,15.38169014084507,-0.34807514628888203,289,2,11.0,0.0,2.0,0.8127184466019418,-0.6666666666666666,34.61818181818182,380.8,0.0,6,0.779348974367862,0.28076047476348037,1.0,13.534822601839684,2,3.0,0,Premium,Monthly,39.99,paypal,North America,1
2016,312,8.0,6,0.2857142857142857,44.19198717948718,0.010216591744993987,367,1,65.0,2.0,1.0,1.8102470265324793,0.5,34.774,2260.31,0.7490871152842983,6,2.666754620901482,0.24620373329122983,0.9222323879231473,35.90670170827858,1,15.0,0,Premium,Monthly,39.99,apple_pay,Oceania,0
2017,191,15.0,16,-0.058823529411764705,15.09476439790576,0.07645978699963273,197,1,17.0,2.0,2.0,1.4999420289855074,0.0,48.24470588235294,820.16,1.3004466098254162,6,1.1640885021407639,0.2617930893477119,1.0,11.333771353482259,1,2.0,0,Standard,Monthly,19.99,paypal,North America,0
2018,31,15.0,13,0.14285714285714285,26.870967741935484,0.023310810810810757,33,1,5.0,2.0,2.0,2.1436619718309857,0.0,22.824,114.12,0.4181600955794504,6,1.6086334613277278,0.2410865861344684,1.0,2.3324572930354797,1,0.0,0,Basic,Monthly,9.99,paypal,Europe,0
2019,226,11.0,20,-0.42857142857142855,14.985840707964602,-0.3758639021796916,229,1,13.0,1.0,0.0,1.0580748663101605,1.0,39.76538461538462,516.95,0.0,6,1.0800250603212955,0.27915779026606974,1.0,12.28646517739816,1,3.0,0,Premium,Monthly,39.99,credit_card,South America,1
2020,221,11.0,14,-0.2,29.971945701357466,-0.138236678880678,233,5,24.0,0.0,3.0,1.2861971830985914,-0.75,51.36625,1232.79,0.0,6,1.7786057946946345,0.26221469206831466,0.9612676056338029,18.659658344283837,5,4.0,0,Standard,Monthly,19.99,credit_card,Asia,0
2021,15,9.0,4,1.0,15.833333333333334,-0.09546165884194055,16,6,1.0,0.0,1.0,0.41698630136986303,-0.5,3.01,3.01,0.0,6,5.740416444159861,0.261178722883204,0.6712328767123288,2.3981603153745072,6,0.0,0,Basic,Annual,9.99,credit_card,North America,1
2022,427,10.0,11,-0.08333333333333333,30.940749414519907,-0.1954845088991429,447,2,43.0,1.0,1.0,1.7784239130434782,0.0,36.68116279069768,1577.29,-0.15526601520086866,6,1.0726706205966616,0.2735993422688399,1.0,24.178712220762154,2,12.0,0,Standard,Monthly,19.99,apple_pay,North America,1
2023,266,11.0,12,-0.07692307692307693,22.660526315789472,-0.20015441034549303,278,3,19.0,0.0,0.0,0.9836054421768707,0.0,48.396842105263154,919.54,0.0,6,1.6101249905580264,0.29411287514890444,1.0,19.316688567674113,3,0.0,0,Standard,Monthly,19.99,credit_card,Europe,0
2024,211,15.0,17,-0.1111111111111111,36.716587677725116,-0.016043715846994596,216,1,8.0,0.0,0.0,0.6599457994579947,0.0,21.2975,170.38,0.0,6,1.1945140121727804,0.2698216879397716,1.0,12.12220762155059,1,7.0,0,Premium,Annual,39.99,credit_card,North America,0
2025,89,18.0,19,-0.05,28.719101123595507,-0.16605083417310487,90,2,4.0,0.0,2.0,0.7657861635220126,-0.6666666666666666,16.2725,65.09,0.0,6,1.1728761258279932,0.2561660763910249,1.0,5.223390275952694,2,1.0,0,Basic,Annual,9.99,bank_transfer,Asia,0
2026,111,17.0,19,-0.1,15.424324324324324,-0.0835085666221727,119,2,18.0,1.0,2.0,2.7672727272727276,-0.3333333333333333,64.30333333333334,1157.46,-0.5447615324472245,6,0.8792026203177052,0.22485255961298148,1.0,6.504599211563732,2,3.0,0,Standard,Annual,19.99,paypal,Asia,0
2027,97,11.0,10,0.09090909090909091,36.06494845360825,-0.06341784346436692,102,5,7.0,0.0,0.0,0.8195384615384615,0.0,37.19571428571429,260.37,0.0,6,2.052286819165102,0.2536385549622881,0.9961538461538461,8.541392904073588,5,0.0,0,Basic,Monthly,9.99,credit_card,North America,1
2028,144,11.0,10,0.09090909090909091,33.40555555555555,0.08047028437676558,160,2,22.0,1.0,3.0,1.805067385444744,-0.5,20.123181818181816,442.71,-0.7801836371111416,6,1.792229066017405,0.24931879049368436,0.9433962264150944,12.187910643889618,2,3.0,0,Basic,Monthly,9.99,credit_card,North America,0
2029,210,13.0,13,0.0,12.962857142857143,-0.0896935933147633,228,1,39.0,0.0,3.0,2.6919727891156464,-0.75,29.012564102564102,1131.49,0.0,6,1.3683149055937895,0.25518572884229473,1.0,14.487516425755585,1,1.0,0,Basic,Monthly,9.99,credit_card,Europe,0
2030,494,12.0,15,-0.1875,22.616396761133604,0.0437230104873535,528,1,54.0,1.0,2.0,1.5974344023323614,-0.3333333333333333,25.61685185185185,1383.31,-0.7663995250816266,6,1.2895582905398135,0.2522436498588954,1.0,33.8042049934297,1,7.0,0,Standard,Annual,19.99,bank_transfer,North America,0
2031,334,11.0,5,1.0,41.536826347305386,-0.06165616561656169,375,2,60.0,2.0,0.0,1.7246458923512749,2.0,23.5915,1415.49,0.0,6,2.186356258607649,0.2518495893850931,0.9584513692162417,34.78975032851511,2,6.0,0,Basic,Monthly,9.99,credit_card,North America,0
2032,231,3.0,4,-0.2,41.69437229437229,0.2236224363726216,263,9,31.0,0.0,0.0,1.3755685131195337,0.0,24.29548387096774,753.16,0.0,6,2.2247448464429445,0.267885504737628,0.9591836734693877,22.536136662286463,9,15.0,0,Standard,Annual,19.99,bank_transfer,North America,1
2033,356,10.0,15,-0.3125,38.02303370786517,0.002472527472527371,406,2,65.0,1.0,1.0,1.9628968253968253,0.0,26.726769230769232,1737.24,-0.9320301291248206,6,1.9069382898678535,0.26822057182366216,0.9930555555555556,33.11432325886991,2,6.0,0,Basic,Monthly,9.99,credit_card,North America,0
2034,142,8.0,15,-0.4375,27.900704225352115,-0.027085519412381923,151,4,14.0,1.0,1.0,1.5329496402877698,0.0,50.765,710.71,-0.3577512776831346,6,1.41604737088826,0.26999101500638695,1.0,9.132720105124836,4,9.0,0,Standard,Monthly,19.99,credit_card,North America,1
2035,474,19.0,16,0.17647058823529413,36.27552742616034,0.026250766344028124,485,2,40.0,5.0,3.0,1.6864265927977842,0.5,31.841,1273.64,-0.5190679674272353,6,0.9268544946841287,0.252780532205079,0.9986149584487535,23.71879106438896,2,1.0,0,Premium,Monthly,39.99,paypal,North America,0
2036,161,12.0,12,0.0,33.661490683229815,0.3568268947213208,169,1,15.0,1.0,0.0,1.5069306930693072,1.0,19.350666666666665,290.26,0.0,6,1.403842135082794,0.27726899280922485,0.9933993399339934,9.95400788436268,1,4.0,0,Basic,Monthly,9.99,paypal,North America,0
2037,41,10.0,16,-0.35294117647058826,16.678048780487803,-0.04353225250086239,41,1,1.0,0.0,1.0,0.23781249999999998,-0.5,93.84,93.84,0.0,6,2.6398086566245182,0.2492000653236984,0.9296875,4.204993429697766,1,0.0,0,Standard,Monthly,19.99,credit_card,Oceania,1
2038,352,20.0,18,0.10526315789473684,20.01846590909091,0.007557531380753233,370,2,35.0,3.0,1.0,1.5901492537313435,1.0,35.90657142857143,1256.73,3.5094212651413184,6,1.1918209341818093,0.2468048007031535,1.0,22.010512483574242,2,4.0,0,Premium,Monthly,39.99,credit_card,Europe,0
2039,144,3.0,12,-0.6923076923076923,30.764583333333334,-0.31625899280575537,160,2,19.0,2.0,2.0,1.4106341463414636,0.0,47.567368421052635,903.7800000000001,4.107085346215781,6,1.9406651015931826,0.2844898032738954,0.9902439024390244,13.469119579500656,2,8.0,0,Basic,Monthly,9.99,credit_card,Asia,1
2040,182,6.0,12,-0.46153846153846156,40.988461538461536,-0.2826086956521739,200,2,21.0,1.0,0.0,1.354322033898305,1.0,35.62047619047619,748.03,0.0,6,2.112574595788376,0.24909623233508554,0.9491525423728814,15.505913272010512,2,5.0,0,Basic,Monthly,9.99,apple_pay,North America,0
2041,275,16.0,21,-0.22727272727272727,17.546181818181818,-0.07335526315789477,282,2,32.0,0.0,3.0,2.4785750636132318,-0.75,32.4828125,1039.45,0.0,6,0.7094754143010963,0.23565952691186096,1.0,12.910643889618921,2,6.0,0,Basic,Monthly,9.99,credit_card,Europe,0
2042,116,16.0,11,0.4166666666666667,30.88189655172414,0.0651684060721062,123,1,17.0,3.0,4.0,1.9095202952029522,-0.2,56.83117647058823,966.13,-0.7944979256454666,6,1.472780628644706,0.24449144826009303,1.0,8.902759526938238,1,0.0,0,Standard,Monthly,19.99,credit_card,North America,0
2043,73,9.0,14,-0.3333333333333333,17.626027397260273,-0.13521257321029795,81,5,16.0,4.0,1.0,3.2687248322147653,1.5,39.903125,638.45,4.316478286734086,6,1.2218993308303034,0.25711374951895816,0.9865771812080537,4.894875164257556,5,0.0,0,Basic,Monthly,9.99,credit_card,North America,1
2044,101,14.0,5,1.5,37.35643564356435,-0.12925505673408985,111,2,9.0,2.0,0.0,0.850807453416149,2.0,44.58888888888889,401.3,0.0,6,2.1130674887100036,0.27764380751962864,0.9782608695652174,10.578186596583443,2,2.0,0,Standard,Annual,19.99,credit_card,North America,0
2045,229,11.0,14,-0.2,38.10218340611353,0.041260363766164376,238,1,10.0,0.0,0.0,0.5831417624521074,0.0,53.715999999999994,537.16,0.0,6,1.513296570184695,0.2484955290237613,0.9923371647509579,17.1484888304862,1,7.0,0,Standard,Annual,19.99,apple_pay,North America,0
2046,527,18.0,14,0.26666666666666666,12.45787476280835,0.06701000414372821,559,1,52.0,2.0,2.0,1.5190786948176584,0.0,31.343846153846155,1629.88,-0.30799428979300497,6,1.2900108936109904,0.25239800559487147,1.0,34.23127463863337,1,14.0,0,Basic,Monthly,9.99,bank_transfer,North America,0
2047,129,18.0,17,0.05555555555555555,23.323255813953487,0.009727574395204528,130,1,4.0,0.0,0.0,0.5689719626168225,0.0,30.515,122.06,0.0,6,1.0872209612607049,0.2404094671739097,1.0,7.030223390275952,1,1.0,0,Basic,Annual,9.99,bank_transfer,Europe,0
2048,382,11.0,11,0.0,27.980890052356024,-0.12724637681159412,401,1,26.0,0.0,0.0,0.7820553359683795,0.0,54.2726923076923,1411.09,0.0,6,1.8863379009847971,0.23238913067005917,0.9822134387351777,33.24572930354796,1,9.0,0,Basic,Monthly,9.99,credit_card,Asia,0
2049,331,8.0,13,-0.35714285714285715,42.86827794561933,0.045345318618725476,376,1,64.0,2.0,2.0,2.1198694232861808,0.0,33.16234375,2122.39,-0.26440607447472425,6,1.9310503454649082,0.2514219762482612,0.9825897714907509,30.190538764783177,1,8.0,0,Basic,Monthly,9.99,paypal,North America,0
2050,138,14.0,10,0.36363636363636365,42.88333333333333,-0.10817836432713464,153,1,25.0,2.0,0.0,1.9072681704260652,2.0,28.3184,707.96,0.0,6,2.0140561308692684,0.28914243036162296,1.0,13.107752956636006,1,1.0,0,Premium,Monthly,39.99,credit_card,Asia,0
2051,277,16.0,15,0.0625,42.168592057761735,-0.04935614142029879,296,1,42.0,1.0,3.0,2.1742857142857144,-0.5,25.877857142857142,1086.87,-0.014936247723132845,6,1.535265151959481,0.24054519895964305,1.0,19.316688567674113,1,5.0,0,Basic,Monthly,9.99,credit_card,Europe,0
2052,306,15.0,18,-0.15789473684210525,19.62450980392157,-0.3742367833209233,315,4,16.0,1.0,0.0,0.8887591240875912,1.0,41.933125,670.93,0.0,6,1.185008408350188,0.2924568625897359,1.0,18.00262812089356,4,6.0,0,Standard,Monthly,19.99,credit_card,North America,1
2053,749,20.0,20,0.0,16.226435246995994,-0.02534965034965038,774,1,69.0,3.0,4.0,1.9429787234042555,-0.2,40.14217391304348,2769.81,0.5783769769250713,6,0.7642148201488581,0.24431694491013764,1.0,35.51248357424441,1,1.0,0,Standard,Annual,19.99,credit_card,North America,0
2054,616,18.0,21,-0.13636363636363635,27.808603896103893,-0.026144958608778617,640,2,57.0,0.0,0.0,1.731616766467066,0.0,38.39473684210526,2188.5,0.0,6,0.9882180323391941,0.2521295600562434,1.0,32.91721419185282,2,3.0,0,Standard,Annual,19.99,credit_card,South America,0
2055,69,9.0,10,-0.09090909090909091,34.38550724637681,-0.029117541979278294,74,1,7.0,4.0,0.0,1.0244230769230769,4.0,80.7942857142857,565.56,0.0,6,2.0114777199761438,0.26181717905778773,1.0,6.83311432325887,1,0.0,0,Basic,Monthly,9.99,credit_card,Asia,0
2056,281,7.0,9,-0.2,12.37864768683274,-0.1741037166977305,334,1,77.0,2.0,4.0,2.1722706209453198,-0.4,45.66688311688311,3516.35,0.12335096765552815,6,2.6028223763593803,0.24430072088584537,0.9536607970342911,35.446780551905384,1,2.0,0,Basic,Monthly,9.99,bank_transfer,North America,0
2057,132,10.0,10,0.0,31.199999999999996,-0.10394644115574357,141,3,18.0,0.0,2.0,2.1319844357976656,-0.6666666666666666,33.291666666666664,599.25,0.0,6,1.103204712283501,0.30235355410585685,1.0,8.442838370565045,3,1.0,0,Basic,Monthly,9.99,apple_pay,Asia,1
2058,168,13.0,19,-0.3,24.1,-0.3415571356747828,171,2,15.0,2.0,2.0,1.871311475409836,0.0,37.01866666666667,555.28,0.266072980017376,6,0.7673279633063306,0.3307887724557941,1.0,8.015768725361367,2,4.0,0,Standard,Monthly,19.99,paypal,Asia,1
2059,173,22.0,23,-0.041666666666666664,33.46936416184971,0.03704125689613826,179,6,24.0,1.0,2.0,2.910597609561753,-0.3333333333333333,29.187083333333334,700.49,-0.5565015479876162,6,0.6618246046157583,0.2571041352609024,1.0,8.245729303547963,6,2.0,0,Premium,Monthly,39.99,credit_card,South America,0
2060,299,6.0,7,-0.125,43.220401337792644,0.04743777452415818,332,2,52.0,2.0,1.0,2.069124183006536,0.5,43.68192307692308,2271.46,1.2329485834207767,6,1.745461411686577,0.24138852542436995,0.9790849673202614,25.131406044678055,2,6.0,0,Basic,Annual,9.99,bank_transfer,North America,0
2061,156,7.0,9,-0.2,43.09487179487179,-0.019977913864069916,175,1,24.0,0.0,1.0,1.44094674556213,-0.5,33.16916666666667,796.0600000000001,0.0,6,2.3075878740707507,0.2736344944906199,0.9526627218934911,16.655716162943495,1,6.0,0,Standard,Monthly,19.99,paypal,Oceania,0
2062,137,8.0,12,-0.3076923076923077,24.83065693430657,-0.10760190965846492,143,1,10.0,1.0,0.0,0.8182795698924732,1.0,41.165,411.65,0.0,6,2.123320668263204,0.27131774947198695,1.0,12.220762155059132,1,2.0,0,Standard,Monthly,19.99,paypal,Europe,1
2063,440,14.0,15,-0.0625,19.420454545454547,-0.3028551838973504,459,1,31.0,1.0,1.0,1.0674660633484163,0.0,40.96322580645162,1269.8600000000001,-0.9554394812680115,6,1.2754850474225803,0.23603677414020663,0.9977375565610859,29.040735873850196,1,3.0,0,Basic,Annual,9.99,credit_card,Europe,0
2064,447,19.0,20,-0.047619047619047616,21.32460850111857,0.0387622850857266,465,1,50.0,1.0,4.0,2.234948604992658,-0.6,58.14940000000001,2907.4700000000003,-0.7412971784536461,6,0.8859940615060055,0.24865427545490726,1.0,22.371879106438897,1,5.0,0,Basic,Monthly,9.99,credit_card,Europe,0
2065,22,10.0,9,0.1,26.613636363636363,-0.016917591125198084,25,3,5.0,3.0,2.0,2.1436619718309857,0.3333333333333333,42.568,212.84,0.9182287421896222,6,2.734309652428254,0.21165546389820983,0.9859154929577465,2.3324572930354797,3,0.0,0,Basic,Annual,9.99,credit_card,Europe,0
2066,589,17.0,15,0.125,29.21477079796265,0.02269718176659735,621,1,74.0,3.0,1.0,2.105196261682243,1.0,34.39621621621622,2545.32,1.9723502304147462,6,1.1455356000288024,0.24571375101482956,1.0,35.15111695137976,1,8.0,0,Basic,Monthly,9.99,apple_pay,North America,0
2067,232,6.0,11,-0.4166666666666667,37.449137931034485,-0.07737428080400514,274,9,51.0,0.0,2.0,1.9576796973518285,-0.6666666666666666,40.34333333333333,2057.5099999999998,0.0,6,2.2986990784213357,0.24384946717059341,0.9621689785624211,26.05124835742444,9,5.0,0,Standard,Annual,19.99,credit_card,Europe,0
2068,181,9.0,19,-0.5,22.67292817679558,-0.07157445511354972,185,8,6.0,0.0,1.0,0.5387610619469027,-0.5,38.93333333333333,233.6,0.0,6,1.1441459042974986,0.30882569464389814,1.0,11.136662286465176,8,4.0,0,Premium,Monthly,39.99,credit_card,Asia,1
2069,96,5.0,12,-0.5384615384615384,18.243750000000002,0.03809523809523801,100,3,9.0,0.0,2.0,1.3171153846153847,-0.6666666666666666,32.36555555555556,291.29,0.0,6,1.6892105499326335,0.3022654817610551,1.0,6.83311432325887,3,1.0,0,Basic,Monthly,9.99,credit_card,Asia,1
2070,278,8.0,7,0.125,28.14568345323741,-0.17687586845761935,336,9,66.0,0.0,2.0,1.991119920713578,-0.6666666666666666,42.15893939393939,2782.49,0.0,6,2.4518164812148004,0.24367951493258405,0.9504459861248762,33.14717477003942,9,13.0,0,Basic,Monthly,9.99,credit_card,Asia,0
2071,334,13.0,15,-0.125,14.065868263473053,-0.0411481263216278,342,1,7.0,0.0,0.0,0.30224113475177306,0.0,30.177142857142858,211.24,0.0,6,1.5096035508703651,0.2573713625849963,1.0,23.160315374507228,1,5.0,0,Standard,Annual,19.99,credit_card,North America,0
2072,257,19.0,17,0.1111111111111111,24.83501945525292,-0.17698166560248113,276,3,32.0,3.0,1.0,2.059365750528541,1.0,32.926249999999996,1053.6399999999999,0.9299698795180723,6,1.0886395325594973,0.25085472396029496,0.9915433403805497,15.538764783180026,3,5.0,0,Basic,Annual,9.99,credit_card,Europe,0
2073,107,15.0,18,-0.15789473684210525,26.070093457943926,0.0320819112627986,109,7,11.0,2.0,4.0,1.809945945945946,-0.4,63.24545454545454,695.6999999999999,-0.8649766013034366,6,0.8008735279390548,0.2240588906080483,1.0,6.077529566360052,7,1.0,0,Premium,Monthly,39.99,bank_transfer,North America,0
2074,354,19.0,15,0.25,28.880225988700566,-0.05899340373610673,365,1,21.0,0.0,1.0,0.9744512195121952,-0.5,32.864761904761906,690.16,0.0,6,1.307279776301105,0.24298778277896285,1.0,21.55059132720105,1,3.0,0,Standard,Annual,19.99,bank_transfer,South America,0
2075,28,4.0,10,-0.5454545454545454,21.77857142857143,0.11579934364744485,29,10,2.0,0.0,2.0,0.669010989010989,-0.6666666666666666,11.36,22.72,0.0,6,2.096545407450706,0.29496052842931453,0.8461538461538461,2.9894875164257555,10,1.0,0,Premium,Monthly,39.99,credit_card,Europe,1
2076,120,14.0,17,-0.16666666666666666,22.313333333333333,-0.01811491146981453,128,2,15.0,1.0,1.0,1.8790123456790124,0.0,26.53066666666667,397.96000000000004,9.489096573208723,6,1.5544526237972154,0.23842151456338118,1.0,7.982917214191852,2,2.0,0,Basic,Annual,9.99,credit_card,North America,0
2077,24,7.0,12,-0.38461538461538464,22.8875,-0.23680574744404528,27,9,3.0,0.0,2.0,1.3429411764705883,-0.6666666666666666,25.653333333333336,76.96000000000001,0.0,6,1.1668498024760776,0.3187608827677787,0.9264705882352942,2.2339027595269383,9,1.0,0,Basic,Monthly,9.99,credit_card,Europe,1
2078,84,14.0,16,-0.11764705882352941,36.99642857142857,-0.07451462624447233,86,1,5.0,1.0,0.0,0.9572327044025157,1.0,9.267999999999999,46.339999999999996,0.0,6,1.1286937493545064,0.25255430740543955,1.0,5.223390275952694,1,0.0,0,Basic,Monthly,9.99,credit_card,North America,0
2079,45,16.0,15,0.0625,22.362222222222222,-0.049848889513634996,52,1,12.0,5.0,3.0,4.150909090909091,0.5,21.75916666666667,261.11,-0.02238288600574433,6,1.0255558033975298,0.24219899121120267,1.0,2.890932982917214,1,2.0,0,Basic,Monthly,9.99,credit_card,Asia,1
2080,376,13.0,23,-0.4166666666666667,18.346808510638297,0.0917174223625836,381,2,24.0,1.0,2.0,1.350388170055453,-0.3333333333333333,33.557916666666664,805.39,3.326465201465201,6,0.782906537751859,0.24141686691549907,1.0,17.772667542706962,2,2.0,0,Basic,Monthly,9.99,paypal,Oceania,0
2081,77,12.0,13,-0.07142857142857142,35.10779220779221,-0.08259244291776109,85,1,14.0,0.0,1.0,2.0488461538461538,-0.5,24.960714285714285,349.45,0.0,6,1.8236588215503045,0.2057264880358682,1.0,6.83311432325887,1,0.0,0,Basic,Monthly,9.99,credit_card,Europe,0
2082,104,19.0,18,0.05263157894736842,39.53173076923077,0.03480985368938462,105,2,0.0,0.0,0.0,0.0,0.0,0.0,0.0,0.0,6,0.7728954899511677,0.23999529112229478,1.0,4.9605781865965834,2,3.0,0,Standard,Annual,19.99,bank_transfer,Oceania,0
2083,280,18.0,11,0.5833333333333334,12.16,0.008791875094740125,286,1,20.0,2.0,0.0,1.3036402569593148,2.0,25.2085,504.17,0.0,6,1.0582491566212078,0.26413118360499,1.0,15.341655716162943,1,1.0,0,Basic,Annual,9.99,paypal,Europe,0
2084,172,8.0,6,0.2857142857142857,41.00639534883721,0.19602609727164894,192,5,26.0,1.0,2.0,1.554891944990177,-0.3333333333333333,32.96307692307692,857.04,-0.5576684580405126,6,2.147957818172184,0.2539502129700663,0.9901768172888017,16.72141918528252,5,3.0,0,Premium,Monthly,39.99,credit_card,South America,0
2085,242,8.0,13,-0.35714285714285715,33.140082644628094,0.012221633085896114,269,2,33.0,2.0,2.0,1.1666898954703833,0.0,44.67545454545454,1474.29,-0.876187016760936,6,2.7134775618210574,0.23576470273669353,0.926829268292683,28.28515111695138,2,3.0,0,Standard,Monthly,19.99,paypal,Europe,0
2086,345,8.0,7,0.125,34.02028985507246,-0.40251479289940834,383,2,54.0,1.0,2.0,1.701614906832298,-0.3333333333333333,40.6187037037037,2193.41,-0.7290905929403583,6,1.8805067591516873,0.24215594171089716,0.9855072463768116,31.734559789750328,2,13.0,0,Basic,Monthly,9.99,paypal,Europe,0
2087,416,14.0,19,-0.25,32.578125,0.04514200298953657,432,2,31.0,1.0,2.0,1.0896535796766744,-0.3333333333333333,43.33032258064516,1343.24,-0.08153874470826443,6,1.4666824451520435,0.23725146174284478,0.9942263279445728,28.44940867279895,2,11.0,0,Basic,Annual,9.99,apple_pay,Europe,0
2088,76,5.0,10,-0.45454545454545453,19.54078947368421,-0.07280832095096594,86,2,13.0,2.0,3.0,1.527876447876448,-0.25,35.56923076923077,462.4,-0.850952018278751,6,2.304118830580179,0.26838634040364734,1.0,8.508541392904073,2,0.0,0,Standard,Monthly,19.99,credit_card,Europe,0
2089,290,8.0,5,0.5,23.029655172413793,-0.09498388396454464,328,2,35.0,3.0,1.0,1.0643356643356643,1.0,31.880571428571425,1115.82,0.2980200565698124,6,2.658541165504921,0.2780826197125724,0.9230769230769231,32.88436268068331,2,17.0,0,Basic,Monthly,9.99,credit_card,South America,0
2090,144,10.0,21,-0.5,17.235416666666666,-0.3164302295589373,150,1,11.0,0.0,0.0,1.4685964912280702,0.0,46.220909090909096,508.43000000000006,0.0,6,0.9698427487863591,0.27172050425721644,1.0,7.490144546649145,1,6.0,0,Premium,Monthly,39.99,credit_card,Asia,1
2091,457,21.0,23,-0.08333333333333333,23.015317286652078,-0.03249289463130569,462,2,17.0,0.0,1.0,0.7666370370370371,-0.5,28.951176470588234,492.16999999999996,0.0,6,0.7781075037367903,0.25152701642985587,1.0,22.174770039421812,2,2.0,0,Premium,Annual,39.99,credit_card,Asia,0
2092,382,18.0,15,0.1875,41.12382198952879,0.07763760748132796,398,1,41.0,1.0,0.0,1.8272913616398243,1.0,29.900731707317075,1225.93,0.0,6,1.0478890179981688,0.26204709356007394,1.0,22.437582128777922,1,6.0,0,Basic,Monthly,9.99,paypal,Europe,0
2093,149,3.0,7,-0.5,27.79194630872483,-0.5169225689285125,165,5,16.0,1.0,0.0,1.0541991341991344,1.0,38.488125000000004,615.8100000000001,0.0,6,2.294779025005386,0.2603278379047065,0.9242424242424242,15.177398160315374,5,9.0,0,Basic,Monthly,9.99,credit_card,North America,1
2094,100,0.0,7,-0.875,26.837,0.0,117,15,21.0,1.0,2.0,2.227317073170732,-0.3333333333333333,37.48238095238095,787.13,-0.37323882790215224,6,2.1309456903526156,0.3225238151688714,0.926829268292683,9.42838370565046,15,7.0,0,Standard,Monthly,19.99,paypal,Europe,1
2095,71,24.0,20,0.19047619047619047,29.884507042253524,-0.14888753428832677,73,1,4.0,0.0,3.0,1.255257731958763,-0.75,87.345,349.38,0.0,6,0.6279858256227592,0.29295000462575144,1.0,3.1865965834428382,1,2.0,0,Standard,Annual,19.99,credit_card,Asia,0
2096,620,18.0,21,-0.13636363636363635,34.385,0.03397365026718251,634,1,35.0,0.0,1.0,1.1051867219917013,-0.5,28.271428571428572,989.5,0.0,6,0.9035461828824005,0.24732266496998334,1.0,31.6688567674113,1,7.0,0,Standard,Annual,19.99,paypal,Asia,0
2097,227,20.0,20,0.0,21.651541850220262,0.008545086575219307,231,1,9.0,0.0,3.0,0.8276737160120847,-0.75,30.785555555555554,277.07,0.0,6,0.8772811270121212,0.25541614944910385,0.9939577039274925,10.873850197109066,1,0.0,0,Premium,Monthly,39.99,bank_transfer,North America,0
2098,300,7.0,12,-0.38461538461538464,44.527,-0.06194736430266853,360,5,85.0,4.0,3.0,2.536666666666667,0.25,41.86894117647059,3558.86,1.3223790789169172,6,2.340613298269344,0.2501108694534453,0.9539215686274509,33.50854139290407,5,2.0,0,Standard,Monthly,19.99,credit_card,North America,0
2099,50,13.0,16,-0.17647058823529413,45.83,0.019230769230769162,53,5,6.0,1.0,2.0,1.7732038834951458,-0.3333333333333333,45.72666666666667,274.36,-0.6079647788673204,6,1.1888115920987208,0.2770871310218738,0.9514563106796117,3.383705650459921,5,0.0,0,Standard,Annual,19.99,bank_transfer,North America,0
2100,268,10.0,18,-0.42105263157894735,41.417164179104475,-0.4222359024870722,271,4,12.0,0.0,2.0,0.7706329113924051,-0.6666666666666666,32.48916666666667,389.87,0.0,6,1.156606772509595,0.2432167766145065,1.0,15.571616294349539,4,3.0,0,Basic,Monthly,9.99,paypal,Europe,1
2101,283,14.0,13,0.07142857142857142,20.392579505300354,-0.02332108086628265,297,2,23.0,0.0,0.0,1.0543975903614458,0.0,26.11086956521739,600.55,0.0,6,1.4922574646539362,0.2391825036417111,1.0,21.81340341655716,2,9.0,0,Basic,Annual,9.99,credit_card,Europe,0
2102,154,9.0,12,-0.23076923076923078,20.553246753246754,0.022463206816421423,183,1,27.0,1.0,1.0,1.4572340425531916,0.0,36.574814814814815,987.52,-0.8913684210526315,6,2.351199772014146,0.23751156643565594,0.9680851063829787,18.528252299605782,1,11.0,0,Basic,Monthly,9.99,apple_pay,North America,0
2103,163,19.0,25,-0.23076923076923078,20.684662576687117,0.028008319908644157,168,1,17.0,3.0,2.0,2.0616733067729087,0.3333333333333333,40.550000000000004,689.35,5.486322188449848,6,0.827787379552902,0.22201078098937338,1.0,8.245729303547963,1,1.0,0,Standard,Annual,19.99,credit_card,Europe,0
2104,133,15.0,19,-0.2,39.49248120300752,-0.026307010049229078,136,1,6.0,2.0,1.0,0.8227027027027027,0.5,19.043333333333333,114.26,-0.44847670250896055,6,1.1312438058921093,0.2333277561566098,1.0,7.293035479632063,1,1.0,0,Premium,Monthly,39.99,apple_pay,North America,0
2105,557,19.0,9,1.0,35.57432675044883,0.0791660591923023,563,2,25.0,0.0,2.0,0.722011385199241,-0.6666666666666666,60.5728,1514.32,0.0,6,1.3183140959650133,0.25694910829008233,0.9962049335863377,34.62549277266754,2,3.0,0,Premium,Monthly,39.99,credit_card,North America,0
2106,159,14.0,16,-0.11764705882352941,40.31949685534591,-0.07440830921164657,166,1,13.0,2.0,2.0,1.1604692082111439,0.0,27.204615384615387,353.66,-0.19883608147429685,6,1.4826416168716643,0.25029477150007035,1.0,11.202365308804204,1,3.0,0,Standard,Monthly,19.99,credit_card,North America,0
2107,194,8.0,8,0.0,22.730927835051546,0.08700696055684455,220,1,44.0,0.0,3.0,2.070108191653787,-0.75,24.293409090909094,1068.91,0.0,6,2.4544870591713375,0.2529611400890426,0.9412673879443586,21.254927726675426,1,0.0,0,Premium,Annual,39.99,paypal,North America,0
2108,589,17.0,18,-0.05263157894736842,22.899660441426146,0.039321904276336785,625,2,80.0,2.0,1.0,2.406324110671937,0.5,40.2245,3217.96,-0.7369356784557749,6,1.008172351897529,0.24507368873282687,1.0,33.24572930354796,2,5.0,0,Standard,Monthly,19.99,bank_transfer,North America,0
2109,248,24.0,22,0.08695652173913043,30.201612903225808,0.00951322913474317,252,1,16.0,1.0,2.0,1.2392875318066159,-0.3333333333333333,46.315625,741.05,-0.7721291575625151,6,0.9204190973361189,0.2861111659786471,1.0,12.910643889618921,1,2.0,0,Standard,Monthly,19.99,paypal,Europe,1
2110,232,21.0,23,-0.08333333333333333,43.83017241379311,-0.013308685889805478,240,1,21.0,1.0,1.0,1.8582558139534884,0.0,29.023809523809526,609.5,-0.5043731778425656,6,0.7464506452558601,0.24771786097091883,1.0,11.300919842312746,1,2.0,0,Basic,Monthly,9.99,credit_card,North America,1
2111,248,18.0,20,-0.09523809523809523,26.010483870967743,0.037121116576281185,253,3,29.0,2.0,2.0,2.405340599455041,0.0,35.212758620689655,1021.1700000000001,1.6187002652519893,6,0.7147345709152757,0.26507909255498946,1.0,12.056504599211562,3,2.0,0,Basic,Annual,9.99,paypal,North America,0
2112,195,11.0,8,0.3333333333333333,12.65025641025641,0.07988980716253459,221,3,37.0,3.0,2.0,1.754330218068536,0.3333333333333333,45.873783783783786,1697.3300000000002,2.1368118323746916,6,2.385075360420682,0.24984379500832596,0.9595015576323989,21.090670170827856,3,6.0,0,Standard,Monthly,19.99,credit_card,Oceania,0
2113,459,17.0,17,0.0,39.51002178649237,0.061113626075147136,466,1,25.0,1.0,0.0,1.1290801186943622,1.0,36.3468,908.6700000000001,0.0,6,0.7752246794773403,0.254043438496647,1.0,22.141918528252297,1,1.0,0,Basic,Monthly,9.99,paypal,Europe,0
2114,387,11.0,11,0.0,21.283462532299744,0.0012605042016806752,422,3,59.0,1.0,4.0,1.9146695095948827,-0.6,34.528474576271186,2037.18,-0.8841974190627122,6,1.564186766275651,0.2331666810498509,0.9850746268656716,30.814717477003942,3,10.0,0,Standard,Annual,19.99,credit_card,Asia,0
2115,152,8.0,14,-0.4,26.04407894736842,-0.2855525965379494,159,4,17.0,2.0,2.0,2.1472199170124484,0.0,49.52411764705882,841.91,-0.11090400745573152,6,0.9952114649021135,0.24851416238339138,0.987551867219917,7.917214191852825,4,2.0,0,Premium,Annual,39.99,credit_card,Asia,1
2116,160,15.0,18,-0.15789473684210525,26.04,-0.12528193561615752,170,1,15.0,3.0,2.0,1.6191489361702127,0.3333333333333333,40.66,609.9,-0.43834312013966037,6,0.9378773777887075,0.2766171577766083,1.0,9.264126149802891,1,4.0,0,Premium,Monthly,39.99,apple_pay,Europe,0
2117,452,10.0,13,-0.21428571428571427,37.170796460176994,-0.04279125726889909,481,6,41.0,0.0,1.0,1.2517953861584754,-0.5,32.46536585365853,1331.08,0.0,6,1.6167992039739416,0.2542391849160661,0.9759277833500503,32.75295663600526,6,9.0,0,Premium,Annual,39.99,paypal,North America,0
2118,267,23.0,22,0.043478260869565216,34.82621722846442,-0.09342287772799399,284,2,43.0,5.0,1.0,2.9282326621923938,2.0,42.43418604651163,1824.67,4.860619469026549,6,0.913659853416347,0.24157368600412002,1.0,14.684625492772668,2,0.0,0,Basic,Annual,9.99,credit_card,Asia,0
2119,330,21.0,21,0.0,29.514242424242425,0.03951138591464343,346,1,37.0,0.0,3.0,2.0076292335115866,-0.75,35.73945945945946,1322.3600000000001,0.0,6,1.032909771090399,0.27030134308047454,1.0,18.429697766097238,1,5.0,0,Basic,Monthly,9.99,credit_card,Asia,0
2120,97,13.0,14,-0.06666666666666667,24.81958762886598,-0.0944552909019914,103,3,10.0,0.0,2.0,1.3589285714285715,-0.6666666666666666,51.936,519.36,0.0,6,1.4493654011347865,0.2613713413371378,1.0,7.35873850197109,3,0.0,0,Basic,Monthly,9.99,credit_card,Asia,0
2121,172,14.0,20,-0.2857142857142857,32.73953488372093,-0.025899280575539526,180,1,11.0,0.0,1.0,1.0146666666666666,-0.5,35.67818181818182,392.46000000000004,0.0,6,1.226191887297025,0.24017895237055714,0.996969696969697,10.840998685939553,1,2.0,0,Premium,Monthly,39.99,credit_card,Asia,0
2122,450,19.0,8,1.2222222222222223,26.27711111111111,0.07200649438506296,465,2,48.0,4.0,0.0,2.0125619834710746,4.0,42.15,2023.2,0.0,6,0.9640518622709746,0.2752172037232809,1.0,23.850197109067015,2,5.0,0,Basic,Monthly,9.99,apple_pay,Asia,0
2123,147,18.0,16,0.11764705882352941,16.697278911564627,-0.043383270911360794,161,1,21.0,2.0,4.0,2.2119031141868515,-0.4,29.33857142857143,616.11,-0.6583485209589233,6,1.182135765702679,0.24600074814550854,1.0,9.494086727989487,1,3.0,0,Standard,Monthly,19.99,credit_card,North America,0
2124,168,9.0,13,-0.2857142857142857,24.613095238095237,0.011400772430184232,175,5,12.0,0.0,1.0,0.9562303664921467,-0.5,18.7,224.4,0.0,6,1.5271989791158531,0.24825518630142523,0.9895287958115183,12.54927726675427,5,1.0,0,Basic,Monthly,9.99,paypal,Asia,0
2125,241,9.0,5,0.6666666666666666,34.302904564315355,-0.1189210474502855,271,1,50.0,2.0,0.0,2.0,2.0,48.436400000000006,2421.82,0.0,6,2.3659576810064396,0.25821534484845554,0.9382391590013142,25.0,1,3.0,0,Premium,Annual,39.99,apple_pay,South America,0
2126,224,11.0,13,-0.14285714285714285,45.122321428571425,-0.03162769851348319,249,4,49.0,1.0,2.0,2.28416539050536,-0.3333333333333333,32.56183673469388,1595.53,-0.4447466848010881,6,2.2523586232877424,0.25178296188954385,0.9540581929555896,21.45203679369251,4,0.0,0,Basic,Annual,9.99,apple_pay,Asia,0
2127,262,14.0,17,-0.16666666666666666,17.52519083969466,-0.02264808362369352,269,1,19.0,2.0,1.0,1.180326530612245,0.5,34.58631578947368,657.14,21.397826086956524,6,1.237306278389248,0.2594566350910446,0.9857142857142858,16.09724047306176,1,1.0,0,Basic,Annual,9.99,paypal,North America,0
2128,246,10.0,15,-0.3125,31.1630081300813,-0.08968565815324164,252,11,10.0,0.0,0.0,0.5107382550335571,0.0,55.758,557.58,0.0,6,1.8685401336539966,0.25763418397689264,0.9513422818791947,19.579500657030223,11,6.0,0,Standard,Monthly,19.99,paypal,Asia,0
2129,223,7.0,12,-0.38461538461538464,29.890134529147982,0.19018858621964763,267,1,45.0,0.0,1.0,1.6766217870257039,-0.5,34.681555555555555,1560.67,0.0,6,2.68383136078989,0.24672323304555763,0.93390452876377,26.839684625492772,1,9.0,0,Standard,Monthly,19.99,credit_card,Europe,0
2130,305,18.0,20,-0.09523809523809523,14.208196721311475,0.08913472641263444,330,1,49.0,1.0,3.0,2.52806779661017,-0.5,38.3869387755102,1880.96,-0.9268031784841075,6,1.2621710817369354,0.236054619931703,1.0,19.38239159001314,1,4.0,0,Basic,Annual,9.99,credit_card,Europe,0
2131,385,10.0,17,-0.3888888888888889,16.99168831168831,-0.26038559476173156,404,3,35.0,1.0,2.0,1.1618320610687023,-0.3333333333333333,36.61685714285714,1281.59,-0.9345422379478107,6,1.6666098776789735,0.2579501508782849,0.9770992366412213,30.12483574244415,3,4.0,0,Premium,Monthly,39.99,apple_pay,South America,0
2132,37,6.0,11,-0.4166666666666667,12.921621621621622,-0.22365283738674302,38,1,5.0,0.0,2.0,1.4634615384615386,-0.6666666666666666,24.8,124.0,0.0,6,2.8661323616879097,0.31115146014055256,0.9423076923076923,3.416557161629435,1,0.0,0,Basic,Annual,9.99,apple_pay,Asia,1
2133,428,16.0,12,0.3076923076923077,21.771962616822428,0.01496388028895772,468,1,60.0,1.0,2.0,1.7853372434017598,-0.3333333333333333,47.880833333333335,2872.85,1.1495215311004785,6,1.600381464667909,0.25068598242800155,0.9921798631476051,33.60709592641261,1,10.0,0,Basic,Monthly,9.99,credit_card,North America,0
2134,117,18.0,14,0.26666666666666666,17.913675213675216,-0.05913531901427933,127,1,21.0,2.0,2.0,2.3415384615384616,0.0,49.15571428571428,1032.27,1.0176195283105443,6,1.7067745501616098,0.25661114640303667,1.0,8.968462549277266,1,1.0,0,Basic,Monthly,9.99,apple_pay,Asia,0
2135,608,25.0,24,0.04,20.039802631578947,0.11129679420889363,612,2,20.0,0.0,1.0,0.7005753739930956,-0.5,18.250999999999998,365.02,0.0,6,0.7898704030931196,0.2461347930841571,1.0,28.54796320630749,2,2.0,0,Standard,Monthly,19.99,credit_card,Europe,0
2136,156,4.0,13,-0.6428571428571429,39.8525641025641,-0.2966986155484558,165,8,11.0,0.0,1.0,0.8107506053268765,-0.5,30.145454545454548,331.6,0.0,6,2.049760663831627,0.2942809863120112,0.9661016949152542,13.567674113009199,8,5.0,0,Basic,Monthly,9.99,paypal,Europe,1
2137,251,23.0,18,0.2631578947368421,28.405577689243028,0.0357835830217433,257,1,13.0,1.0,0.0,0.960485436893204,1.0,30.886923076923075,401.53,0.0,6,0.939654387339866,0.23909714856579356,1.0,13.534822601839684,1,3.0,0,Standard,Monthly,19.99,credit_card,North America,0
2138,314,16.0,15,0.0625,43.10859872611465,0.0009743237047226956,330,1,48.0,4.0,1.0,2.3046056782334388,1.5,31.37625,1506.06,12.75,6,1.2820290510189727,0.2529870168917956,1.0,20.827858081471746,1,0.0,0,Standard,Monthly,19.99,apple_pay,Europe,0
2139,37,14.0,8,0.6666666666666666,33.067567567567565,-0.016901711702012955,40,3,4.0,2.0,0.0,1.3234782608695652,2.0,19.8475,79.39,0.0,6,2.197102741985319,0.27203001339068533,0.9130434782608696,3.0223390275952693,3,1.0,0,Basic,Annual,9.99,paypal,North America,0
2140,247,12.0,12,0.0,23.31417004048583,-0.06519591702337842,257,2,11.0,1.0,0.0,0.5665651438240271,1.0,27.45818181818182,302.04,0.0,6,1.7996076301652586,0.2672257181609741,0.9712351945854484,19.415243101182654,2,5.0,0,Premium,Annual,39.99,credit_card,Asia,0
2141,80,5.0,10,-0.45454545454545453,31.783749999999998,0.24059662775616114,84,7,10.0,0.0,2.0,1.049655172413793,-0.6666666666666666,16.792,167.92000000000002,0.0,6,2.8921245420512642,0.2613847858044353,0.9413793103448276,9.526938239159001,7,0.0,0,Premium,Monthly,39.99,credit_card,North America,0
2142,404,13.0,13,0.0,17.442574257425743,-0.12366034624896963,428,1,25.0,1.0,2.0,0.7679112008072655,-0.3333333333333333,39.5228,988.0699999999999,-0.7439200032920457,6,1.5983548622441546,0.24099748130028606,0.9889001009081735,32.55584756898817,1,8.0,0,Premium,Monthly,39.99,paypal,North America,0
2143,327,19.0,19,0.0,32.55871559633028,0.11577235772357722,337,1,25.0,0.0,1.0,1.3761301989150092,-0.5,45.216,1130.4,0.0,6,1.121600129929112,0.2509737724382287,1.0,18.166885676741128,1,6.0,0,Standard,Monthly,19.99,apple_pay,North America,0
2144,420,21.0,19,0.1,17.434047619047618,0.10857311122328796,429,1,17.0,1.0,2.0,0.8306260032102729,-0.3333333333333333,24.16,410.72,-0.7450666008880118,6,0.795280900635178,0.26675914967588077,1.0,20.466491458607095,1,7.0,0,Basic,Annual,9.99,apple_pay,Asia,0
2145,461,21.0,20,0.047619047619047616,40.5114967462039,0.03313708240283329,466,1,21.0,2.0,2.0,0.983446153846154,0.0,50.730952380952374,1065.35,-0.8546914832378498,6,0.7058734468383323,0.25688810725527306,1.0,21.353482260183966,1,5.0,0,Standard,Annual,19.99,credit_card,Asia,0
2146,107,12.0,17,-0.2777777777777778,40.23271028037383,0.20236268794108642,112,3,12.0,2.0,2.0,1.817313432835821,0.0,19.116666666666667,229.4,-0.4351642129105323,6,1.2820821517105068,0.2361400412126695,1.0,6.603153745072273,3,0.0,0,Standard,Annual,19.99,paypal,Asia,0
2147,226,10.0,17,-0.3888888888888889,14.447345132743363,-0.17594936708860756,237,1,22.0,1.0,0.0,1.602105263157895,1.0,36.64909090909091,806.28,0.0,6,1.244874091539587,0.27419214030633665,1.0,13.731931668856767,1,1.0,0,Premium,Monthly,39.99,credit_card,South America,1
2148,153,2.0,10,-0.7272727272727273,33.11437908496732,-0.011251758087201085,173,1,29.0,5.0,3.0,1.8467782426778243,0.5,32.007586206896555,928.22,8.249902685869989,6,1.947704713649065,0.23201786704483918,1.0,15.703022339027594,1,0.0,0,Standard,Annual,19.99,paypal,South America,0
2149,517,18.0,19,-0.05,38.81798839458414,0.03598157743235455,534,1,28.0,0.0,0.0,0.8540280561122244,0.0,54.19535714285714,1517.47,0.0,6,1.1746600389767905,0.2436622260872889,1.0,32.78580814717477,1,2.0,0,Premium,Annual,39.99,credit_card,North America,0
2150,207,9.0,9,0.0,44.94734299516908,0.1186713099383874,225,4,21.0,2.0,0.0,1.0114556962025316,2.0,25.775238095238095,541.28,0.0,6,2.3260597868426958,0.2514099587060013,0.9636075949367088,20.76215505913272,4,7.0,0,Standard,Annual,19.99,credit_card,Europe,0
2151,285,21.0,15,0.375,26.814385964912283,-0.07099747977185313,291,1,19.0,1.0,0.0,1.0830711610486892,1.0,47.51315789473684,902.75,0.0,6,1.2915149930257703,0.2544522483728545,0.99625468164794,17.542706964520367,1,4.0,0,Standard,Monthly,19.99,bank_transfer,Europe,0
2152,89,21.0,15,0.375,29.21573033707865,0.023139745916515415,90,1,4.0,2.0,2.0,0.8514685314685314,0.0,33.3875,133.55,2.0486857825567504,6,0.9021311732382904,0.29766221653491315,1.0,4.697766097240473,1,1.0,0,Standard,Monthly,19.99,apple_pay,North America,0
2153,254,24.0,20,0.19047619047619047,43.62283464566929,0.00871301167954031,257,1,11.0,0.0,2.0,0.8127184466019418,-0.6666666666666666,28.920909090909092,318.13,0.0,6,1.0235508047967137,0.26594611223289094,1.0,13.534822601839684,1,4.0,0,Standard,Annual,19.99,credit_card,Asia,0
2154,536,14.0,20,-0.2857142857142857,40.46007462686567,-0.06928628447615788,559,2,69.0,3.0,5.0,2.6059057071960297,-0.3333333333333333,42.32594202898551,2920.4900000000002,-0.697264869049155,6,0.8489388406349277,0.2353536591424747,1.0,26.47831800262812,2,4.0,0,Standard,Monthly,19.99,credit_card,South America,0
2155,85,8.0,14,-0.4,17.861176470588237,0.093661971830986,98,3,23.0,2.0,3.0,2.672213740458015,-0.25,31.825652173913046,731.99,-0.2745526838966202,6,1.9187759199364152,0.2594863543427711,1.0,8.607095926412615,3,1.0,0,Premium,Annual,39.99,paypal,South America,0
2156,99,13.0,17,-0.2222222222222222,32.35353535353536,-0.11585077238629343,104,4,15.0,1.0,0.0,2.717857142857143,1.0,24.018666666666665,360.28,0.0,6,1.0795504983591642,0.29146948245628435,1.0,5.519053876478318,4,2.0,0,Basic,Monthly,9.99,bank_transfer,Europe,1
2157,49,4.0,7,-0.375,33.27142857142857,-0.2726010101010101,56,17,7.0,0.0,0.0,1.2106818181818182,0.0,14.64,102.48,0.0,6,2.5966826804137897,0.36840809784660533,0.8352272727272727,5.781865965834428,17,2.0,0,Basic,Annual,9.99,paypal,Asia,1
2158,145,1.0,5,-0.6666666666666666,29.658620689655173,-0.2893217893217893,167,27,26.0,0.0,1.0,1.9445700245700246,-0.5,36.06307692307692,937.64,0.0,6,2.136625790818094,0.2617649220666142,0.9115479115479115,13.370565045992116,27,3.0,0,Premium,Annual,39.99,credit_card,Oceania,1
2159,285,24.0,23,0.041666666666666664,43.899298245614034,0.08138156977554717,290,3,13.0,0.0,1.0,0.9967758186397986,-0.5,36.87384615384615,479.36,0.0,6,0.7999363200337817,0.24271479965304976,1.0,13.042049934296976,3,0.0,0,Basic,Annual,9.99,credit_card,Asia,0
2160,138,7.0,10,-0.2727272727272727,43.233333333333334,0.1455372370665152,143,6,5.0,0.0,0.0,0.5657992565055763,0.0,20.49,102.44999999999999,0.0,6,1.152470820502055,0.2745762357297682,1.0,8.83705650459921,6,6.0,0,Basic,Annual,9.99,paypal,Europe,1
2161,289,11.0,7,0.5,19.452595155709343,-0.23670784928391425,308,1,25.0,0.0,1.0,0.9973787680209699,-0.5,30.794,769.85,0.0,6,1.913419430187851,0.24948558480680386,0.9908256880733946,25.065703022339026,1,5.0,0,Premium,Monthly,39.99,credit_card,Europe,0
2162,60,9.0,5,0.6666666666666666,43.955000000000005,0.05670360387341528,65,8,4.0,0.0,1.0,0.6511229946524064,-0.5,92.22,368.88,0.0,6,2.1875708605302986,0.24455074950753275,0.9358288770053476,6.14323258869908,8,1.0,0,Basic,Annual,9.99,credit_card,Asia,1
2163,330,8.0,11,-0.25,15.41969696969697,-0.11113518197573652,368,5,42.0,2.0,0.0,1.27848,2.0,19.945714285714285,837.72,0.0,6,2.257582364312271,0.24938196588877054,0.973,32.8515111695138,5,10.0,0,Basic,Monthly,9.99,credit_card,Asia,0
2164,676,16.0,15,0.0625,19.685650887573964,-0.01976410583359901,683,2,17.0,0.0,0.0,0.48182495344506526,0.0,60.152352941176474,1022.59,0.0,6,0.8645230511291021,0.2541461200608766,1.0,35.282522996057814,2,4.0,0,Basic,Monthly,9.99,paypal,Europe,0
2165,559,23.0,15,0.5,44.119856887298745,0.16712407915643515,573,1,30.0,0.0,0.0,0.9904555314533623,0.0,31.241666666666667,937.25,0.0,6,0.9797075842477464,0.24866921719607138,1.0,30.28909329829172,1,5.0,0,Standard,Annual,19.99,bank_transfer,South America,0
2166,375,18.0,10,0.7272727272727273,39.5824,-0.0031140419741456696,402,1,48.0,3.0,0.0,1.9429787234042555,3.0,45.369791666666664,2177.75,0.0,6,1.2515128002848426,0.25202317634822685,1.0,24.704336399474375,1,7.0,0,Standard,Monthly,19.99,credit_card,Europe,0
2167,157,11.0,9,0.2,31.901273885350317,-0.04333538083538082,188,2,43.0,6.0,2.0,2.6022266401590457,1.3333333333333333,37.14860465116279,1597.39,8.943686502177068,6,2.2501796834698857,0.25986592928485774,0.9463220675944334,16.52431011826544,2,3.0,0,Standard,Monthly,19.99,paypal,North America,0
2168,126,6.0,9,-0.3,28.154761904761905,0.03402854006586174,139,1,12.0,1.0,0.0,0.7889416846652267,1.0,54.35999999999999,652.3199999999999,0.0,6,2.8215369144511833,0.2594574905221553,0.9676025917926566,15.210249671484888,1,7.0,0,Basic,Monthly,9.99,bank_transfer,Europe,0
2169,435,20.0,22,-0.08695652173913043,15.625747126436782,0.0407981097400893,446,1,26.0,0.0,2.0,1.1638823529411766,-0.6666666666666666,35.85730769230769,932.29,0.0,6,0.9573716000620264,0.264447232366454,1.0,22.339027595269382,1,6.0,0,Premium,Monthly,39.99,credit_card,North America,0
2170,411,19.0,17,0.1111111111111111,14.721897810218978,0.04745108845411953,423,3,50.0,2.0,0.0,2.46677471636953,2.0,30.520599999999998,1526.03,0.0,6,0.8280196300515299,0.25825930705576355,0.9983792544570503,20.269382391590014,3,4.0,0,Standard,Monthly,19.99,credit_card,South America,0
2171,197,11.0,12,-0.07692307692307693,36.18680203045685,-0.07086708670867076,215,1,23.0,0.0,1.0,1.2775912408759125,-0.5,53.32521739130435,1226.48,0.0,6,1.827375331209895,0.21223111152471308,0.9835766423357664,18.00262812089356,1,3.0,0,Basic,Monthly,9.99,credit_card,North America,0
2172,689,18.0,17,0.05555555555555555,44.08809869375907,0.05251651316401519,698,1,20.0,2.0,1.0,0.5595588235294118,0.5,62.172000000000004,1243.44,5.9556962025316444,6,0.9839071867473661,0.2553209622310652,1.0,35.74244415243101,1,3.0,0,Premium,Monthly,39.99,paypal,Asia,0
2173,366,17.0,13,0.2857142857142857,30.451639344262293,0.01723038597843983,376,1,17.0,0.0,1.0,0.7361024182076814,-0.5,44.932352941176475,763.85,0.0,6,1.1963998282428863,0.259331170626465,0.995732574679943,23.0946123521682,1,1.0,0,Standard,Annual,19.99,credit_card,Europe,0
2174,60,17.0,23,-0.25,24.825,-0.3588843012136487,61,3,6.0,1.0,3.0,1.9429787234042555,-0.5,35.001666666666665,210.01,-0.4868513570524539,6,0.9999999999999999,0.34797248157557564,1.0,3.088042049934297,3,2.0,0,Basic,Annual,9.99,credit_card,North America,1
2175,684,17.0,17,0.0,41.75365497076023,-0.018870330230778973,699,1,49.0,3.0,1.0,1.365897435897436,1.0,42.49530612244898,2082.27,4.216502373128879,6,0.9490056421312855,0.23356890181613105,1.0,35.873850197109064,1,7.0,0,Basic,Monthly,9.99,credit_card,Asia,0
2176,111,7.0,7,0.0,16.4990990990991,-0.20254314259763848,127,4,21.0,2.0,0.0,1.5440579710144928,2.0,26.953333333333333,566.02,0.0,6,3.259847109083979,0.269715095392223,0.8961352657004831,13.600525624178712,4,4.0,0,Basic,Monthly,9.99,credit_card,North America,0
2177,65,11.0,14,-0.2,20.54,-0.19797547206540778,70,1,6.0,2.0,0.0,1.1783225806451614,2.0,42.81666666666667,256.90000000000003,0.0,6,1.4465468774680974,0.30938854306890756,1.0,5.091984231274639,1,1.0,0,Premium,Annual,39.99,bank_transfer,North America,0
2178,461,16.0,15,0.0625,17.16160520607375,0.041985829184220586,476,1,31.0,0.0,2.0,1.1274074074074074,-0.6666666666666666,34.616129032258065,1073.1000000000001,0.0,6,1.1067876503438168,0.252410011439412,1.0,27.496714848883048,1,5.0,0,Premium,Annual,39.99,credit_card,Oceania,0
2179,198,14.0,7,0.875,23.608585858585858,0.013949163050217052,216,3,26.0,4.0,0.0,1.551843137254902,4.0,25.336923076923078,658.76,0.0,6,1.9348439089412264,0.2541705461789752,1.0,16.754270696452036,3,8.0,0,Basic,Monthly,9.99,apple_pay,Europe,0
2180,207,16.0,23,-0.2916666666666667,23.386473429951693,-0.04867886178861785,214,1,19.0,3.0,2.0,1.7632926829268294,0.3333333333333333,36.65157894736842,696.38,6.630294815316842,6,1.0163426742839028,0.2431162876727235,1.0,10.775295663600525,1,1.0,0,Premium,Annual,39.99,apple_pay,Europe,0
2181,119,16.0,15,0.0625,34.86386554621849,0.01381838691483367,127,5,12.0,1.0,2.0,1.5812987012987014,-0.3333333333333333,36.7975,441.57,-0.23993070593330443,6,1.1476407822482457,0.2815599278004883,1.0,7.588699080157687,5,1.0,0,Basic,Monthly,9.99,credit_card,North America,0
2182,116,4.0,9,-0.5,35.57155172413793,-0.5868775933609959,121,5,7.0,0.0,2.0,0.5902493074792244,-0.6666666666666666,26.495714285714286,185.47,0.0,6,2.52847924312484,0.3110790891081776,0.9307479224376731,11.85939553219448,5,2.0,0,Standard,Monthly,19.99,paypal,North America,1
2183,396,17.0,19,-0.1,35.66893939393939,0.19308644763087562,423,1,53.0,2.0,2.0,2.228342541436464,0.0,41.452075471698116,2196.96,8.169191919191919,6,1.0342193714693926,0.2559444445912067,1.0,23.78449408672799,1,4.0,0,Basic,Monthly,9.99,credit_card,Europe,0
2184,478,21.0,23,-0.08333333333333333,40.22384937238494,0.02911306702775895,488,1,26.0,2.0,1.0,1.0146666666666666,0.5,43.62076923076923,1134.1399999999999,1.7163461538461537,6,1.0052506629249283,0.24846840389455777,1.0,25.62417871222076,1,2.0,0,Premium,Annual,39.99,credit_card,Europe,0
2185,128,20.0,19,0.05,18.7203125,0.031133128663131455,134,1,14.0,1.0,3.0,2.163248730964467,-0.5,28.912857142857145,404.78000000000003,-0.9233249967092273,6,0.8218507142366115,0.2414669380383346,1.0,6.471747700394218,1,1.0,0,Basic,Monthly,9.99,bank_transfer,Asia,0
2186,34,8.0,20,-0.5714285714285714,22.476470588235294,-0.32572825422693,35,1,2.0,0.0,1.0,0.8823188405797101,-0.5,13.504999999999999,27.009999999999998,0.0,6,1.1281521496355322,0.44953972258154296,1.0,2.266754270696452,1,1.0,0,Basic,Monthly,9.99,credit_card,Europe,1
2187,171,15.0,14,0.06666666666666667,15.671345029239767,0.031172413793103485,180,1,21.0,1.0,4.0,1.9312386706948643,-0.6,45.915238095238095,964.22,2.7837837837837838,6,1.2974047381882339,0.2793290588061267,0.972809667673716,10.873850197109066,1,1.0,0,Standard,Monthly,19.99,paypal,Asia,0
2188,386,13.0,14,-0.06666666666666667,24.8440414507772,0.09939854384298823,406,1,28.0,1.0,1.0,1.0306166868198308,0.0,32.73392857142857,916.55,-0.6965557052145469,6,1.4533742756888468,0.2654703648502202,1.0,27.16819973718791,1,8.0,0,Premium,Monthly,39.99,credit_card,South America,0
2189,373,11.0,13,-0.14285714285714285,38.491420911528145,0.024378294695173355,407,3,48.0,0.0,1.0,1.3928693994280268,-0.5,31.17979166666667,1496.63,0.0,6,2.0508526209026186,0.2480586815407355,0.9408960915157293,34.46123521681997,3,7.0,0,Basic,Monthly,9.99,credit_card,Europe,0
2190,257,18.0,22,-0.17391304347826086,39.18132295719845,0.13400005579267435,263,3,27.0,6.0,2.0,1.9997080291970804,1.3333333333333333,37.684444444444445,1017.48,0.8062158211056367,6,0.9194393206016228,0.2577215362196966,1.0,13.501971090670171,3,2.0,0,Premium,Monthly,39.99,bank_transfer,North America,0
2191,640,23.0,24,-0.04,30.0984375,0.07572610455905657,655,1,56.0,2.0,0.0,1.8589312977099237,2.0,38.09357142857142,2133.24,0.0,6,0.7160802883681477,0.24929676065449025,1.0,30.12483574244415,1,4.0,0,Standard,Monthly,19.99,paypal,North America,0
2192,163,19.0,18,0.05263157894736842,36.56441717791411,0.014290377281882491,164,2,8.0,2.0,2.0,1.0362553191489363,0.0,24.67375,197.39,0.9238305941845764,6,0.7011097985570158,0.25486730047377654,1.0,7.720105124835742,2,0.0,0,Standard,Monthly,19.99,paypal,Asia,0
2193,447,21.0,17,0.2222222222222222,37.02729306487696,0.15592663429944573,467,1,35.0,3.0,2.0,1.5176638176638177,0.3333333333333333,30.275428571428574,1059.64,1.4033744321868917,6,0.8950177703636357,0.2527460204572063,1.0,23.061760840998684,1,6.0,0,Basic,Monthly,9.99,paypal,North America,0
2194,199,22.0,21,0.045454545454545456,23.775376884422112,-0.028402939536104548,209,1,25.0,3.0,2.0,2.2852852852852856,0.3333333333333333,31.641199999999998,791.03,4.435099659698589,6,0.9388097812000303,0.2602490714196614,1.0,10.939553219448094,1,0.0,0,Basic,Monthly,9.99,paypal,Europe,0
2195,387,17.0,10,0.6363636363636364,12.042894056847546,-0.005356528576342843,409,1,36.0,0.0,1.0,1.1450783699059561,-0.5,35.31805555555556,1271.45,0.0,6,1.6923332016663424,0.2582012849185637,1.0,31.438896189224703,1,8.0,0,Standard,Monthly,19.99,credit_card,North America,0
2196,646,20.0,20,0.0,41.281888544891636,-0.023229589535408077,660,1,33.0,2.0,1.0,0.9762099125364431,0.5,41.10909090909091,1356.6,2.9742413549752995,6,0.8858756573022691,0.2460168776283265,1.0,33.8042049934297,1,12.0,0,Basic,Monthly,9.99,credit_card,Asia,0
2197,94,8.0,13,-0.35714285714285715,19.232978723404255,-0.16456770275098245,100,1,12.0,0.0,1.0,1.309247311827957,-0.5,57.43666666666667,689.24,0.0,6,2.315329428126883,0.22496105480122905,0.9784946236559141,9.165571616294349,1,1.0,0,Basic,Monthly,9.99,bank_transfer,Europe,0
2198,257,3.0,7,-0.5,31.792996108949417,-0.5255623721881392,308,13,68.0,1.0,4.0,2.2209442060085838,-0.6,39.06970588235294,2656.7400000000002,-0.8372314796225657,6,2.4028415615219187,0.2635217128228033,0.9238197424892705,30.617608409986858,13,4.0,0,Standard,Monthly,19.99,bank_transfer,North America,1
2199,388,11.0,17,-0.3333333333333333,32.43170103092783,-0.04606177662672101,401,11,22.0,1.0,3.0,0.7850879249706917,-0.5,57.053636363636365,1255.18,-0.9605982879569825,6,1.3503828474127135,0.2457966467311288,0.9929660023446658,28.02233902759527,11,2.0,0,Premium,Annual,39.99,credit_card,Europe,0
2200,19,10.0,9,0.1,29.21578947368421,-0.036711143166246026,24,1,7.0,2.0,5.0,3.436774193548387,-0.5,83.5957142857143,585.1700000000001,-0.25428868737921817,6,1.753595966643756,0.20548329752394992,1.0,2.0367936925098555,1,0.0,0,Standard,Annual,19.99,credit_card,South America,0
2201,344,21.0,17,0.2222222222222222,44.44127906976744,0.048356063422492754,369,2,58.0,1.0,1.0,3.1248141592920358,0.0,44.66827586206896,2590.7599999999998,-0.5557773602630343,6,0.8509969971231768,0.2558811177474047,1.0,18.561103810775293,2,2.0,0,Standard,Annual,19.99,credit_card,Europe,0
2202,109,17.0,15,0.125,43.53211009174312,-0.036305147058823484,114,1,11.0,3.0,0.0,1.7083673469387757,3.0,72.77636363636364,800.5400000000001,0.0,6,1.1200110618922752,0.2520384167089239,1.0,6.438896189224704,1,0.0,0,Premium,Monthly,39.99,paypal,Europe,0
2203,136,5.0,10,-0.45454545454545453,40.88235294117647,-0.09529384219152424,146,1,14.0,3.0,1.0,0.9576629213483147,1.0,37.675000000000004,527.45,6.235530085959885,6,2.6985876822751567,0.25424260507803875,0.9280898876404494,14.61892247043364,1,0.0,0,Basic,Monthly,9.99,credit_card,North America,1
2204,599,18.0,18,0.0,17.512186978297162,-0.02909514111143447,616,2,52.0,1.0,3.0,1.780517435320585,-0.5,27.518846153846155,1430.98,-0.7475153809749171,6,0.8422706048071169,0.244112554902507,1.0,29.204993429697765,2,9.0,0,Standard,Annual,19.99,bank_transfer,North America,0
2205,72,11.0,12,-0.07692307692307693,36.55,0.16110498157670142,78,1,8.0,2.0,2.0,1.3022459893048128,0.0,39.4125,315.3,3.335338637686784,6,2.085984869947207,0.3045500247591188,1.0,6.14323258869908,1,0.0,0,Basic,Monthly,9.99,credit_card,South America,0
2206,247,11.0,13,-0.14285714285714285,29.691093117408908,-0.19268686868686874,262,2,19.0,0.0,1.0,0.8321726618705036,-0.5,26.571578947368423,504.86,0.0,6,1.9640671275945774,0.22493850882990998,0.9568345323741007,22.831800262812088,2,7.0,0,Premium,Annual,39.99,bank_transfer,Oceania,0
2207,37,10.0,12,-0.15384615384615385,10.475675675675676,-0.2799999999999999,39,2,3.0,1.0,0.0,0.8153571428571429,1.0,144.22666666666666,432.68,0.0,6,2.0505697782232946,0.3644604626494311,0.9375,3.679369250985545,2,3.0,0,Basic,Monthly,9.99,paypal,North America,1
2208,361,8.0,16,-0.47058823529411764,41.699722991689754,-0.2710202378468601,379,9,36.0,0.0,1.0,1.8764383561643836,-0.5,29.528333333333332,1063.02,0.0,6,0.9014145791935726,0.2755090290469718,1.0,19.185282522996058,9,1.0,0,Basic,Monthly,9.99,bank_transfer,Europe,1
2209,495,18.0,21,-0.13636363636363635,39.174949494949495,0.09724055188962202,502,1,25.0,2.0,0.0,0.9781491002570695,2.0,36.2708,906.77,0.0,6,0.9401617901280434,0.25225134036199726,1.0,25.558475689881732,1,1.0,0,Basic,Monthly,9.99,paypal,South America,0
2210,481,12.0,12,0.0,40.00997920997921,0.25040764034474716,507,2,35.0,0.0,1.0,0.9738574040219379,-0.5,27.98742857142857,979.56,0.0,6,1.6114391689910816,0.2560425662185881,0.9917733089579526,35.939553219448094,2,11.0,0,Standard,Monthly,19.99,credit_card,North America,0
2211,114,19.0,15,0.25,43.88508771929824,-0.023093044406658974,119,1,15.0,2.0,2.0,2.227317073170732,0.0,52.06466666666667,780.97,-0.30772811918063314,6,1.2310860811908129,0.2668198159517269,1.0,6.734559789750328,1,3.0,0,Basic,Monthly,9.99,credit_card,Europe,0
2212,81,8.0,7,0.125,39.72222222222222,-0.043862575050033305,104,3,21.0,3.0,0.0,2.1967010309278354,3.0,47.50714285714285,997.65,0.0,6,2.390172786029884,0.2558052128277947,0.9621993127147767,9.559789750328514,3,7.0,0,Basic,Monthly,9.99,bank_transfer,North America,0
2213,98,8.0,7,0.125,23.56530612244898,-0.043736501079913524,118,2,21.0,2.0,1.0,1.6734031413612567,0.5,42.30666666666667,888.44,2.540809327846365,6,2.3271675513938685,0.24820963449404357,0.9345549738219896,12.54927726675427,2,2.0,0,Standard,Monthly,19.99,paypal,North America,0
2214,240,9.0,10,-0.09090909090909091,37.27125,-0.0198318540000586,267,3,33.0,1.0,0.0,1.3817331499312242,1.0,26.525151515151517,875.33,0.0,6,2.032087609801397,0.2476376887098857,0.9821182943603851,23.88304862023653,3,6.0,0,Premium,Annual,39.99,apple_pay,North America,0
2215,456,15.0,15,0.0,13.893201754385965,0.06727534839019704,482,2,52.0,3.0,2.0,1.5844644644644645,0.3333333333333333,44.28846153846154,2303.0,-0.4077281812125249,6,1.4933555772524107,0.2677206404621265,0.9879879879879879,32.81865965834428,2,5.0,0,Basic,Monthly,9.99,paypal,Asia,0
2216,397,10.0,13,-0.21428571428571427,43.638790931989924,0.027038255149731703,417,2,34.0,0.0,0.0,1.0780833333333335,0.0,33.125,1126.25,0.0,6,1.6789530145922864,0.24349367199967148,0.9989583333333334,31.537450722733244,2,3.0,0,Premium,Annual,39.99,credit_card,Europe,0
2217,244,10.0,18,-0.42105263157894735,17.95122950819672,-0.2046041549691184,255,5,24.0,1.0,2.0,1.649119638826185,-0.3333333333333333,39.88166666666667,957.16,-0.5669376693766938,6,1.075616674702707,0.2665317691355559,0.9954853273137698,14.553219448094612,5,0.0,0,Basic,Monthly,9.99,credit_card,North America,1
2218,643,20.0,18,0.10526315789473684,44.638569206842924,-0.025530876250915237,655,2,30.0,0.0,0.0,0.9552301255230126,0.0,51.50533333333333,1545.16,0.0,6,0.8023561409233199,0.24401642169835636,1.0,31.40604467805519,2,7.0,0,Standard,Monthly,19.99,credit_card,Europe,0
2219,292,20.0,17,0.16666666666666666,21.01609589041096,-0.05300227660785422,312,1,30.0,0.0,2.0,1.519467554076539,-0.6666666666666666,35.37466666666667,1061.24,0.0,6,1.4573990640682093,0.24051284789515817,1.0,19.743758212877793,1,1.0,0,Premium,Monthly,39.99,bank_transfer,Europe,0
2220,644,17.0,15,0.125,12.389906832298138,-0.03793425106707742,665,4,40.0,2.0,2.0,1.2115422885572138,0.0,31.090249999999997,1243.61,-0.13045881702598117,6,0.8770256444322712,0.23195959942148414,1.0,33.01576872536137,4,8.0,0,Basic,Monthly,9.99,bank_transfer,Asia,0
2221,99,7.0,12,-0.38461538461538464,32.58585858585859,0.05373086734693889,103,3,6.0,0.0,0.0,0.8010526315789475,0.0,42.32,253.92,0.0,6,1.6491115837702135,0.23818843832066092,0.9824561403508772,7.490144546649145,3,3.0,0,Standard,Monthly,19.99,bank_transfer,Europe,0
2222,199,17.0,14,0.2,39.267336683417085,0.0019780614997302794,213,1,34.0,1.0,3.0,2.499903381642512,-0.5,39.037058823529414,1327.26,-0.9219085262563523,6,1.3806428034278986,0.24272881422838352,1.0,13.600525624178712,1,4.0,0,Standard,Monthly,19.99,apple_pay,North America,0
2223,162,19.0,21,-0.09090909090909091,26.54320987654321,0.036943593440259576,168,4,21.0,2.0,1.0,2.4586153846153844,0.5,50.10190476190477,1052.14,3.1367473269555437,6,0.7587595388553015,0.2511772161103699,0.9961538461538461,8.541392904073588,4,0.0,0,Standard,Monthly,19.99,credit_card,Europe,1
2224,131,25.0,20,0.23809523809523808,43.703053435114505,0.07587520838294849,132,1,8.0,2.0,2.0,1.3915428571428572,0.0,18.605,148.84,1.6533945890760593,6,0.6823846825375199,0.2556021139117403,1.0,5.7490144546649145,1,0.0,0,Basic,Monthly,9.99,credit_card,Europe,0
2225,440,10.0,10,0.0,12.879318181818181,-0.2721649484536083,459,3,45.0,1.0,0.0,1.5152654867256639,1.0,22.933555555555554,1032.01,0.0,6,1.3785705449983683,0.2693351589078686,0.9988938053097346,29.69776609724047,3,1.0,0,Standard,Monthly,19.99,credit_card,North America,1
2226,273,6.0,12,-0.46153846153846156,11.905860805860806,-0.34199134199134196,292,2,25.0,2.0,0.0,1.1743827160493827,2.0,48.257200000000005,1206.43,0.0,6,1.6632053167253882,0.27636618752175884,0.9722222222222222,21.28777923784494,2,5.0,0,Standard,Monthly,19.99,paypal,Europe,1
2227,180,15.0,14,0.06666666666666667,34.00833333333333,0.06685660018993365,191,2,26.0,2.0,1.0,2.1105066666666668,0.5,45.15730769230769,1174.09,-0.7599638892603986,6,1.1876206353885352,0.2643261384654591,1.0,12.319316688567673,2,0.0,0,Standard,Monthly,19.99,paypal,Asia,0
2228,458,13.0,18,-0.2631578947368421,13.3235807860262,0.00774940859776505,480,1,64.0,2.0,3.0,2.2264685714285717,-0.25,30.79921875,1971.15,-0.7814333985417038,6,1.255339483885003,0.25328667217780904,1.0,28.74507227332457,1,5.0,0,Basic,Annual,9.99,credit_card,Europe,0
2229,280,9.0,11,-0.16666666666666666,35.96678571428572,0.2295786758383492,294,4,26.0,2.0,3.0,0.8296016771488469,-0.25,30.921538461538464,803.96,0.3292082181905562,6,2.544893561437905,0.22980468108718216,0.9465408805031447,31.340341655716163,4,2.0,0,Premium,Monthly,39.99,paypal,North America,0
2230,585,21.0,23,-0.08333333333333333,26.615384615384617,0.041147781618448044,611,1,72.0,2.0,1.0,2.5278892733564016,0.5,34.78277777777778,2504.36,-0.8216912961395743,6,0.7944818300210521,0.24994062069871348,1.0,28.48226018396846,1,8.0,0,Premium,Monthly,39.99,paypal,Oceania,0
2231,313,16.0,20,-0.19047619047619047,19.994888178913737,0.09432763401109048,322,3,18.0,0.0,0.0,1.039696394686907,0.0,28.970000000000002,521.46,0.0,6,0.9397856353969462,0.2422437019983398,0.9962049335863377,17.31274638633377,3,2.0,0,Basic,Monthly,9.99,credit_card,North America,0
2232,138,6.0,11,-0.4166666666666667,13.743478260869564,-0.42559874361994504,153,2,18.0,1.0,0.0,1.3171153846153847,1.0,42.91166666666666,772.41,0.0,6,2.1327399383130206,0.2523544714174069,0.9759615384615384,13.66622864651774,2,2.0,0,Basic,Monthly,9.99,apple_pay,North America,0
2233,240,11.0,8,0.3333333333333333,21.78708333333333,-0.10495310806352799,252,4,15.0,0.0,0.0,0.7213270142180095,0.0,63.122,946.83,0.0,6,1.9107496286605143,0.23623744817747683,0.9842022116903634,20.795006570302235,4,6.0,0,Standard,Annual,19.99,credit_card,North America,0
2234,266,8.0,6,0.2857142857142857,25.480075187969923,-0.24489506522972215,279,2,18.0,0.0,2.0,0.6756103575832306,-0.6666666666666666,41.195,741.51,0.0,6,2.4618033648283055,0.25725009692885836,0.9408138101109741,26.642575558475688,2,9.0,0,Standard,Monthly,19.99,paypal,Europe,1
2235,631,19.0,15,0.25,19.84675118858954,0.039549464750083724,646,1,40.0,0.0,0.0,1.1674017257909874,0.0,34.346500000000006,1373.8600000000001,0.0,6,0.9785311603314489,0.25583514104807076,1.0,34.26412614980289,1,8.0,0,Standard,Monthly,19.99,credit_card,Asia,0
2236,139,10.0,11,-0.08333333333333333,13.226618705035971,-0.0017947279865395515,169,2,39.0,1.0,3.0,2.3461660079051385,-0.5,45.84384615384616,1787.91,0.8458408417136547,6,2.1968949236113278,0.25936349429537325,0.9960474308300394,16.62286465177398,2,0.0,0,Standard,Monthly,19.99,credit_card,Asia,0
2237,355,15.0,15,0.0,14.859436619718311,0.021765417170495842,385,1,61.0,3.0,3.0,2.660229226361032,0.0,41.56885245901639,2535.7,1.2835461586769943,6,1.1538022010496793,0.24719093699522054,1.0,22.93035479632063,1,2.0,0,Standard,Annual,19.99,bank_transfer,North America,0
2238,426,13.0,20,-0.3333333333333333,41.7112676056338,0.06317849844360308,442,1,36.0,3.0,2.0,1.484878048780488,0.3333333333333333,21.606944444444444,777.85,-0.1208647232230591,6,0.9645114908577822,0.25767165529755875,1.0,24.24441524310118,1,1.0,0,Premium,Monthly,39.99,credit_card,North America,0
2239,537,20.0,15,0.3125,27.900372439478584,0.08410168598524764,547,2,28.0,1.0,0.0,0.8777754891864058,1.0,38.32714285714286,1073.16,0.0,6,1.1567839067675285,0.24561745042866084,1.0,31.898817345597895,2,7.0,0,Basic,Annual,9.99,credit_card,Europe,0
2240,405,16.0,11,0.4166666666666667,40.90543209876543,-0.11055159165751906,431,1,60.0,2.0,0.0,2.099310344827586,2.0,46.821333333333335,2809.28,0.0,6,1.3378575598052163,0.24416522436359425,1.0,28.580814717477004,1,7.0,0,Standard,Monthly,19.99,credit_card,Asia,0
2241,83,20.0,18,0.10526315789473684,27.04457831325301,-0.03907897170334765,83,2,2.0,1.0,0.0,0.44115942028985505,1.0,34.63,69.26,0.0,6,0.9586450339485009,0.25404535915469867,1.0,4.533508541392904,2,0.0,0,Basic,Monthly,9.99,paypal,Europe,0
2242,653,22.0,25,-0.11538461538461539,25.319601837672284,0.11437304833531238,673,1,62.0,1.0,2.0,1.9908016877637131,-0.3333333333333333,37.86822580645161,2347.83,-0.951665440790165,6,0.7329409123199361,0.2560140345234597,1.0,31.143232588699078,1,3.0,0,Basic,Annual,9.99,credit_card,South America,0
2243,31,16.0,13,0.21428571428571427,43.190322580645166,0.3032031091241616,33,1,4.0,1.0,3.0,1.8732307692307693,-0.5,75.355,301.42,-0.8976566757493187,6,0.9158109397792509,0.2333126789543672,1.0,2.135348226018397,1,1.0,0,Standard,Annual,19.99,credit_card,Europe,0
2244,296,11.0,15,-0.25,12.9625,-0.043019480519480645,308,2,16.0,0.0,0.0,0.7527666151468315,0.0,21.15125,338.42,0.0,6,1.4844076153009509,0.24699724170514123,0.9953632148377125,21.254927726675426,2,3.0,0,Standard,Monthly,19.99,bank_transfer,Asia,0
2245,607,10.0,22,-0.5217391304347826,37.107248764415154,-0.12334513042338455,628,1,53.0,2.0,1.0,1.6462448979591837,0.5,26.893396226415092,1425.35,0.6764112903225805,6,0.8904767407060487,0.25963489498487735,1.0,32.19448094612352,1,8.0,0,Standard,Monthly,19.99,credit_card,Asia,0
2246,133,6.0,9,-0.3,18.258646616541355,-0.24507119386637466,147,2,23.0,1.0,2.0,1.7286913580246914,-0.3333333333333333,27.597391304347827,634.74,-0.7574906367041199,6,2.3438982987250485,0.2847711415950526,0.9679012345679013,13.304862023653088,2,1.0,0,Standard,Monthly,19.99,credit_card,Europe,0
2247,535,13.0,19,-0.3,35.71719626168225,-0.10015739018457571,559,1,59.0,2.0,1.0,2.1955501222493887,0.5,40.24389830508474,2374.39,-0.7587352362204725,6,0.8461372300448539,0.2571997553776954,1.0,26.872536136662287,1,1.0,0,Standard,Monthly,19.99,apple_pay,North America,0
2248,158,12.0,13,-0.07142857142857142,40.08354430379747,-0.2009219274796078,166,2,17.0,2.0,2.0,1.5539939939939942,0.0,32.124117647058824,546.11,-0.27018079959256447,6,1.516160787281439,0.27099250052720364,1.0,10.939553219448094,2,3.0,0,Basic,Monthly,9.99,bank_transfer,South America,0
2249,318,11.0,13,-0.14285714285714285,23.01635220125786,0.0038357084861551745,339,2,47.0,0.0,1.0,2.388447412353923,-0.5,41.685531914893616,1959.22,0.0,6,1.1211333252236997,0.24148483687630778,1.0,19.678055190538764,2,1.0,0,Standard,Monthly,19.99,apple_pay,Europe,0
2250,576,23.0,18,0.2631578947368421,28.37152777777778,-0.04820950853767932,584,1,38.0,2.0,1.0,1.3497316219369895,0.5,47.48368421052632,1804.38,-0.8213585179803851,6,0.828091178714788,0.24199089857430087,1.0,28.153745072273324,1,7.0,0,Basic,Monthly,9.99,bank_transfer,Europe,0
2251,400,18.0,17,0.05555555555555555,28.05375,-0.13145362547794034,412,2,31.0,1.0,3.0,1.4630077519379845,-0.5,34.526774193548384,1070.33,-0.9275321879858094,6,0.9437443370357362,0.2540923839379562,0.9984496124031008,21.1892247043364,2,8.0,0,Premium,Monthly,39.99,paypal,North America,0
2252,53,5.0,7,-0.25,29.077358490566034,0.09729729729729739,59,2,7.0,0.0,1.0,1.0654000000000001,-0.5,20.658571428571427,144.60999999999999,0.0,6,2.782768253566051,0.3855988264235771,0.98,6.570302233902759,2,0.0,0,Basic,Monthly,9.99,credit_card,Europe,1
2253,61,15.0,13,0.14285714285714285,12.552459016393444,0.04099616858237547,65,1,5.0,0.0,1.0,1.1028985507246376,-0.5,69.764,348.82,0.0,6,1.6219446245415918,0.21178487747823205,1.0,4.533508541392904,1,1.0,0,Basic,Monthly,9.99,credit_card,Europe,0
2254,362,15.0,16,-0.058823529411764705,38.824585635359114,0.03471435668156974,396,2,52.0,0.0,0.0,1.9070843373493975,0.0,40.5725,2109.77,0.0,6,1.4457483415323809,0.25367381160807,1.0,27.266754270696453,2,12.0,0,Premium,Monthly,39.99,paypal,North America,0
2255,92,7.0,12,-0.38461538461538464,39.2,-0.4011786532794936,98,4,13.0,0.0,0.0,1.6557322175732219,0.0,37.28,484.64,0.0,6,1.9248108757009077,0.2911424598439215,0.9958158995815899,7.851511169513797,4,1.0,0,Basic,Monthly,9.99,credit_card,North America,1
2256,435,23.0,18,0.2631578947368421,38.480229885057476,-0.0546633941093969,449,1,35.0,1.0,0.0,1.616691957511381,1.0,36.88171428571429,1290.8600000000001,0.0,6,0.7765617157921217,0.24625090331322985,1.0,21.64914586070959,1,5.0,0,Basic,Monthly,9.99,credit_card,Europe,0
2257,436,11.0,13,-0.14285714285714285,31.564449541284404,-0.3001540832049307,447,1,17.0,0.0,1.0,0.6668556701030928,-0.5,19.64117647058824,333.90000000000003,0.0,6,1.1962302858397353,0.25949311047077056,1.0,25.492772667542706,1,3.0,0,Basic,Monthly,9.99,apple_pay,Europe,1
2258,434,16.0,18,-0.10526315789473684,34.327880184331796,-0.06383381262297572,444,2,24.0,2.0,0.0,0.8564595545134819,2.0,40.399166666666666,969.58,0.0,6,1.263008772176881,0.2528505539935049,1.0,28.02233902759527,2,1.0,0,Standard,Monthly,19.99,credit_card,Asia,0
2259,211,13.0,13,0.0,19.929857819905212,0.044802867383512635,233,1,38.0,1.0,3.0,2.1742857142857144,-0.5,44.58052631578947,1694.06,-0.8213465276550628,6,1.5559189291178264,0.25810026402277675,1.0,17.47700394218134,1,2.0,0,Premium,Annual,39.99,credit_card,Oceania,0
2260,82,7.0,4,0.6,19.24390243902439,-0.22289156626506018,97,9,22.0,3.0,3.0,3.1293457943925236,0.0,55.13636363636363,1213.0,13.144527736131934,6,1.459992790176863,0.28544602720750883,0.9813084112149533,7.030223390275952,9,3.0,0,Basic,Annual,9.99,credit_card,North America,1
2261,384,18.0,17,0.05555555555555555,31.72473958333333,-0.06794900553312389,391,1,17.0,1.0,0.0,0.7576573938506589,1.0,48.317647058823525,821.4,0.0,6,1.1192669710580594,0.2603881615654906,1.0,22.437582128777922,1,4.0,0,Basic,Monthly,9.99,credit_card,North America,0
2262,251,15.0,12,0.23076923076923078,38.920717131474106,-0.09626131444313266,266,2,22.0,0.0,1.0,1.1894849023090586,-0.5,31.05363636363636,683.18,0.0,6,1.5307501795080862,0.25487572566316685,1.0,18.495400788436267,2,4.0,0,Basic,Monthly,9.99,paypal,North America,0
2263,262,16.0,20,-0.19047619047619047,30.799236641221373,-0.012719094152319022,282,1,35.0,1.0,5.0,2.214968814968815,-0.6666666666666666,44.51314285714286,1557.96,-0.9261468095601094,6,1.2219293502741948,0.2434372955369385,1.0,15.801576872536137,1,6.0,0,Basic,Monthly,9.99,bank_transfer,North America,0
2264,31,10.0,9,0.1,29.725806451612904,-0.048717948717948815,32,1,1.0,1.0,0.0,0.3667469879518072,1.0,3.71,3.71,0.0,6,2.4296554913097483,0.2763368510871939,1.0,2.726675427069645,1,0.0,0,Standard,Annual,19.99,credit_card,North America,0
2265,116,21.0,19,0.1,40.195689655172416,-0.05318899506482084,119,2,13.0,4.0,0.0,2.3554761904761907,4.0,35.894615384615385,466.63,0.0,6,0.7423373589242191,0.2490456846284569,1.0,5.519053876478318,2,0.0,0,Premium,Monthly,39.99,credit_card,North America,0
2266,500,13.0,13,0.0,43.098,0.05173362685745725,529,2,47.0,5.0,4.0,1.5028151260504203,0.2,44.56744680851064,2094.67,-0.17717864783359527,6,1.1415224171189118,0.25479246395805505,1.0,31.274638633377133,2,11.0,0,Basic,Annual,9.99,credit_card,Europe,0
2267,73,16.0,18,-0.10526315789473684,24.817808219178083,-0.041448058761804796,75,1,5.0,1.0,3.0,1.2683333333333333,-0.5,47.43599999999999,237.17999999999998,-0.9035096017406111,6,1.044457879536144,0.20001391648122385,1.0,3.9421813403416555,1,0.0,0,Standard,Annual,19.99,paypal,North America,0
2268,124,18.0,14,0.26666666666666666,31.63951612903226,0.101028433151845,128,1,9.0,2.0,1.0,1.1091497975708502,0.5,71.99555555555555,647.96,3.0075757575757573,6,1.484031571863184,0.24011153790326106,1.0,8.114323258869907,1,2.0,0,Basic,Monthly,9.99,bank_transfer,Europe,0
2269,352,11.0,14,-0.2,23.058238636363637,-0.14048610178595405,379,3,28.0,0.0,0.0,1.0086627218934912,0.0,50.80428571428571,1422.52,0.0,6,1.6318174627677409,0.24489324375898772,0.9857988165680474,27.75952693823916,3,9.0,0,Basic,Annual,9.99,credit_card,North America,0
2270,176,10.0,11,-0.08333333333333333,45.37613636363636,-0.10155945419103311,201,1,31.0,0.0,0.0,1.522,0.0,36.81903225806452,1141.39,0.0,6,2.395955553651899,0.2429772337465757,0.9596774193548387,20.367936925098554,1,6.0,0,Basic,Monthly,9.99,credit_card,North America,0
2271,361,6.0,12,-0.46153846153846156,39.07645429362881,-0.1207676987144667,420,15,78.0,0.0,2.0,2.216918767507003,-0.6666666666666666,51.68205128205128,4031.2,0.0,6,2.0205971402843517,0.25377439691284076,0.9607843137254902,35.183968462549274,15,7.0,0,Standard,Monthly,19.99,bank_transfer,Oceania,0
2272,583,23.0,17,0.3333333333333333,16.55214408233276,-0.06977120576767461,610,1,56.0,1.0,1.0,1.7812330198537096,0.0,38.90107142857143,2178.46,0.4076127124907615,6,0.9400483542378262,0.2651961018822801,1.0,31.438896189224703,1,6.0,0,Basic,Annual,9.99,credit_card,Asia,0
2273,302,23.0,17,0.3333333333333333,39.203973509933775,-0.0508811359960259,303,1,12.0,1.0,1.0,0.8397241379310345,0.0,27.514166666666668,330.17,0.7457010582010583,6,0.7779679995142762,0.2541780033722183,1.0,14.290407358738502,1,2.0,0,Standard,Monthly,19.99,paypal,South America,0
2274,25,7.0,12,-0.38461538461538464,39.796,0.06323848042756013,25,4,0.0,0.0,0.0,0.0,0.0,0.0,0.0,0.0,6,2.0989990713312086,0.2387697815847579,0.9333333333333333,2.463863337713535,4,0.0,0,Premium,Annual,39.99,credit_card,Europe,0
2275,561,21.0,16,0.29411764705882354,38.17076648841355,-0.1997314535078886,600,2,78.0,2.0,4.0,2.531257995735608,-0.4,37.232948717948716,2904.17,-0.5572745490981965,6,0.9479800186539172,0.2677109222734819,1.0,30.814717477003942,2,11.0,0,Basic,Monthly,9.99,bank_transfer,Asia,0
2276,94,16.0,19,-0.15,28.15744680851064,0.024432447397563714,101,1,13.0,2.0,3.0,2.3006976744186045,-0.25,83.40461538461538,1084.26,-0.3311004398531133,6,1.0719565798533583,0.25279975004117855,1.0,5.650459921156373,1,2.0,0,Basic,Annual,9.99,credit_card,North America,0
2277,162,12.0,13,-0.07142857142857142,40.35,-0.01125564267046819,169,1,16.0,0.0,1.0,1.309247311827957,-0.5,22.441875,359.07,0.0,6,1.4512194610573887,0.24062981547766138,1.0,12.220762155059132,1,0.0,0,Basic,Monthly,9.99,apple_pay,Europe,0
2278,384,8.0,10,-0.18181818181818182,41.352864583333336,0.060220274751302795,428,2,53.0,2.0,2.0,1.5292132701421803,0.0,48.48094339622641,2569.49,-0.2068521104070455,6,1.9369082338029477,0.24525362687757954,0.9753554502369668,34.65834428383705,2,12.0,0,Basic,Annual,9.99,bank_transfer,Europe,0
2279,434,18.0,15,0.1875,28.612672811059905,-0.05840124175397744,472,2,57.0,1.0,1.0,1.761502538071066,0.0,33.142105263157895,1889.1,0.7338603425559945,6,1.495689549848239,0.24349857249036083,0.9949238578680203,32.35873850197109,2,4.0,0,Basic,Monthly,9.99,bank_transfer,South America,0
2280,160,14.0,15,-0.0625,20.380000000000003,-0.09692125275983321,175,1,19.0,2.0,3.0,1.9806849315068493,-0.25,35.683684210526316,677.99,-0.26792076385919905,6,1.0095714944232543,0.24211146235208653,1.0,9.592641261498029,1,3.0,0,Premium,Annual,39.99,credit_card,Europe,0
2281,301,5.0,4,0.2,33.61461794019934,-0.18172790466732866,310,6,13.0,0.0,0.0,0.6617391304347827,0.0,24.244615384615386,315.18,0.0,6,1.698586861760357,0.2592794334033381,0.9715719063545151,19.64520367936925,6,6.0,0,Standard,Monthly,19.99,credit_card,Asia,1
2282,139,3.0,15,-0.75,16.340287769784172,-0.6225319396051104,142,3,4.0,0.0,1.0,0.4287323943661972,-0.5,30.6775,122.71,0.0,6,1.4564950782159463,0.3013157421202351,0.9859154929577465,9.329829172141919,3,5.0,0,Basic,Annual,9.99,credit_card,Asia,1
2283,316,16.0,14,0.13333333333333333,30.17658227848101,-0.1374140988694303,338,1,46.0,3.0,3.0,2.377317487266554,0.0,28.179565217391303,1296.26,-0.7658759945954061,6,1.0606102125149732,0.2585651946232019,1.0,19.349540078843624,1,3.0,0,Premium,Monthly,39.99,credit_card,Europe,0
2284,598,17.0,17,0.0,44.32792642140468,0.0399730820995963,610,2,49.0,2.0,1.0,1.8101456310679613,0.5,31.27285714285714,1532.37,21.75338753387534,6,0.7119750240565353,0.2526300759986251,1.0,27.069645203679368,2,4.0,0,Premium,Monthly,39.99,paypal,Asia,0
2285,652,21.0,23,-0.08333333333333333,13.245092024539876,0.12296108449954597,659,2,38.0,0.0,3.0,1.2049166666666666,-0.75,34.72315789473684,1319.48,0.0,6,0.8486108434016085,0.2533850484676721,1.0,31.537450722733244,2,3.0,0,Premium,Monthly,39.99,credit_card,Oceania,0
2286,179,12.0,12,0.0,12.405027932960893,0.020606060606060597,186,1,9.0,0.0,1.0,0.5026788990825689,-0.5,18.774444444444445,168.97,0.0,6,2.1291027995155183,0.27024372068187397,0.963302752293578,17.904073587385017,1,2.0,0,Standard,Monthly,19.99,bank_transfer,Asia,0
2287,39,10.0,10,0.0,16.512820512820515,0.0942343459392435,40,3,5.0,2.0,3.0,1.3711711711711712,-0.25,73.90599999999999,369.53,-0.8518495627182546,6,1.6982168945051532,0.21760556911535534,0.8828828828828829,3.6465177398160313,3,0.0,0,Premium,Monthly,39.99,paypal,Europe,0
2288,417,22.0,15,0.4375,43.57601918465228,0.10871293480989712,421,1,24.0,1.0,2.0,1.1651674641148326,-0.3333333333333333,35.02041666666667,840.49,-0.038172588832487364,6,0.8503290178351935,0.26008707477551324,1.0,20.59789750328515,1,3.0,0,Standard,Monthly,19.99,credit_card,North America,0
2289,207,13.0,8,0.5555555555555556,17.337681159420292,0.014492753623188406,236,2,46.0,3.0,4.0,2.2368051118210865,-0.2,33.34282608695652,1533.77,-0.2669804121088782,6,2.133454374634912,0.24203904951516447,0.9840255591054313,20.565045992115635,2,5.0,0,Basic,Annual,9.99,credit_card,Asia,0
2290,347,13.0,14,-0.06666666666666667,26.7328530259366,-0.14818793869073205,376,1,58.0,2.0,3.0,2.7716169544740974,-0.25,36.09448275862069,2093.48,-0.39294670846394975,6,1.1058231864932546,0.25392505264468085,1.0,20.92641261498029,1,9.0,0,Basic,Monthly,9.99,credit_card,Asia,0
2291,248,11.0,15,-0.25,23.335483870967742,-0.2336320277496747,262,1,19.0,4.0,0.0,0.88434250764526,4.0,38.345263157894735,728.56,0.0,6,1.832637919712631,0.2486820122664678,0.9740061162079511,21.48488830486202,1,1.0,0,Standard,Annual,19.99,credit_card,Europe,0
2292,600,15.0,15,0.0,39.17133333333333,-0.15382129584747126,634,2,70.0,2.0,2.0,2.006403013182674,0.0,34.68857142857143,2428.2,0.8395549174443647,6,1.0650967935520461,0.2623773276617294,1.0,34.88830486202365,2,12.0,0,Basic,Monthly,9.99,paypal,Europe,0
2293,161,17.0,21,-0.18181818181818182,14.112422360248447,-0.2509688241078143,165,2,17.0,2.0,4.0,1.8681588447653432,-0.4,31.126470588235293,529.15,-0.6403855195110484,6,1.157052295044181,0.29312950806234855,1.0,9.099868593955321,2,1.0,0,Basic,Monthly,9.99,apple_pay,South America,1
2294,338,16.0,13,0.21428571428571427,42.23461538461538,0.010077227349783417,362,1,31.0,1.0,1.0,1.5494909688013137,0.0,29.00032258064516,899.01,-0.7082621082621082,6,1.030102476024163,0.24289111042944322,1.0,20.006570302233904,1,4.0,0,Premium,Monthly,39.99,credit_card,North America,0
2295,173,9.0,19,-0.5,14.89364161849711,-0.1777043462297489,175,7,5.0,0.0,1.0,0.48012618296529974,-0.5,44.833999999999996,224.17,0.0,6,1.2204925316442332,0.29672157376104213,1.0,10.413929040735873,7,2.0,0,Standard,Monthly,19.99,paypal,Asia,1
2296,236,5.0,6,-0.14285714285714285,35.83686440677966,-0.021818181818181785,251,14,18.0,0.0,1.0,0.7861119081779053,-0.5,35.087222222222216,631.5699999999999,0.0,6,2.2128358660960656,0.24258558777883246,0.9540889526542324,22.897503285151117,14,4.0,0,Standard,Monthly,19.99,bank_transfer,Europe,0
2297,384,15.0,17,-0.1111111111111111,37.82213541666667,-0.07677089980855131,399,6,49.0,3.0,0.0,2.3269266770670827,3.0,53.61591836734694,2627.1800000000003,0.0,6,1.0332895542943468,0.26389634819186963,1.0,21.057818659658345,6,3.0,0,Basic,Annual,9.99,credit_card,Europe,0
2298,119,7.0,7,0.0,26.441176470588236,0.013520038628681869,140,1,25.0,1.0,5.0,1.6226012793176972,-0.6666666666666666,45.7544,1143.86,-0.9261955706227248,6,2.5590513112879565,0.2584954167807791,0.9701492537313433,15.407358738501971,1,1.0,0,Basic,Monthly,9.99,credit_card,South America,0
2299,412,12.0,17,-0.2777777777777778,15.959223300970873,0.1797112965170176,449,1,63.0,2.0,2.0,1.8160227272727272,0.0,41.43063492063492,2610.13,-0.7775233321811268,6,1.8588738721460203,0.25572447906792306,0.9744318181818181,34.69119579500657,1,1.0,0,Basic,Annual,9.99,bank_transfer,North America,0
2300,514,21.0,17,0.2222222222222222,44.87354085603113,-0.12130888892491067,536,1,55.0,1.0,0.0,1.8896162528216705,1.0,33.658727272727276,1851.23,0.0,6,1.023166156527682,0.24613517602813462,1.0,29.106438896189225,1,12.0,0,Basic,Monthly,9.99,paypal,North America,0
2301,69,9.0,13,-0.2857142857142857,29.884057971014492,0.19506899833452307,78,2,9.0,0.0,3.0,1.5052747252747254,-0.75,36.336666666666666,327.03,0.0,6,1.4978909757576897,0.29329393851508595,1.0,5.978975032851511,2,4.0,0,Basic,Monthly,9.99,credit_card,North America,0
2302,152,4.0,8,-0.4444444444444444,12.174342105263158,-0.1665116279069768,180,13,41.0,1.0,3.0,2.5111468812877265,-0.5,33.81804878048781,1386.54,-0.4863063625950224,6,2.0123902189488985,0.25316088870871045,0.971830985915493,16.327201051248355,13,8.0,0,Standard,Monthly,19.99,paypal,North America,1
2303,220,18.0,17,0.05555555555555555,37.93545454545454,0.0014009148142523312,225,2,14.0,0.0,3.0,1.161198910081744,-0.75,43.36357142857143,607.09,0.0,6,0.9983069428196917,0.24851738167027687,1.0,12.056504599211562,2,5.0,0,Basic,Monthly,9.99,paypal,North America,0
2304,362,19.0,25,-0.23076923076923078,25.272375690607735,-0.005862051464244043,375,1,38.0,3.0,2.0,2.1620934579439255,0.3333333333333333,45.394473684210524,1724.99,5.807797537619699,6,0.7810606697368343,0.26916344572694156,1.0,17.57555847568988,1,12.0,0,Standard,Annual,19.99,credit_card,North America,0
2305,249,6.0,4,0.4,35.45502008032128,0.028957937011202865,303,1,64.0,3.0,2.0,1.8553904761904765,0.3333333333333333,31.69109375,2028.23,-0.40095525389643044,6,3.171163885684626,0.25253641712595415,0.8666666666666667,34.49408672798948,1,8.0,0,Basic,Monthly,9.99,credit_card,North America,0
2306,175,10.0,15,-0.3125,13.71542857142857,-0.3564895470383275,182,4,9.0,0.0,0.0,0.7526373626373627,0.0,57.07555555555555,513.68,0.0,6,1.3762878337580855,0.26417599758782595,0.9807692307692307,11.957950065703022,4,3.0,0,Premium,Monthly,39.99,credit_card,Europe,1
2307,298,18.0,19,-0.05,27.514093959731547,-0.04249839666506342,303,1,14.0,3.0,2.0,0.9598198198198199,0.3333333333333333,41.21071428571428,576.9499999999999,8.719749908054432,6,0.7625433462064161,0.25578442041980826,1.0,14.586070959264125,1,1.0,0,Standard,Monthly,19.99,paypal,Europe,0
2308,66,20.0,22,-0.08695652173913043,23.206060606060603,0.07171945701357471,68,1,9.0,0.0,5.0,2.8537500000000002,-0.8333333333333334,66.14,595.26,0.0,6,0.7189997575027474,0.2840837075387765,1.0,3.1537450722733245,1,1.0,0,Standard,Annual,19.99,credit_card,Europe,0
2309,493,23.0,24,-0.04,15.160040567951318,0.1264433357091946,500,1,25.0,2.0,0.0,1.0026350461133071,2.0,21.7808,544.52,0.0,6,0.9490738862276118,0.25759368872729793,1.0,24.93429697766097,1,1.0,0,Basic,Annual,9.99,credit_card,Europe,0
2310,398,20.0,17,0.16666666666666666,24.967336683417084,-0.07261509746992946,414,1,34.0,1.0,1.0,1.3354322580645162,0.0,27.003823529411765,918.13,-0.7807180178661722,6,1.2613107534451562,0.2447332049677445,1.0,25.45992115637319,1,8.0,0,Standard,Monthly,19.99,paypal,North America,0
2311,193,17.0,18,-0.05263157894736842,34.05544041450777,0.031365412407001005,208,1,21.0,3.0,1.0,1.6646875,1.0,17.65142857142857,370.68,4.551971326164874,6,1.2155095777513916,0.235449907758313,1.0,12.614980289093298,1,2.0,0,Standard,Monthly,19.99,bank_transfer,North America,0
2312,80,17.0,16,0.058823529411764705,38.385000000000005,0.019797199420569886,81,1,7.0,0.0,2.0,1.3926797385620915,-0.6666666666666666,45.49571428571429,318.47,0.0,6,1.062597724470852,0.27033384011140876,1.0,5.026281208935611,1,1.0,0,Premium,Monthly,39.99,paypal,Asia,0
2313,216,24.0,10,1.2727272727272727,12.372685185185185,0.018627450980392073,224,1,12.0,0.0,1.0,1.031864406779661,-0.5,18.683333333333334,224.2,0.0,6,0.9823103091227741,0.2495567096960037,1.0,11.629434954007884,1,2.0,0,Basic,Annual,9.99,bank_transfer,Oceania,0
2314,643,18.0,23,-0.20833333333333334,31.872006220839815,-0.01723049734915451,657,1,24.0,0.0,1.0,0.7447094801223243,-0.5,52.815,1267.56,0.0,6,0.8306733130684563,0.2447600562942967,1.0,32.22733245729303,1,15.0,0,Standard,Monthly,19.99,bank_transfer,North America,0
2315,269,6.0,7,-0.125,15.254275092936801,0.1450015475085113,303,9,51.0,3.0,0.0,1.620501043841336,3.0,37.6835294117647,1921.86,0.0,6,2.3447669049787048,0.24805604082264468,0.964509394572025,31.471747700394218,9,6.0,0,Basic,Annual,9.99,credit_card,North America,0
2316,226,10.0,11,-0.08333333333333333,40.27433628318584,0.06759410801964004,243,1,22.0,0.0,1.0,1.1958571428571427,-0.5,52.95181818181818,1164.94,0.0,6,1.7680566972687946,0.2549523568037371,0.9875,18.396846254927727,1,5.0,0,Premium,Monthly,39.99,credit_card,North America,0
2317,22,9.0,13,-0.2857142857142857,27.3,-0.3602935496330629,24,2,2.0,1.0,1.0,1.1937254901960785,0.0,49.815,99.63,5.3538350217076704,6,1.7815479346563372,0.38051438009201904,1.0,1.6754270696452036,2,1.0,0,Basic,Monthly,9.99,credit_card,Asia,1
2318,384,13.0,14,-0.06666666666666667,20.094791666666666,-0.02674572146130547,401,2,38.0,2.0,1.0,1.5160157273918742,0.5,46.32684210526316,1760.42,0.2552681992337164,6,1.2577180274574573,0.24862038159652838,1.0,25.065703022339026,2,4.0,0,Premium,Monthly,39.99,bank_transfer,Asia,0
2319,370,13.0,12,0.07692307692307693,37.72891891891892,0.10372432996867377,418,2,58.0,2.0,3.0,2.163627450980392,-0.25,36.980862068965514,2144.89,0.24658062030437305,6,1.387652250297252,0.2599429616604435,1.0,26.806833114323258,2,11.0,0,Basic,Annual,9.99,bank_transfer,North America,0
2320,130,19.0,15,0.25,44.87307692307692,0.015173927565968496,133,1,5.0,1.0,1.0,0.658874458874459,0.0,86.452,432.26,18.840336134453782,6,1.1094404897622265,0.22829082728449715,1.0,7.588699080157687,1,5.0,0,Standard,Monthly,19.99,paypal,North America,0
2321,306,17.0,11,0.5,24.87908496732026,-0.08889376646180862,321,2,23.0,1.0,1.0,1.0161393323657475,0.0,38.69869565217392,890.07,-0.4162062615101289,6,1.5467853964580622,0.27450145833157474,1.0,22.634691195795007,2,6.0,0,Premium,Monthly,39.99,credit_card,North America,0
2322,100,21.0,23,-0.08333333333333333,25.112,-0.11547219239526921,102,1,5.0,0.0,0.0,1.079432624113475,0.0,34.33,171.65,0.0,6,0.7066865929066856,0.2296642398387329,1.0,4.6320630749014455,1,1.0,0,Basic,Annual,9.99,credit_card,North America,0
2323,575,19.0,20,-0.047619047619047616,29.308347826086955,-0.04032645601430613,582,3,23.0,0.0,4.0,0.8001371428571429,-0.8,43.48652173913043,1000.1899999999999,0.0,6,0.8420516505857223,0.24490845892991597,1.0,28.74507227332457,3,4.0,0,Premium,Monthly,39.99,credit_card,Europe,0
2324,320,9.0,7,0.25,18.266875,-0.08596491228070173,343,1,29.0,1.0,1.0,0.9224242424242425,0.0,44.78241379310345,1298.69,0.4938590820943761,6,2.08088115188415,0.25161945403320957,0.9582027168234064,31.438896189224703,1,10.0,0,Basic,Monthly,9.99,paypal,North America,0
2325,319,8.0,8,0.0,38.3282131661442,0.13684559310801858,352,5,42.0,1.0,1.0,1.1959588400374181,0.0,37.96595238095238,1594.57,9.934753661784288,6,2.322963175807555,0.25422856864204585,0.9363891487371374,35.11826544021025,5,2.0,0,Standard,Monthly,19.99,credit_card,North America,0
2326,426,8.0,15,-0.4375,12.949295774647887,-0.18448589626933587,475,2,73.0,3.0,2.0,2.1806869479882236,0.3333333333333333,33.90986301369863,2475.42,-0.7059605911330049,6,1.5380691996810376,0.26198431965326463,0.9960745829244356,33.47568988173456,2,14.0,0,Basic,Monthly,9.99,credit_card,Asia,0
2327,161,10.0,11,-0.08333333333333333,18.1416149068323,-0.1006650831353919,194,3,44.0,2.0,2.0,2.08298600311042,0.0,48.52431818181819,2135.07,-0.3197089332714042,6,2.7062483671172983,0.24862243010830415,0.9144634525660964,21.12352168199737,3,4.0,0,Standard,Monthly,19.99,credit_card,Europe,0
2328,97,9.0,16,-0.4117647058823529,17.477319587628866,-0.039766081871345074,104,1,19.0,3.0,2.0,2.126323529411765,0.3333333333333333,40.67,772.73,-0.31057837024295853,6,2.202658345797514,0.2680797961646817,0.9264705882352942,8.935611038107753,1,2.0,0,Basic,Annual,9.99,paypal,North America,0
2329,52,12.0,11,0.08333333333333333,28.09423076923077,0.10728476821192066,55,1,4.0,0.0,1.0,1.0775221238938053,-0.5,11.692499999999999,46.769999999999996,0.0,6,1.4902431339157676,0.23491459698861436,1.0,3.712220762155059,1,0.0,0,Basic,Monthly,9.99,credit_card,North America,0
2330,83,9.0,7,0.25,21.18192771084337,-0.1913111240989675,87,1,8.0,1.0,2.0,1.0727753303964758,-0.3333333333333333,43.87875,351.03,-0.7912139087239988,6,1.9473578157031903,0.224498397756624,0.9867841409691629,7.457293035479632,1,2.0,0,Standard,Monthly,19.99,credit_card,North America,0
2331,51,9.0,12,-0.23076923076923078,13.911764705882353,-0.014200298953662132,55,2,8.0,0.0,1.0,1.9024999999999999,-0.5,23.41,187.28,0.0,6,1.6668762970890625,0.2585446483774995,1.0,4.204993429697766,2,3.0,0,Basic,Annual,9.99,credit_card,Europe,0
2332,674,20.0,20,0.0,16.12299703264095,-0.08197226502311247,700,1,72.0,3.0,0.0,2.247876923076923,3.0,29.553333333333335,2127.84,0.0,6,0.7422909784693359,0.2545991370199986,1.0,32.03022339027595,1,3.0,0,Premium,Monthly,39.99,credit_card,North America,0
2333,715,10.0,15,-0.3125,38.52671328671328,-0.5114075114075114,730,3,54.0,3.0,0.0,1.5729760765550238,3.0,36.08166666666667,1948.41,0.0,6,0.8292487969742235,0.2632939850182157,1.0,34.32982917214192,3,11.0,0,Premium,Monthly,39.99,paypal,North America,1
2334,21,4.0,13,-0.6428571428571429,21.242857142857144,-0.2552083333333332,25,14,7.0,2.0,5.0,3.0881159420289856,-0.5,24.807142857142857,173.65,-0.5458233297458399,6,1.7997584378973221,0.28914170708779735,0.9130434782608695,2.266754270696452,14,0.0,0,Premium,Monthly,39.99,credit_card,South America,1
2335,275,8.0,12,-0.3076923076923077,12.34509090909091,0.09042865531415135,296,1,36.0,0.0,1.0,1.484878048780488,-0.5,42.57861111111111,1532.83,0.0,6,1.9741030623949174,0.2636123339717396,0.9769647696476964,24.24441524310118,1,7.0,0,Basic,Monthly,9.99,paypal,North America,0
2336,373,23.0,19,0.2,35.8485254691689,0.05212897427255381,382,1,40.0,3.0,3.0,2.23003663003663,0.0,51.07225,2042.8899999999999,-0.7686876666337514,6,0.7633148349330696,0.2492102656293222,1.0,17.936925098554532,1,5.0,0,Standard,Monthly,19.99,apple_pay,Asia,0
2337,386,17.0,21,-0.18181818181818182,25.003108808290158,-0.06529187614076656,408,1,35.0,0.0,4.0,1.57603550295858,-0.8,23.23857142857143,813.35,0.0,6,1.0120490260554487,0.26432168447220566,1.0,22.207621550591327,1,7.0,0,Basic,Monthly,9.99,credit_card,North America,0
2338,284,12.0,13,-0.07142857142857142,19.534507042253523,-0.24057315233785828,312,1,44.0,2.0,6.0,1.7371725032425422,-0.5714285714285714,32.468636363636364,1428.62,3.6098745447187377,6,1.7685141675290474,0.258507116592751,0.9987029831387808,25.328515111695136,1,2.0,0,Basic,Monthly,9.99,credit_card,North America,0
2339,479,10.0,14,-0.26666666666666666,12.955949895615866,0.14858638743455488,486,3,12.0,1.0,0.0,0.3974755168661589,1.0,34.497499999999995,413.96999999999997,0.0,6,1.271722725800736,0.2503478208391841,0.9902067464635474,30.190538764783177,3,5.0,0,Standard,Annual,19.99,credit_card,North America,0
2340,80,2.0,5,-0.5,25.5875,-0.3447885196374622,96,4,20.0,1.0,2.0,2.0092409240924094,-0.3333333333333333,38.777,775.54,0.8059798505037377,6,2.7390420996655385,0.2823725879803699,0.9471947194719472,9.95400788436268,4,6.0,0,Basic,Monthly,9.99,credit_card,Europe,1
2341,233,10.0,12,-0.15384615384615385,20.544206008583693,0.022328931572629045,265,10,46.0,0.0,0.0,2.3854173764906306,0.0,35.292391304347824,1623.45,0.0,6,1.773562425696674,0.2506144653774615,0.9778534923339012,19.2838370565046,10,7.0,0,Premium,Annual,39.99,credit_card,Asia,0
2342,255,9.0,7,0.25,40.787058823529414,0.0771721759609723,270,1,36.0,2.0,4.0,1.9852173913043478,-0.4,40.69972222222222,1465.19,-0.5358503881439662,6,1.5471021105130691,0.24259329903439017,1.0,18.134034165571617,1,1.0,0,Premium,Annual,39.99,credit_card,North America,0
2343,239,16.0,18,-0.10526315789473684,12.215062761506276,0.09806629834254146,246,4,19.0,1.0,0.0,1.370521327014218,1.0,35.108947368421056,667.07,0.0,6,0.8945393988148972,0.24253197684838998,0.9952606635071091,13.863337713534822,4,0.0,0,Standard,Monthly,19.99,apple_pay,Asia,0
2344,311,22.0,22,0.0,19.734405144694534,0.09978818545540138,321,1,23.0,4.0,0.0,1.5697757847533633,4.0,34.05739130434783,783.32,0.0,6,0.7515331769040278,0.25391360867162627,1.0,14.651773981603153,1,6.0,0,Basic,Monthly,9.99,credit_card,South America,0
2345,230,23.0,18,0.2631578947368421,25.999565217391304,-0.023318982242835358,237,1,23.0,2.0,2.0,2.089910447761194,0.0,33.63260869565217,773.55,-0.8485360861439887,6,0.8129407733936093,0.23605411995208023,1.0,11.005256241787121,1,2.0,0,Premium,Monthly,39.99,credit_card,South America,0
2346,275,5.0,10,-0.45454545454545453,35.72727272727273,-0.5445714285714285,310,11,59.0,0.0,1.0,2.565657142857143,-0.5,38.24677966101695,2256.56,0.0,6,1.7005404833544118,0.2650589686144619,0.96,22.996057818659658,11,1.0,0,Basic,Monthly,9.99,paypal,Europe,1
2347,169,18.0,14,0.26666666666666666,22.344970414201185,0.01907486886027652,175,1,15.0,1.0,1.0,1.6848708487084871,0.0,42.27466666666667,634.12,-0.6860562204286111,6,0.9776588818413299,0.26487229183834504,1.0,8.902759526938238,1,2.0,0,Basic,Annual,9.99,credit_card,North America,0
2348,106,17.0,15,0.125,23.504716981132077,0.02401086352694275,114,4,14.0,1.0,1.0,1.7323577235772356,0.0,25.138571428571428,351.94,5.457409568261377,6,1.6139307419928006,0.2611650813437698,0.9674796747967479,8.081471747700395,4,0.0,0,Standard,Annual,19.99,paypal,Europe,0
2349,22,2.0,14,-0.8,26.645454545454548,-0.18561112596951052,25,11,4.0,1.0,3.0,1.6454054054054055,-0.5,139.015,556.06,-0.7899564170949066,6,2.683484107745328,0.2949690653537989,0.8513513513513514,2.431011826544021,11,1.0,0,Basic,Monthly,9.99,credit_card,North America,1
2350,197,23.0,19,0.2,30.2756345177665,0.246151488932151,205,2,24.0,1.0,1.0,2.3796742671009774,0.0,41.66416666666667,999.94,10.991715976331362,6,0.8392478222650704,0.2693262173273362,1.0,10.085413929040735,2,4.0,0,Premium,Monthly,39.99,paypal,North America,0
2351,396,13.0,12,0.07692307692307693,18.50580808080808,0.11931837702270914,434,7,56.0,2.0,1.0,1.7253441295546559,0.5,29.78982142857143,1668.23,-0.45729624206930203,6,1.7483174946499425,0.25774373828571345,0.9848178137651822,32.45729303547963,7,1.0,0,Premium,Monthly,39.99,credit_card,Europe,0
2352,160,11.0,8,0.3333333333333333,14.003125,0.056089622284460024,178,2,28.0,0.0,3.0,1.5357117117117118,-0.75,42.42714285714286,1187.96,0.0,6,2.4229789337094525,0.2213442686769212,0.9585585585585585,18.232588699080157,2,3.0,0,Basic,Monthly,9.99,paypal,South America,0
2353,340,14.0,27,-0.4642857142857143,36.83764705882353,-0.11841691894670699,349,1,28.0,1.0,2.0,1.7358859470468433,-0.3333333333333333,42.72571428571428,1196.32,-0.4638801642908915,6,0.7516695562541631,0.24662578041644556,1.0,16.130091984231274,1,8.0,0,Standard,Annual,19.99,paypal,North America,0
2354,230,12.0,14,-0.13333333333333333,25.23391304347826,-0.042231868330620315,250,2,37.0,1.0,2.0,2.0004973357015987,-0.3333333333333333,24.554324324324323,908.51,-0.8837136605189122,6,2.002581246585854,0.2368521732659586,0.9822380106571936,18.495400788436267,2,7.0,0,Standard,Annual,19.99,credit_card,North America,0
2355,204,16.0,22,-0.2608695652173913,42.07254901960784,-0.0626003009027081,205,1,12.0,1.0,2.0,1.0807100591715977,-0.3333333333333333,31.375,376.5,-0.9022880990070514,6,1.120515035917063,0.23724018542299907,1.0,11.103810775295663,1,2.0,0,Basic,Annual,9.99,credit_card,Europe,0
2356,253,15.0,18,-0.15789473684210525,38.87747035573123,0.06266829865361079,263,1,30.0,2.0,1.0,2.143661971830986,0.5,42.31766666666667,1269.53,-0.4053238199780461,6,0.9739747592326798,0.24939216705608439,1.0,13.994743758212877,1,1.0,0,Standard,Monthly,19.99,credit_card,Asia,0
2357,156,8.0,9,-0.1,21.85192307692308,-0.22219023491478576,173,2,19.0,1.0,2.0,1.421031941031941,-0.3333333333333333,48.65842105263158,924.51,-0.4624855027210278,6,1.987337516356185,0.25154372927803104,0.9803439803439803,13.370565045992116,2,6.0,0,Premium,Monthly,39.99,apple_pay,Asia,1
2358,258,12.0,13,-0.07142857142857142,26.24341085271318,-0.10538563829787236,280,1,36.0,2.0,3.0,1.8325083612040136,-0.25,44.62444444444444,1606.48,-0.2895347663740034,6,1.670252196414866,0.2481696084159547,0.9949832775919732,19.64520367936925,1,3.0,0,Standard,Annual,19.99,credit_card,Europe,0
2359,559,15.0,16,-0.058823529411764705,13.722003577817532,-0.07626748812732641,592,2,53.0,3.0,1.0,1.5957665677546984,1.0,38.444150943396224,2037.54,19.493920972644375,6,1.1129222288482288,0.24894067830435498,0.997032640949555,33.21287779237845,2,8.0,0,Premium,Monthly,39.99,paypal,North America,0
2360,578,20.0,20,0.0,19.322318339100345,0.04323780794369027,590,3,29.0,1.0,1.0,1.0584652278177458,0.0,54.79965517241379,1589.19,0.7283072546230442,6,0.7360614742563836,0.24176918355652682,0.9988009592326139,27.398160315374508,3,9.0,0,Basic,Monthly,9.99,paypal,Europe,0
2361,203,12.0,14,-0.13333333333333333,39.81773399014779,-0.07050807744481442,214,1,19.0,2.0,2.0,1.3234782608695652,0.0,76.11684210526316,1446.22,13.49506984387839,6,1.5442078576725862,0.24686846177523822,1.0,14.35611038107753,1,7.0,0,Basic,Monthly,9.99,apple_pay,North America,0
2362,259,7.0,8,-0.1111111111111111,44.257915057915056,-0.09036053703424354,286,3,40.0,2.0,2.0,1.2237185929648242,0.0,29.942,1197.68,-0.8187590951184018,6,3.166252427616005,0.26765360876751537,0.9005025125628141,32.68725361366623,3,10.0,0,Standard,Annual,19.99,paypal,Europe,0
2363,272,16.0,12,0.3076923076923077,29.146323529411767,-0.002077382498052557,280,1,14.0,0.0,1.0,0.7297260273972602,-0.5,12.638571428571428,176.94,0.0,6,1.541698419489895,0.2708139291320873,0.9948630136986301,19.185282522996058,1,1.0,0,Basic,Annual,9.99,credit_card,Asia,0
2364,155,7.0,11,-0.3333333333333333,27.936129032258066,-0.29933160415003995,163,3,12.0,0.0,1.0,1.0526801152737753,-0.5,38.041666666666664,456.5,0.0,6,1.3820743797961854,0.2974829778592513,1.0,11.399474375821287,3,1.0,0,Basic,Monthly,9.99,credit_card,North America,1
2365,270,4.0,9,-0.5,23.936666666666664,-0.5303398058252428,291,1,28.0,0.0,0.0,1.456957264957265,0.0,42.167142857142856,1180.68,0.0,6,1.580531236068293,0.2872837313794182,0.9811965811965813,19.21813403416557,1,11.0,0,Premium,Monthly,39.99,credit_card,North America,1
2366,198,5.0,9,-0.4,23.26212121212121,-0.028310940499040285,243,4,51.0,2.0,1.0,2.0838120805369127,0.5,46.37392156862745,2365.07,6.6370070778564205,6,2.2500071442338254,0.28327942867648426,0.9771812080536912,24.47437582128778,4,12.0,0,Basic,Monthly,9.99,credit_card,Europe,1
2367,52,16.0,16,0.0,30.95384615384615,-0.18710247349823317,53,1,5.0,3.0,0.0,1.5854166666666667,3.0,56.48199999999999,282.40999999999997,0.0,6,1.1327764579875144,0.29004051749262366,1.0,3.1537450722733245,1,0.0,0,Standard,Monthly,19.99,credit_card,North America,0
2368,708,21.0,17,0.2222222222222222,42.78064971751412,-0.11084391673555265,734,1,69.0,1.0,2.0,2.0254194792671165,-0.3333333333333333,35.367826086956526,2440.38,-0.9781151507080392,6,0.7389892824481819,0.2638613761612874,1.0,34.06701708278581,1,13.0,0,Standard,Monthly,19.99,credit_card,Europe,0
2369,159,17.0,12,0.38461538461538464,12.341509433962264,-0.2158576155749028,166,1,21.0,2.0,1.0,2.2508450704225353,0.5,36.53,767.13,-0.35358724534986713,6,1.2187861844837855,0.2557152939349524,1.0,9.329829172141919,1,1.0,0,Basic,Monthly,9.99,credit_card,Europe,0
2370,165,21.0,16,0.29411764705882354,39.333333333333336,-0.12022517088862102,170,1,14.0,1.0,2.0,1.5725461254612547,-0.3333333333333333,71.12214285714285,995.7099999999999,-0.8518143703917883,6,0.8403480474185832,0.25578949477480933,1.0,8.902759526938238,1,1.0,0,Basic,Monthly,9.99,credit_card,South America,0
2371,307,15.0,19,-0.2,27.64201954397394,0.1319584849710202,317,2,30.0,2.0,2.0,1.8985446985446985,0.0,35.845333333333336,1075.3600000000001,2.617616445485297,6,0.8065621460738186,0.25503326426836753,1.0,15.801576872536137,2,3.0,0,Basic,Monthly,9.99,credit_card,Europe,0
2372,460,16.0,20,-0.19047619047619047,15.85804347826087,-0.06908488862131242,471,4,10.0,0.0,0.0,0.3795511221945137,0.0,27.55,275.5,0.0,6,1.1459401323439549,0.25491644468788627,0.9950124688279302,26.346911957950066,4,12.0,0,Standard,Monthly,19.99,credit_card,South America,0
2373,299,15.0,8,0.7777777777777778,35.735785953177256,0.0476318742985409,329,1,43.0,1.0,1.0,1.556385255648038,0.0,39.374883720930235,1693.1200000000001,-0.07957957957957958,6,2.0759431092025693,0.24015761663779084,0.9821640903686089,27.628120893561103,1,2.0,0,Basic,Monthly,9.99,credit_card,North America,0
2374,205,18.0,18,0.0,21.450243902439027,-0.056806550665301984,209,3,9.0,0.0,1.0,0.8403680981595092,-0.5,19.211111111111112,172.9,0.0,6,0.9051932212209352,0.24360763852414524,0.9877300613496933,10.709592641261498,3,1.0,0,Basic,Annual,9.99,credit_card,Europe,0
2375,197,4.0,9,-0.5,20.265989847715737,-0.4633577614923384,208,1,9.0,1.0,1.0,0.628348623853211,0.0,38.07,342.63,-0.7016592214422464,6,1.5467936853177262,0.2819330684246516,0.9954128440366973,14.323258869908015,1,5.0,0,Standard,Annual,19.99,bank_transfer,North America,1
2376,438,22.0,21,0.045454545454545456,34.148630136986306,-0.16977355185787557,452,2,34.0,1.0,0.0,1.5021190130624094,1.0,41.162058823529414,1399.51,0.0,6,0.8751588037359794,0.25080935772958873,1.0,22.634691195795007,2,3.0,0,Standard,Monthly,19.99,bank_transfer,Oceania,0
2377,321,19.0,18,0.05263157894736842,40.032710280373834,-0.05517761642396245,333,1,20.0,1.0,0.0,0.9351766513056836,1.0,38.1595,763.19,0.0,6,1.4660401878837028,0.25134848171786933,0.989247311827957,21.38633377135348,1,3.0,0,Standard,Monthly,19.99,bank_transfer,Europe,0
2378,220,3.0,16,-0.7647058823529411,32.31454545454545,-0.21875209886493382,227,7,16.0,0.0,2.0,1.3022459893048128,-0.6666666666666666,40.405625,646.49,0.0,6,1.2667210048894435,0.27191497044433766,0.9732620320855615,12.28646517739816,7,3.0,0,Premium,Monthly,39.99,paypal,Europe,1
2379,138,18.0,17,0.05555555555555555,14.919565217391305,-0.14740126481551294,140,1,0.0,0.0,0.0,0.0,0.0,0.0,0.0,0.0,6,0.9906243838078078,0.2733345013689401,1.0,7.588699080157687,1,4.0,0,Basic,Annual,9.99,paypal,Europe,0
2380,630,16.0,21,-0.22727272727272727,22.933968253968253,-0.04365343633457651,642,1,32.0,3.0,1.0,1.0669003285870755,1.0,21.045,673.44,2.407452409882543,6,0.75459784104917,0.24928489729652187,1.0,29.993429697766096,1,5.0,0,Premium,Monthly,39.99,credit_card,South America,0
2381,155,11.0,18,-0.3684210526315789,36.210967741935484,-0.10438852146620325,175,1,27.0,2.0,1.0,2.2093548387096775,0.5,36.644814814814815,989.41,0.7413769963763253,6,1.4344235516471062,0.22278638838546475,1.0,12.220762155059132,1,3.0,0,Basic,Monthly,9.99,credit_card,Asia,0
2382,128,11.0,10,0.09090909090909091,29.43046875,0.2383540372670808,145,1,18.0,1.0,2.0,1.168272921108742,-0.3333333333333333,36.48111111111111,656.66,0.22850020772746157,6,2.5720012374006287,0.2410879084433462,0.9402985074626866,15.407358738501971,1,1.0,0,Premium,Monthly,39.99,paypal,North America,0
2383,332,8.0,14,-0.4,41.70722891566265,0.15008460236886623,357,4,25.0,0.0,1.0,0.7587238285144566,-0.5,33.8792,846.98,0.0,6,2.1147546086753786,0.2570049568002541,0.9561316051844467,32.95006570302234,4,12.0,0,Premium,Monthly,39.99,credit_card,Europe,0
2384,302,9.0,11,-0.16666666666666666,29.315231788079473,-0.005376344086021544,321,2,27.0,1.0,1.0,1.1197275204359673,0.0,21.03888888888889,568.0500000000001,0.20848938826466917,6,1.686940433174322,0.2530977074972209,0.9727520435967302,24.113009198423125,2,5.0,0,Basic,Annual,9.99,credit_card,Europe,0
2385,558,19.0,21,-0.09090909090909091,39.937275985663085,0.020038384134557823,563,2,21.0,0.0,1.0,0.8010526315789473,-0.5,61.47666666666667,1291.01,0.0,6,0.8127431982308908,0.2520782741017402,1.0,26.21550591327201,2,2.0,0,Basic,Annual,9.99,credit_card,Europe,0
2386,369,17.0,10,0.6363636363636364,33.05772357723577,0.0733666160191014,414,1,75.0,3.0,3.0,2.6795774647887325,0.0,32.33266666666666,2424.95,-0.33068138072629283,6,1.6216726074187184,0.24332026955492883,1.0,27.989487516425754,1,11.0,0,Premium,Annual,39.99,apple_pay,North America,0
2387,259,19.0,18,0.05263157894736842,38.9030888030888,-0.04152092506481209,262,5,5.0,1.0,2.0,0.38629441624365485,-0.3333333333333333,81.024,405.12,0.4891972874940863,6,0.8067647966268321,0.24901828520886074,0.9949238578680203,12.943495400788436,5,4.0,0,Premium,Monthly,39.99,paypal,North America,0
2388,75,18.0,21,-0.13636363636363635,19.070666666666668,-0.01836297760210788,75,1,4.0,1.0,1.0,1.1707692307692308,0.0,10.4275,41.71,-0.33608247422680415,6,0.6371504965671952,0.2533225915951919,1.0,3.416557161629435,1,0.0,0,Standard,Monthly,19.99,apple_pay,North America,0
2389,425,26.0,24,0.08,36.95623529411765,-0.04099522082662897,433,2,46.0,1.0,2.0,2.452259194395797,-0.3333333333333333,37.969130434782606,1746.58,-0.8667487133586933,6,0.6418383558471099,0.2481769584945337,1.0,18.758212877792378,2,3.0,0,Standard,Monthly,19.99,credit_card,North America,0
2390,109,14.0,19,-0.25,15.814678899082569,0.032589285714285765,112,1,8.0,1.0,2.0,1.309247311827957,-0.3333333333333333,27.78125,222.25,-0.38743824982357095,6,1.057402439045758,0.2524707608002953,1.0,6.110381077529566,1,2.0,0,Standard,Monthly,19.99,credit_card,Asia,0
2391,165,5.0,12,-0.5384615384615384,30.331515151515152,-0.004060110730292661,181,1,18.0,1.0,1.0,0.952904347826087,0.0,28.950000000000003,521.1,1.9114906832298133,6,2.6834377184549703,0.23562360476494582,0.9373913043478261,18.889618922470433,1,8.0,0,Basic,Monthly,9.99,credit_card,Asia,0
2392,165,9.0,10,-0.09090909090909091,17.166666666666668,-0.08490199344772037,184,1,34.0,6.0,2.0,2.0699199999999998,1.3333333333333333,50.32411764705882,1711.02,3.322195318805488,6,1.8870081758916208,0.24786335002131787,0.966,16.4257555847569,1,5.0,0,Premium,Monthly,39.99,paypal,North America,1
2393,390,10.0,13,-0.21428571428571427,19.04076923076923,0.02434951456310681,410,1,28.0,0.0,2.0,0.8583282980866063,-0.6666666666666666,26.85892857142857,752.05,0.0,6,1.8810637124641716,0.26494392084959606,0.9939577039274924,32.6215505913272,1,10.0,0,Standard,Annual,19.99,apple_pay,North America,0
2394,315,6.0,11,-0.4166666666666667,42.43142857142857,-0.06152716593245227,343,4,31.0,1.0,1.0,1.2432674571805007,0.0,23.429354838709674,726.31,-0.509478672985782,6,1.5428127896380117,0.24688327287670594,0.9960474308300395,24.93429697766097,4,8.0,0,Premium,Monthly,39.99,apple_pay,Europe,0
2395,506,19.0,18,0.05263157894736842,35.59525691699605,-0.009589008229432417,514,1,15.0,1.0,0.0,0.567910447761194,1.0,55.374,830.61,0.0,6,0.9015947601879909,0.25178057830741873,1.0,26.412614980289092,1,2.0,0,Standard,Monthly,19.99,credit_card,Europe,0
2396,39,16.0,18,-0.10526315789473684,16.153846153846153,-0.07750000000000003,44,2,13.0,8.0,4.0,5.420821917808219,0.8,45.98384615384616,597.7900000000001,9.395244591697525,6,0.9972276076401244,0.25114871548239953,1.0,2.3981603153745072,2,1.0,0,Standard,Annual,19.99,paypal,South America,0
2397,62,9.0,10,-0.09090909090909091,33.99193548387097,0.042369342456072885,67,2,8.0,2.0,2.0,1.522,0.0,21.9475,175.58,-0.38418354893824747,6,1.3896889692429135,0.2511270001528704,1.0,5.256241787122208,2,0.0,0,Basic,Monthly,9.99,credit_card,Asia,0
2398,41,21.0,16,0.29411764705882354,44.67317073170732,0.020148813664884416,43,1,3.0,2.0,1.0,1.404923076923077,0.5,77.50333333333333,232.51,10.31023622047244,6,0.6712963519208238,0.25137543780198274,1.0,2.135348226018397,1,0.0,0,Standard,Monthly,19.99,apple_pay,Asia,0
2399,45,13.0,10,0.2727272727272727,30.837777777777777,0.06612685560053991,54,1,12.0,4.0,4.0,3.5464077669902916,0.0,52.64416666666667,631.73,-0.29108867746386813,6,1.2686918854257474,0.26943109355871536,1.0,3.383705650459921,1,0.0,0,Basic,Monthly,9.99,credit_card,Europe,0
2400,168,7.0,6,0.14285714285714285,11.869642857142857,-0.35604018622886546,192,4,24.0,0.0,1.0,1.2176,-0.5,39.89333333333334,957.44,0.0,6,2.445932283217694,0.28819608801208946,0.9450000000000001,19.71090670170828,4,8.0,0,Basic,Annual,9.99,credit_card,Europe,1
2401,401,15.0,17,-0.1111111111111111,34.24663341645885,-0.05087284371449227,432,1,78.0,2.0,1.0,2.9168550368550368,0.5,36.900897435897434,2878.27,-0.09407027818448024,6,1.3272013169340602,0.25117049046681966,1.0,26.741130091984232,1,5.0,0,Basic,Monthly,9.99,paypal,North America,0
2402,45,9.0,13,-0.2857142857142857,46.13111111111111,-0.048470065047125976,45,6,1.0,0.0,0.0,0.2557983193277311,0.0,5.27,5.27,0.0,6,1.8357502167645117,0.25595453836403426,1.0,3.9093298291721417,6,1.0,0,Premium,Annual,39.99,credit_card,Asia,0
2403,119,9.0,10,-0.09090909090909091,24.777310924369747,0.12007972097658193,138,3,21.0,0.0,1.0,1.5629339853300732,-0.5,35.18714285714285,738.93,0.0,6,2.2933248291520223,0.2905059735002637,0.941320293398533,13.436268068331144,3,2.0,0,Basic,Annual,9.99,credit_card,Asia,0
2404,436,24.0,19,0.25,37.684174311926604,0.10898625429553258,448,1,23.0,1.0,2.0,1.0341506646971934,-0.3333333333333333,15.068695652173913,346.58,-0.7064193168433451,6,0.8386439067275869,0.2520867084396613,1.0,22.24047306176084,1,0.0,0,Standard,Monthly,19.99,credit_card,North America,0
2405,613,22.0,23,-0.041666666666666664,18.420065252854812,0.06841297860715345,623,1,42.0,0.0,0.0,1.250958904109589,0.0,38.71476190476191,1626.02,0.0,6,1.0112489999105672,0.256464000041477,1.0,33.5742444152431,1,0.0,0,Basic,Annual,9.99,apple_pay,North America,0
2406,115,15.0,14,0.06666666666666667,15.559130434782608,0.010401274808054445,118,1,8.0,1.0,1.0,1.096936936936937,0.0,39.18625,313.49,-0.932777993025959,6,1.2441433680675684,0.24624037788553038,1.0,7.293035479632063,1,1.0,0,Basic,Annual,9.99,apple_pay,Asia,0
2407,56,4.0,12,-0.6153846153846154,40.2875,-0.16207322089675055,62,5,8.0,1.0,0.0,1.5916339869281046,1.0,15.4025,123.22,0.0,6,2.1791360397601207,0.25324223027675735,0.9607843137254902,5.026281208935611,5,1.0,0,Basic,Annual,9.99,credit_card,Oceania,0
2408,260,17.0,12,0.38461538461538464,35.25307692307692,-0.08471243650663603,269,1,28.0,3.0,2.0,1.9867599067599067,0.3333333333333333,35.50107142857143,994.03,6.629032258064515,6,0.9762682368019477,0.25710154648511807,1.0,14.09329829172142,1,10.0,0,Standard,Monthly,19.99,credit_card,South America,0
2409,80,7.0,10,-0.2727272727272727,21.830000000000002,0.3275329778276733,98,7,22.0,1.0,2.0,2.232266666666667,-0.3333333333333333,23.204545454545453,510.5,-0.9105274396754218,6,2.6298739729124017,0.22890850026254933,0.9333333333333333,9.85545335085414,7,2.0,0,Standard,Annual,19.99,paypal,South America,0
2410,261,17.0,19,-0.1,23.19272030651341,0.003260041880830019,267,2,12.0,0.0,1.0,0.8436027713625865,-0.5,44.5625,534.75,0.0,6,0.9569021872686011,0.23659603602128923,1.0,14.224704336399475,2,7.0,0,Standard,Monthly,19.99,credit_card,North America,0
2411,398,10.0,18,-0.42105263157894735,16.212060301507538,0.20369170984455953,433,1,64.0,3.0,0.0,2.133800657174151,3.0,32.33546875,2069.47,0.0,6,1.5301318899311727,0.27040955582392695,1.0,29.993429697766096,1,6.0,0,Premium,Monthly,39.99,apple_pay,North America,0
2412,28,8.0,15,-0.4375,26.964285714285715,0.07409102798849065,31,2,5.0,2.0,3.0,2.113888888888889,-0.25,68.216,341.08,1.3549775083121456,6,1.806756158448603,0.31943547545603607,1.0,2.3653088042049935,2,0.0,0,Basic,Monthly,9.99,bank_transfer,Asia,1
2413,32,5.0,14,-0.6,34.390625,-0.2197548666186013,32,11,3.0,0.0,2.0,1.0035164835164836,-0.6666666666666666,118.15666666666668,354.47,0.0,6,1.9454938284556802,0.29173991582957515,0.9230769230769231,2.9894875164257555,11,0.0,0,Standard,Monthly,19.99,credit_card,Asia,0
2414,587,16.0,19,-0.15,13.23015332197615,0.3031236941078144,600,1,22.0,0.0,0.0,0.6426871401151633,0.0,23.854999999999997,524.81,0.0,6,1.0713070449151034,0.2567973651085405,1.0,34.23127463863337,1,2.0,0,Standard,Monthly,19.99,credit_card,Europe,0
2415,181,7.0,13,-0.42857142857142855,39.722651933701655,-0.16477702191987903,189,3,19.0,0.0,1.0,1.6960703812316718,-0.5,52.312105263157896,993.9300000000001,0.0,6,1.1569810173572317,0.3086623141079515,1.0,11.202365308804204,3,1.0,0,Basic,Monthly,9.99,apple_pay,North America,1
2416,103,11.0,6,0.7142857142857143,27.9,-0.002948673097106316,118,2,17.0,1.0,2.0,1.4743019943019944,-0.3333333333333333,42.042352941176475,714.72,-0.6477690288713911,6,2.5977216887680443,0.3013257427571525,0.9772079772079771,11.530880420499342,2,0.0,0,Premium,Monthly,39.99,paypal,North America,0
2417,405,17.0,17,0.0,21.09111111111111,-0.058199619254827265,430,2,56.0,4.0,3.0,2.4352,0.25,36.386428571428574,2037.64,4.450502152080345,6,0.9401808589263291,0.23327866547479204,1.0,22.996057818659658,2,1.0,0,Premium,Monthly,39.99,credit_card,North America,0
2418,47,6.0,8,-0.2222222222222222,30.319148936170212,0.14259597806215732,49,5,4.0,1.0,0.0,0.7379393939393939,1.0,18.9725,75.89,0.0,6,2.4262161533332174,0.278738144122543,0.9757575757575757,5.4204993429697765,5,0.0,0,Basic,Annual,9.99,credit_card,North America,0
2419,607,17.0,24,-0.28,32.09555189456343,0.06302682425255927,635,2,58.0,1.0,1.0,1.7761770623742457,0.0,46.05068965517241,2670.94,-0.32761904761904764,6,1.0514779941880261,0.24994243485788925,1.0,32.65440210249671,2,11.0,0,Basic,Monthly,9.99,paypal,North America,0
2420,153,7.0,10,-0.2727272727272727,34.620261437908496,-0.0806999216505614,178,4,32.0,2.0,1.0,1.94816,0.5,24.3834375,780.27,0.5243107769423557,6,2.2340428849308878,0.2522161271760075,0.938,16.4257555847569,4,4.0,0,Basic,Monthly,9.99,credit_card,North America,0
2421,368,8.0,11,-0.25,14.745652173913042,0.10980955259975811,384,3,16.0,1.0,2.0,0.5723149236192715,-0.3333333333333333,32.11625,513.86,-0.8182247849513187,6,1.6921975641353995,0.2427951520633922,1.0,27.95663600525624,3,9.0,0,Standard,Monthly,19.99,credit_card,South America,0
2422,212,7.0,6,0.14285714285714285,13.57311320754717,-0.04520795660036164,253,4,50.0,3.0,3.0,2.0877914951989025,0.0,29.0752,1453.76,0.3652060898626068,6,2.210693471112945,0.27017232781380596,0.9698216735253773,23.94875164257556,4,4.0,0,Basic,Monthly,9.99,bank_transfer,Europe,0
2423,326,13.0,14,-0.06666666666666667,16.799386503067485,-0.06247559547051931,348,5,33.0,1.0,2.0,1.4248510638297873,-0.3333333333333333,30.880303030303033,1019.0500000000001,1.7326547013126175,6,1.349262540603152,0.25102706411137915,1.0,23.160315374507228,5,6.0,0,Premium,Monthly,39.99,credit_card,North America,0
2424,82,19.0,20,-0.047619047619047616,36.82073170731707,0.06545966078469942,87,1,14.0,2.0,3.0,2.697215189873418,-0.25,26.767857142857142,374.75,-0.8407051786557532,6,1.2851354743428804,0.25000014471462084,1.0,5.19053876478318,1,0.0,0,Standard,Annual,19.99,credit_card,Europe,0
2425,414,10.0,18,-0.42105263157894735,23.10169082125604,-0.1587764020393299,419,3,12.0,0.0,1.0,0.5152045133991537,-0.5,21.123333333333335,253.48000000000002,0.0,6,1.09014484109103,0.24603599797883557,0.9873060648801127,23.291721419185283,3,9.0,0,Basic,Annual,9.99,credit_card,North America,0
2426,441,14.0,13,0.07142857142857142,37.8671201814059,0.03933957107488515,474,1,43.0,0.0,3.0,1.2683333333333333,-0.75,39.35581395348837,1692.3,0.0,6,1.6847554005451442,0.24910684427592938,1.0,33.90275952693824,1,12.0,0,Basic,Monthly,9.99,paypal,Europe,0
2427,53,10.0,15,-0.3125,25.433962264150942,0.17544570502431125,57,2,6.0,3.0,2.0,1.4495238095238094,0.3333333333333333,62.09333333333334,372.56000000000006,4.75897435897436,6,1.3674082034290986,0.27157549925029606,1.0,4.139290407358739,2,1.0,0,Premium,Monthly,39.99,paypal,Europe,0
2428,630,24.0,16,0.47058823529411764,36.94174603174603,-0.2118573797678276,659,1,71.0,2.0,3.0,2.1483499005964215,-0.25,45.657042253521126,3241.65,2.499077320538845,6,0.916706883509018,0.24810809388386335,1.0,33.04862023653088,1,11.0,0,Basic,Annual,9.99,credit_card,Europe,0
2429,288,22.0,17,0.2777777777777778,35.546875,0.03707156487159688,291,1,9.0,0.0,1.0,0.6254794520547946,-0.5,55.34111111111111,498.07,0.0,6,0.8534411348603708,0.24639659137205275,1.0,14.388961892247043,1,3.0,0,Basic,Annual,9.99,bank_transfer,North America,0
2430,27,8.0,13,-0.35714285714285715,39.76296296296296,-0.305562850140056,30,6,3.0,1.0,2.0,1.1559493670886076,-0.3333333333333333,44.346666666666664,133.04,-0.9133338697996298,6,1.7630582475450018,0.28100522483882395,0.9746835443037974,2.59526938239159,6,1.0,0,Basic,Monthly,9.99,paypal,North America,1
2431,357,9.0,9,0.0,43.296918767507,-0.04775138959070256,393,2,53.0,1.0,0.0,1.5894778325123153,1.0,26.53452830188679,1406.33,0.0,6,1.893063079497159,0.24049669468943394,0.9793103448275862,33.3442838370565,2,3.0,0,Standard,Annual,19.99,apple_pay,North America,0
2432,204,9.0,5,0.6666666666666666,31.066176470588236,-0.16001238006809046,249,2,49.0,2.0,1.0,1.8057627118644068,0.5,34.30244897959184,1680.82,-0.4233183856502243,6,2.664957442738566,0.26111016930497083,0.940677966101695,27.135348226018397,2,6.0,0,Premium,Annual,39.99,bank_transfer,Oceania,0
2433,93,16.0,16,0.0,28.38494623655914,0.046004319654427674,94,1,4.0,1.0,1.0,0.707906976744186,0.0,19.3525,77.41,-0.6918429003021147,6,1.086381334489446,0.25528100476245225,1.0,5.650459921156373,1,0.0,0,Premium,Annual,39.99,credit_card,North America,0
2434,176,13.0,13,0.0,13.564204545454546,-0.042029728344438716,183,2,15.0,3.0,3.0,1.3836363636363636,0.0,36.696000000000005,550.44,1.764561755206593,6,1.0068220940962422,0.26927907362074377,1.0,10.840998685939553,2,4.0,0,Basic,Monthly,9.99,credit_card,Oceania,0
2435,134,16.0,9,0.7,29.0,-0.007899538993469096,143,1,22.0,5.0,1.0,2.1672491909385116,2.0,36.145,795.19,14.1889400921659,6,1.5648502701521336,0.27596932060805784,1.0,10.151116951379763,1,3.0,0,Basic,Annual,9.99,paypal,Europe,0
2436,233,20.0,18,0.10526315789473684,32.9656652360515,-0.13577376276512176,240,1,19.0,1.0,3.0,1.4351364764267989,-0.5,47.701578947368425,906.33,-0.8973373956815472,6,1.060823835522992,0.26476550872222726,1.0,13.23915900131406,1,4.0,0,Standard,Monthly,19.99,apple_pay,Asia,0
2437,388,19.0,12,0.5384615384615384,22.894329896907216,-0.043528102768131016,413,2,55.0,2.0,2.0,2.132738853503185,0.0,44.75854545454545,2461.72,-0.8681175805539852,6,1.2534317336630771,0.25998602174978397,1.0,25.78843626806833,2,9.0,0,Premium,Annual,39.99,bank_transfer,Europe,0
2438,239,16.0,13,0.21428571428571427,28.197907949790796,0.010314542483660212,266,1,35.0,3.0,4.0,1.8211965811965813,-0.2,22.126571428571427,774.43,0.7738719832109128,6,1.700040358717785,0.23710032926890082,0.9931623931623932,19.21813403416557,1,6.0,0,Basic,Monthly,9.99,apple_pay,North America,0
2439,166,21.0,22,-0.043478260869565216,36.471084337349396,0.001074794374865761,172,1,15.0,1.0,3.0,1.8946058091286309,-0.5,50.04666666666666,750.6999999999999,-0.9043719842082176,6,0.7314733895183361,0.21216502082159833,1.0,7.917214191852825,1,0.0,0,Basic,Monthly,9.99,credit_card,Europe,0
2440,41,9.0,9,0.0,28.690243902439022,-0.38972089857045605,46,1,8.0,2.0,1.0,2.0813675213675213,0.5,22.21375,177.71,-0.4975032851511169,6,2.251150098877631,0.3378925632741837,1.0,3.843626806833114,1,0.0,0,Basic,Monthly,9.99,credit_card,North America,1
2441,169,12.0,18,-0.3157894736842105,35.268047337278105,0.13750850918992505,172,3,8.0,0.0,0.0,0.8635460992907801,0.0,36.21875,289.75,0.0,6,1.1161632646869062,0.25426086642714646,1.0,9.264126149802891,3,2.0,0,Premium,Annual,39.99,paypal,North America,1
2442,249,10.0,12,-0.15384615384615385,22.93855421686747,0.2143766379633097,278,6,34.0,1.0,4.0,1.4177534246575343,-0.6,50.39323529411765,1713.3700000000001,-0.9386104142133019,6,2.0917954548111255,0.24907104766149527,0.958904109589041,23.98160315374507,6,11.0,0,Basic,Annual,9.99,credit_card,North America,0
2443,567,20.0,20,0.0,24.432275132275134,0.16597781161627154,591,2,66.0,2.0,1.0,2.0396345177664976,0.5,30.09469696969697,1986.25,3.0150115473441113,6,1.0159004645381409,0.2603519174591034,1.0,32.35873850197109,2,2.0,0,Basic,Monthly,9.99,credit_card,Oceania,0
2444,531,16.0,18,-0.10526315789473684,33.45499058380414,0.11106694560669465,542,1,35.0,2.0,2.0,1.3676508344030809,0.0,45.395714285714284,1588.85,-0.6291856138900372,6,0.8178286526363028,0.2560555320258931,1.0,25.591327201051246,1,0.0,0,Basic,Monthly,9.99,credit_card,North America,0
2445,254,12.0,11,0.08333333333333333,19.793307086614174,-0.4775083867032632,264,3,13.0,1.0,1.0,0.8774279379157428,0.0,48.611538461538466,631.95,0.15302144249512672,6,1.0723270727991356,0.29632433007758663,1.0,14.816031537450723,3,7.0,0,Premium,Annual,39.99,paypal,Asia,1
2446,457,13.0,17,-0.2222222222222222,19.48293216630197,-0.08446007674036184,468,1,29.0,5.0,0.0,1.370745341614907,5.0,34.5851724137931,1002.97,0.0,6,0.7746939525102009,0.249902973773581,1.0,21.156373193166885,1,1.0,0,Basic,Annual,9.99,apple_pay,Asia,0
2447,130,8.0,16,-0.47058823529411764,21.35,-0.013837147418839778,138,4,14.0,2.0,1.0,1.1643715846994536,0.5,23.03857142857143,322.54,-0.3377708170190551,6,2.096942098803963,0.2496288502847031,0.9371584699453552,12.02365308804205,4,3.0,0,Basic,Monthly,9.99,bank_transfer,South America,0
2448,217,9.0,14,-0.3333333333333333,26.617511520737327,-0.058069074209939835,255,1,48.0,1.0,2.0,1.92,-0.3333333333333333,32.817708333333336,1575.25,0.20287539936102228,6,2.392294124343336,0.27418659564226533,0.9474375821287779,25.0,1,6.0,0,Standard,Monthly,19.99,bank_transfer,North America,0
2449,163,17.0,17,0.0,27.228220858895703,0.06008302381472579,167,2,5.0,0.0,2.0,0.5721804511278196,-0.6666666666666666,34.448,172.24,0.0,6,1.034208605974529,0.230463375350003,1.0,8.73850197109067,2,3.0,0,Premium,Monthly,39.99,credit_card,South America,0
2450,259,12.0,11,0.08333333333333333,32.225096525096525,-0.11846147627132358,317,3,69.0,2.0,0.0,1.9465801668211309,2.0,31.777681159420286,2192.66,0.0,6,2.9729745132272782,0.26559324196203743,0.901760889712697,35.446780551905384,3,7.0,0,Basic,Annual,9.99,paypal,North America,0
2451,88,14.0,23,-0.375,25.676136363636363,0.10294269222840662,89,1,6.0,2.0,1.0,1.185974025974026,0.5,26.591666666666665,159.54999999999998,-0.19661733615221982,6,1.1340991020407953,0.23785155642793118,1.0,5.059132720105125,1,2.0,0,Basic,Monthly,9.99,credit_card,North America,0
2452,331,12.0,11,0.08333333333333333,29.137764350453175,0.10817948717948703,357,4,37.0,1.0,1.0,1.3203751465416178,0.0,32.60297297297297,1206.31,0.05309325946445054,6,1.8338032362350507,0.251886007914533,0.9765533411488863,28.02233902759527,4,12.0,0,Premium,Monthly,39.99,bank_transfer,South America,0
2453,761,23.0,23,0.0,36.30512483574245,-0.06887277829747436,772,1,38.0,1.0,0.0,1.0974573055028463,1.0,35.056315789473686,1332.14,0.0,6,0.7161005798255574,0.24876042411499297,1.0,34.62549277266754,1,3.0,0,Standard,Monthly,19.99,credit_card,North America,0
2454,134,11.0,12,-0.07692307692307693,42.62014925373135,0.13622273572676566,152,1,25.0,5.0,3.0,2.1022099447513813,0.5,30.2744,756.86,4.930336599914785,6,1.5404480297791063,0.28486496759005386,1.0,11.892247043363994,1,6.0,0,Basic,Annual,9.99,bank_transfer,North America,1
2455,126,22.0,21,0.045454545454545456,21.347619047619048,-0.019586104951958595,127,1,7.0,0.0,3.0,1.1455913978494625,-0.75,34.44571428571429,241.12,0.0,6,0.7556349164670244,0.24952118655895056,1.0,6.110381077529566,1,1.0,0,Standard,Monthly,19.99,paypal,North America,0
2456,294,6.0,9,-0.3,20.68979591836735,-0.21555323590814188,318,7,27.0,0.0,1.0,0.8002726387536514,-0.5,33.547037037037036,905.77,0.0,6,2.741738597218738,0.2614439876483191,0.9269717624148004,33.73850197109067,7,4.0,0,Standard,Monthly,19.99,credit_card,North America,0
2457,434,11.0,12,-0.07692307692307693,39.955299539170504,0.059451362232000766,487,2,88.0,4.0,0.0,2.5535938989513824,4.0,39.84193181818182,3506.09,0.0,6,1.5869480051284897,0.22940402174185281,0.994280266920877,34.46123521681997,2,9.0,0,Premium,Monthly,39.99,credit_card,North America,0
2458,329,10.0,11,-0.08333333333333333,22.56626139817629,0.06319702602230483,371,1,65.0,4.0,2.0,1.8252767527675278,0.6666666666666666,42.822153846153846,2783.44,0.28183873398643544,6,2.395246947528995,0.21971829223858366,0.9492619926199262,35.611038107752954,1,7.0,0,Standard,Monthly,19.99,credit_card,North America,0
2459,217,18.0,21,-0.13636363636363635,25.427649769585255,0.026399491094147718,225,1,19.0,0.0,1.0,1.5673712737127372,-0.5,34.73105263157895,659.89,0.0,6,1.0575981151752747,0.25949891491808,1.0,12.12220762155059,1,2.0,0,Standard,Monthly,19.99,paypal,Europe,0
2460,235,13.0,11,0.16666666666666666,29.516170212765957,-0.045803056877975555,253,1,39.0,4.0,2.0,1.9429787234042555,0.6666666666666666,33.06384615384616,1289.49,-0.8834563471027198,6,1.7687526836098064,0.2737366129192093,1.0,20.07227332457293,1,2.0,0,Standard,Monthly,19.99,paypal,Europe,0
2461,475,22.0,19,0.15,31.381263157894736,-0.13482600485567842,489,1,40.0,2.0,0.0,1.7827232796486092,2.0,46.20075,1848.03,0.0,6,0.7457987038978987,0.2530432001952909,1.0,22.437582128777922,1,7.0,0,Standard,Monthly,19.99,paypal,Europe,0
2462,393,19.0,15,0.25,14.256743002544528,-0.0922926651977374,400,1,25.0,0.0,1.0,1.054016620498615,-0.5,30.843200000000003,771.08,0.0,6,1.3618458052139664,0.25057426910316816,0.9986149584487535,23.71879106438896,1,3.0,0,Standard,Monthly,19.99,bank_transfer,Europe,0
2463,361,12.0,11,0.08333333333333333,17.673961218836567,0.035974499089253084,390,2,39.0,1.0,1.0,1.0971903881700555,0.0,40.78307692307692,1590.54,-0.2712727272727273,6,2.2381085628964508,0.23569994259355664,0.976894639556377,35.545335085413925,2,2.0,0,Premium,Monthly,39.99,apple_pay,North America,0
2464,333,4.0,13,-0.6428571428571429,19.557057057057058,-0.5181871804954777,371,9,45.0,0.0,2.0,1.4744886975242197,-0.6666666666666666,45.464444444444446,2045.9,0.0,6,1.733120349303406,0.25708984731226947,0.9870828848223896,30.519053876478317,9,14.0,0,Premium,Monthly,39.99,bank_transfer,Europe,1
2465,651,18.0,14,0.26666666666666666,17.113056835637483,-0.055512254265177,671,1,44.0,1.0,2.0,1.2804588910133843,-0.3333333333333333,51.45886363636364,2264.19,-0.7556159154309207,6,0.9174540227467917,0.24583105742600628,1.0,34.36268068331143,1,12.0,0,Premium,Annual,39.99,credit_card,North America,0
2466,400,9.0,14,-0.3333333333333333,25.835500000000003,0.022262638509986225,423,1,47.0,1.0,4.0,1.6891145218417947,-0.6,43.744680851063826,2056.0,-0.7235874907572529,6,1.4125250056240062,0.25343378852184617,1.0,27.825229960578184,1,2.0,0,Basic,Monthly,9.99,bank_transfer,North America,0
2467,368,15.0,15,0.0,35.31983695652174,-0.2092340951204447,394,1,41.0,0.0,1.0,1.5878371501272266,-0.5,34.345365853658535,1408.16,0.0,6,1.3362964944689402,0.25081880378891375,0.9974554707379134,25.821287779237842,1,10.0,0,Basic,Monthly,9.99,paypal,North America,0
2468,320,15.0,10,0.45454545454545453,35.42375,-0.19876660341555982,346,2,52.0,3.0,6.0,2.4389522342064716,-0.42857142857142855,32.21923076923077,1675.4,-0.778549735823938,6,1.315869793372766,0.25988449831051064,1.0,21.320630749014455,2,2.0,0,Basic,Annual,9.99,apple_pay,North America,0
2469,569,16.0,19,-0.15,29.375571177504394,-0.07612543111272453,588,2,34.0,0.0,1.0,0.9913409961685824,-0.5,44.44294117647058,1511.06,0.0,6,1.1172022606015162,0.2408934560308728,1.0,34.2969776609724,2,10.0,0,Basic,Annual,9.99,bank_transfer,Oceania,0
2470,386,10.0,12,-0.15384615384615385,30.95077720207254,0.030243902439024382,410,7,31.0,1.0,2.0,0.9004198473282442,-0.3333333333333333,35.9858064516129,1115.56,-0.22676727561556795,6,1.9081232582979453,0.2612203092112613,0.9818702290076335,34.42838370565046,7,3.0,0,Standard,Monthly,19.99,credit_card,North America,0
2471,618,17.0,17,0.0,34.73074433656958,0.10208297469443976,628,3,20.0,1.0,2.0,0.5910679611650486,-0.3333333333333333,32.157,643.14,-0.8489015331120594,6,1.000652013415172,0.24965847825766094,0.9990291262135923,33.83705650459921,3,8.0,0,Premium,Annual,39.99,credit_card,Europe,0
2472,406,23.0,24,-0.04,25.799507389162564,0.060300496200423305,419,1,30.0,1.0,3.0,1.5245409015025042,-0.5,23.236,697.08,-0.01943775100401608,6,0.7434575365003473,0.254152789386323,1.0,19.678055190538764,1,10.0,0,Standard,Monthly,19.99,credit_card,Europe,0
2473,163,8.0,8,0.0,38.18527607361963,-0.00785854616895867,178,1,23.0,2.0,4.0,1.6993203883495147,-0.4,39.44695652173913,907.28,-0.7225227895946046,6,1.548293790610868,0.26938682328171665,1.0,13.534822601839684,1,0.0,0,Standard,Monthly,19.99,credit_card,North America,0
2474,78,20.0,20,0.0,20.8025641025641,0.06728880157170929,79,1,1.0,0.0,0.0,0.2221897810218978,0.0,29.33,29.33,0.0,6,0.9860836538351968,0.25053398691489515,1.0,4.50065703022339,1,1.0,0,Basic,Monthly,9.99,paypal,Europe,0
2475,241,19.0,17,0.1111111111111111,16.558091286307054,0.04008438818565419,249,1,13.0,1.0,0.0,0.8109016393442623,1.0,24.727692307692305,321.46,0.0,6,1.3188093854365683,0.2504006132827748,1.0,16.031537450722734,1,5.0,0,Standard,Monthly,19.99,apple_pay,South America,0
2476,266,6.0,11,-0.4166666666666667,21.071052631578947,-0.11916175024582089,279,1,25.0,2.0,3.0,1.0311653116531165,-0.25,20.282,507.05,0.9039727582292848,6,2.089301159879797,0.2630358600411113,0.9864498644986449,24.24441524310118,1,3.0,0,Premium,Annual,39.99,credit_card,Oceania,0
2477,359,9.0,14,-0.3333333333333333,16.95431754874652,0.19413819699650647,377,5,41.0,1.0,1.0,1.583807106598985,0.0,41.34463414634146,1695.13,-0.630326742095802,6,1.554729686203721,0.2492401393009933,1.0,25.88699080157687,5,2.0,0,Basic,Annual,9.99,paypal,North America,0
2478,83,19.0,12,0.5384615384615384,26.96987951807229,0.19344096141316153,87,2,5.0,0.0,3.0,0.9280487804878049,-0.75,28.46,142.3,0.0,6,1.2347565764188406,0.2391560245757798,1.0,5.387647831800263,2,0.0,0,Standard,Monthly,19.99,paypal,North America,0
2479,72,12.0,16,-0.23529411764705882,15.969444444444443,0.07833603457590484,76,1,8.0,1.0,2.0,1.5315723270440251,-0.3333333333333333,33.825,270.6,-0.48372358652198755,6,1.7019331880472206,0.21534819039717676,1.0,5.223390275952694,1,2.0,0,Premium,Annual,39.99,paypal,North America,0
2480,44,11.0,16,-0.29411764705882354,17.413636363636364,-0.2125337936875021,44,1,0.0,0.0,0.0,0.0,0.0,0.0,0.0,0.0,6,1.384537295125951,0.4527131581794108,1.0,3.1537450722733245,1,0.0,0,Standard,Monthly,19.99,paypal,Europe,1
2481,70,8.0,14,-0.4,21.312857142857144,-0.1557582859055909,72,4,3.0,0.0,1.0,0.7190551181102361,-0.5,106.89333333333333,320.68,0.0,6,1.330496647108818,0.3404330501007782,1.0,4.1721419185282524,4,2.0,0,Basic,Monthly,9.99,bank_transfer,Oceania,1
2482,275,22.0,15,0.4375,19.44036363636364,-0.1355412897578057,294,1,39.0,2.0,2.0,2.388651911468813,0.0,40.623333333333335,1584.31,1.1826654240447343,6,1.034267242440668,0.25161924009855074,1.0,16.327201051248355,1,5.0,0,Basic,Annual,9.99,paypal,Europe,0
2483,534,17.0,21,-0.18181818181818182,28.53689138576779,0.006138107416879773,548,2,58.0,1.0,2.0,2.0795288574793878,-0.3333333333333333,26.68448275862069,1547.7,-0.8807397959183673,6,0.8806696785451864,0.245530566301523,1.0,27.890932982917214,2,6.0,0,Premium,Monthly,39.99,credit_card,South America,0
2484,37,12.0,19,-0.35,28.097297297297295,-0.0009471432936143737,38,3,2.0,0.0,2.0,0.7805128205128206,-0.6666666666666666,25.98,51.96,0.0,6,1.817912210422936,0.21535422473872876,0.9871794871794872,2.562417871222076,3,0.0,0,Basic,Monthly,9.99,paypal,Europe,0
2485,63,9.0,8,0.1111111111111111,37.58888888888889,-0.0865819827712073,77,6,19.0,1.0,6.0,2.9358375634517766,-0.7142857142857143,24.61157894736842,467.62,-0.6293641782571673,6,1.9356308187943971,0.3035772316474032,0.9949238578680203,6.471747700394218,6,3.0,0,Premium,Monthly,39.99,paypal,Asia,1
2486,71,12.0,18,-0.3157894736842105,18.878873239436622,-0.34038824480992175,74,3,6.0,2.0,0.0,1.5477966101694915,2.0,22.453333333333333,134.72,0.0,6,0.8647062477958447,0.3569199895371016,1.0,3.876478318002628,3,4.0,0,Basic,Annual,9.99,credit_card,Asia,1
2487,368,21.0,19,0.1,25.839130434782607,-0.154617385649252,374,1,35.0,1.0,1.0,1.987686567164179,0.0,49.07371428571428,1717.58,0.10496453900709223,6,0.8572387721243926,0.255046453604871,1.0,17.608409986859396,1,2.0,0,Basic,Monthly,9.99,paypal,Europe,0
2488,246,19.0,20,-0.047619047619047616,36.736178861788616,-0.11660179387375189,255,1,33.0,5.0,3.0,2.878280802292264,0.5,32.879090909090905,1085.01,2.214272229563904,6,0.7417866435879802,0.26019263991681246,1.0,11.465177398160314,1,3.0,0,Standard,Annual,19.99,credit_card,North America,0
2489,218,12.0,16,-0.23529411764705882,20.122018348623854,0.05160216396171461,236,1,32.0,3.0,2.0,1.9838696537678209,0.3333333333333333,33.5134375,1072.43,0.3706726709822685,6,1.5747715508454692,0.23874911983205396,1.0,16.130091984231274,1,1.0,0,Standard,Annual,19.99,credit_card,Asia,0
2490,32,5.0,7,-0.25,35.40625,-0.4294520547945204,38,11,6.0,0.0,2.0,1.4970491803278687,-0.6666666666666666,17.086666666666666,102.52,0.0,6,2.661312191867497,0.45227723001439957,0.9754098360655739,4.0078843626806835,11,0.0,0,Basic,Monthly,9.99,credit_card,Asia,1
2491,372,18.0,20,-0.09523809523809523,19.66720430107527,-0.04754919936438089,378,1,33.0,1.0,3.0,1.765413005272408,-0.5,43.14060606060605,1423.6399999999999,-0.8489606868504292,6,0.8965557940753393,0.250943428023128,1.0,18.69250985545335,1,1.0,0,Standard,Annual,19.99,paypal,Europe,0
2492,316,19.0,14,0.3333333333333333,36.503797468354435,-0.04548995012998586,323,2,16.0,0.0,2.0,0.8759712230215827,-0.6666666666666666,38.851875,621.63,0.0,6,1.1456032824114177,0.2384495205763946,1.0,18.265440210249672,2,1.0,0,Basic,Annual,9.99,paypal,Europe,0
2493,88,17.0,16,0.058823529411764705,26.06931818181818,0.11300011334013378,88,4,4.0,1.0,0.0,0.761,1.0,18.0875,72.35,0.0,6,1.2588101712782405,0.24330866471059592,1.0,5.256241787122208,4,0.0,0,Basic,Monthly,9.99,credit_card,North America,0
2494,36,15.0,11,0.3333333333333333,32.38055555555556,-0.1349048367382575,38,2,3.0,0.0,2.0,1.113658536585366,-0.6666666666666666,31.5,94.5,0.0,6,1.2460146678721533,0.32200725356345594,1.0,2.6938239159001314,2,1.0,0,Premium,Annual,39.99,credit_card,Asia,0
2495,84,9.0,13,-0.2857142857142857,42.77738095238095,0.15550119182034877,88,2,8.0,2.0,1.0,1.0275105485232068,0.5,31.16375,249.31,2.7621059473513165,6,1.9863877854307623,0.24351024808430294,0.9746835443037976,7.7858081471747695,2,0.0,0,Standard,Monthly,19.99,credit_card,South America,0
2496,141,14.0,15,-0.0625,37.3936170212766,0.09177605436957045,149,1,17.0,3.0,2.0,1.7601360544217688,0.3333333333333333,28.26529411764706,480.51,3.307122507122507,6,1.279963544020282,0.25432660382271005,1.0,9.658344283837057,1,3.0,0,Standard,Monthly,19.99,credit_card,North America,0
2497,406,12.0,14,-0.13333333333333333,20.155418719211823,-0.03435319377348351,447,1,73.0,0.0,1.0,2.3639574468085107,-0.5,36.27178082191781,2647.84,0.0,6,1.512529754709121,0.23830426305402846,0.997872340425532,30.880420499342968,1,3.0,0,Standard,Monthly,19.99,credit_card,North America,0
2498,85,5.0,8,-0.3333333333333333,17.44,-0.1425301970756517,106,11,22.0,4.0,2.0,2.4002867383512547,0.6666666666666666,23.98227272727273,527.61,0.002615355875210173,6,1.8916144237674672,0.25786394747143204,0.9534050179211471,9.165571616294349,11,6.0,0,Premium,Monthly,39.99,credit_card,South America,1
2499,59,12.0,15,-0.1875,27.63728813559322,0.20211198428290786,61,2,6.0,0.0,2.0,1.5094214876033059,-0.6666666666666666,24.94666666666667,149.68,0.0,6,0.9653605046586493,0.2560587210903091,1.0,3.9750328515111693,2,0.0,0,Standard,Monthly,19.99,apple_pay,North America,0
2500,326,8.0,10,-0.18181818181818182,39.20950920245399,0.06130243397203521,356,1,48.0,2.0,2.0,1.5094214876033059,0.0,45.68645833333333,2192.95,5.312450903377847,6,2.054230158023721,0.2653946107778138,0.9979338842975207,31.800262812089354,1,9.0,0,Standard,Monthly,19.99,apple_pay,Europe,0
