customer_id,signup_date,plan_type,contract_type,monthly_fee,payment_method,region,is_active,cancel_date
1,2025-04-07,Standard,Monthly,19.99,bank_transfer,Europe,1,
2,2025-07-27,Standard,Monthly,19.99,credit_card,North America,1,
3,2023-04-27,Premium,Monthly,39.99,credit_card,Europe,1,
4,2025-08-27,Standard,Monthly,19.99,apple_pay,South America,1,
5,2023-03-22,Standard,Monthly,19.99,credit_card,Europe,1,
6,2023-09-22,Basic,Monthly,9.99,credit_card,North America,1,
7,2025-07-24,Standard,Monthly,19.99,bank_transfer,Asia,1,
8,2024-12-13,Basic,Monthly,9.99,paypal,North America,0,2025-11-05
9,2025-10-25,Standard,Annual,19.99,bank_transfer,Europe,1,
10,2025-08-11,Basic,Monthly,9.99,credit_card,Europe,1,
11,2023-09-01,Standard,Monthly,19.99,credit_card,Europe,1,
12,2023-03-27,Premium,Monthly,39.99,credit_card,North America,1,
13,2025-01-01,Standard,Monthly,19.99,credit_card,Asia,0,2025-07-02
14,2025-10-09,Standard,Monthly,19.99,credit_card,Europe,0,2025-12-12
15,2023-11-11,Basic,Monthly,9.99,paypal,North America,0,2024-12-11
16,2025-07-02,Premium,Monthly,39.99,credit_card,Oceania,1,
17,2025-06-22,Basic,Monthly,9.99,credit_card,South America,0,2025-10-14
18,2024-06-09,Standard,Monthly,19.99,bank_transfer,Asia,1,
19,2023-10-18,Standard,Monthly,19.99,credit_card,Europe,0,2024-08-22
20,2024-06-08,Basic,Monthly,9.99,paypal,North America,1,
21,2024-08-25,Basic,Monthly,9.99,credit_card,South America,1,
22,2024-06-20,Standard,Monthly,19.99,apple_pay,Europe,1,
23,2024-10-21,Basic,Monthly,9.99,credit_card,North America,1,
24,2023-06-29,Standard,Monthly,19.99,paypal,North America,1,
25,2025-03-02,Standard,Monthly,19.99,apple_pay,North America,1,
26,2025-09-24,Premium,Annual,39.99,credit_card,South America,1,
27,2024-12-27,Basic,Annual,9.99,credit_card,North America,1,
28,2024-08-08,Standard,Annual,19.99,bank_transfer,Europe,1,
29,2024-10-04,Standard,Monthly,19.99,credit_card,Asia,1,
30,2025-02-03,Basic,Annual,9.99,credit_card,North America,1,
31,2024-06-02,Basic,Monthly,9.99,bank_transfer,Oceania,0,2025-05-29
32,2024-12-29,Basic,Monthly,9.99,paypal,North America,1,
33,2024-05-26,Basic,Annual,9.99,paypal,Asia,1,
34,2024-05-24,Premium,Monthly,39.99,credit_card,Europe,1,
35,2023-12-16,Premium,Monthly,39.99,paypal,Europe,0,2025-07-29
36,2025-06-09,Premium,Monthly,39.99,apple_pay,Asia,1,
37,2024-07-10,Basic,Monthly,9.99,bank_transfer,Asia,1,
38,2025-03-05,Premium,Monthly,39.99,credit_card,North America,1,
39,2023-01-06,Premium,Monthly,39.99,credit_card,North America,1,
40,2023-09-21,Basic,Monthly,9.99,credit_card,Asia,1,
41,2024-07-17,Premium,Monthly,39.99,credit_card,North America,0,2025-01-12
42,2023-07-23,Basic,Monthly,9.99,paypal,Europe,1,
43,2024-09-20,Premium,Annual,39.99,credit_card,North America,1,
44,2023-03-18,Standard,Monthly,19.99,credit_card,North America,0,2025-01-01
45,2023-07-26,Basic,Annual,9.99,credit_card,Asia,1,
46,2023-04-11,Standard,Monthly,19.99,bank_transfer,North America,1,
47,2025-02-16,Premium,Monthly,39.99,credit_card,Europe,0,2025-07-08
48,2023-09-30,Basic,Monthly,9.99,credit_card,North America,1,
49,2024-11-27,Basic,Annual,9.99,apple_pay,Europe,1,
50,2023-08-31,Premium,Monthly,39.99,bank_transfer,Europe,1,
51,2024-01-16,Basic,Monthly,9.99,bank_transfer,North America,1,
52,2023-02-11,Standard,Monthly,19.99,apple_pay,North America,1,
53,2023-02-12,Standard,Annual,19.99,apple_pay,North America,1,
54,2024-06-26,Standard,Monthly,19.99,paypal,Europe,1,
55,2024-07-07,Standard,Monthly,19.99,paypal,South America,0,2025-10-05
56,2025-07-03,Standard,Monthly,19.99,bank_transfer,Europe,1,
57,2024-12-12,Standard,Monthly,19.99,credit_card,North America,0,2025-05-02
58,2023-02-22,Basic,Monthly,9.99,paypal,Europe,1,
59,2023-03-08,Basic,Annual,9.99,paypal,South America,0,2024-06-16
60,2023-06-04,Basic,Monthly,9.99,paypal,North America,1,
61,2024-05-16,Basic,Monthly,9.99,credit_card,North America,1,
62,2023-03-26,Premium,Annual,39.99,credit_card,Asia,1,
63,2023-05-22,Standard,Monthly,19.99,credit_card,South America,1,
64,2025-10-02,Standard,Monthly,19.99,apple_pay,Europe,0,2025-11-16
65,2025-10-27,Standard,Annual,19.99,credit_card,Asia,0,2025-12-25
66,2023-07-26,Standard,Monthly,19.99,bank_transfer,North America,1,
67,2024-07-25,Standard,Annual,19.99,paypal,Asia,1,
68,2025-05-25,Basic,Annual,9.99,apple_pay,Europe,0,2025-07-30
69,2024-02-02,Premium,Annual,39.99,credit_card,North America,1,
70,2024-07-27,Standard,Annual,19.99,paypal,Europe,1,
71,2025-06-04,Standard,Monthly,19.99,paypal,South America,0,2025-10-07
72,2024-05-24,Standard,Monthly,19.99,credit_card,North America,1,
73,2023-06-15,Standard,Monthly,19.99,credit_card,Europe,1,
74,2025-03-21,Basic,Monthly,9.99,credit_card,North America,1,
75,2025-02-19,Standard,Monthly,19.99,paypal,North America,1,
76,2023-08-09,Standard,Monthly,19.99,paypal,Asia,1,
77,2024-05-13,Standard,Monthly,19.99,bank_transfer,North America,1,
78,2023-06-18,Basic,Annual,9.99,credit_card,North America,1,
79,2023-11-01,Basic,Annual,9.99,credit_card,Asia,1,
80,2023-05-29,Standard,Monthly,19.99,credit_card,South America,1,
81,2023-03-19,Basic,Monthly,9.99,paypal,North America,0,2025-04-01
82,2023-03-24,Standard,Monthly,19.99,credit_card,Asia,1,
83,2023-01-12,Premium,Monthly,39.99,credit_card,North America,0,2025-08-20
84,2023-09-11,Standard,Monthly,19.99,credit_card,South America,0,2025-05-13
85,2025-03-05,Standard,Monthly,19.99,credit_card,North America,1,
86,2024-02-05,Standard,Monthly,19.99,paypal,Asia,1,
87,2025-09-02,Basic,Annual,9.99,credit_card,Asia,1,
88,2024-03-08,Premium,Monthly,39.99,bank_transfer,North America,1,
89,2024-06-03,Basic,Annual,9.99,paypal,North America,1,
90,2025-06-07,Basic,Annual,9.99,credit_card,North America,0,2025-10-29
91,2023-05-06,Standard,Monthly,19.99,apple_pay,Europe,1,
92,2024-06-25,Standard,Annual,19.99,bank_transfer,Asia,1,
93,2025-07-13,Basic,Monthly,9.99,paypal,Oceania,1,
94,2023-01-16,Standard,Monthly,19.99,credit_card,North America,1,
95,2025-08-17,Premium,Monthly,39.99,apple_pay,Europe,0,2025-12-13
96,2025-09-05,Premium,Annual,39.99,bank_transfer,North America,0,2025-11-16
97,2023-09-27,Standard,Annual,19.99,bank_transfer,Asia,1,
98,2023-09-27,Basic,Monthly,9.99,bank_transfer,North America,1,
99,2025-02-11,Basic,Monthly,9.99,bank_transfer,Europe,1,
100,2025-02-28,Premium,Monthly,39.99,paypal,North America,1,
101,2024-08-18,Basic,Monthly,9.99,credit_card,Asia,1,
102,2023-07-19,Basic,Monthly,9.99,paypal,Oceania,1,
103,2025-07-18,Basic,Annual,9.99,credit_card,North America,0,2025-10-15
104,2024-07-24,Basic,Monthly,9.99,paypal,North America,1,
105,2024-08-23,Standard,Monthly,19.99,bank_transfer,North America,1,
106,2025-10-07,Standard,Annual,19.99,paypal,Europe,1,
107,2024-12-26,Basic,Annual,9.99,credit_card,Europe,1,
108,2025-02-10,Basic,Monthly,9.99,apple_pay,Europe,1,
109,2023-07-12,Basic,Monthly,9.99,credit_card,Europe,1,
110,2025-01-01,Basic,Monthly,9.99,apple_pay,North America,1,
111,2025-09-20,Standard,Monthly,19.99,credit_card,North America,0,2025-12-10
112,2024-09-29,Standard,Monthly,19.99,credit_card,North America,1,
113,2025-01-21,Basic,Annual,9.99,credit_card,Europe,1,
114,2024-06-12,Standard,Annual,19.99,credit_card,North America,1,
115,2024-06-19,Standard,Monthly,19.99,credit_card,South America,1,
116,2025-09-12,Basic,Monthly,9.99,credit_card,South America,0,2025-12-27
117,2025-04-20,Basic,Monthly,9.99,credit_card,Europe,1,
118,2023-04-18,Basic,Annual,9.99,paypal,North America,1,
119,2023-08-24,Premium,Monthly,39.99,paypal,Oceania,1,
120,2024-05-17,Basic,Annual,9.99,paypal,North America,1,
121,2024-08-30,Basic,Monthly,9.99,credit_card,North America,1,
122,2025-03-02,Standard,Monthly,19.99,bank_transfer,Europe,0,2025-06-14
123,2023-03-20,Basic,Monthly,9.99,apple_pay,North America,1,
124,2025-10-15,Basic,Annual,9.99,bank_transfer,Europe,1,
125,2023-01-25,Basic,Monthly,9.99,credit_card,Europe,0,2025-08-22
126,2025-04-24,Basic,Annual,9.99,credit_card,Europe,1,
127,2024-04-07,Standard,Monthly,19.99,bank_transfer,Oceania,1,
128,2023-03-04,Basic,Annual,9.99,paypal,Europe,1,
129,2025-07-27,Standard,Monthly,19.99,apple_pay,North America,0,2025-12-22
130,2023-05-27,Basic,Monthly,9.99,paypal,Asia,1,
131,2024-07-29,Standard,Annual,19.99,bank_transfer,Europe,1,
132,2025-07-16,Standard,Monthly,19.99,credit_card,Asia,0,2025-09-25
133,2023-01-22,Standard,Annual,19.99,credit_card,North America,1,
134,2025-08-23,Basic,Monthly,9.99,apple_pay,Europe,1,
135,2025-04-12,Basic,Monthly,9.99,paypal,North America,1,
136,2024-06-24,Basic,Annual,9.99,bank_transfer,North America,1,
137,2025-04-06,Standard,Monthly,19.99,credit_card,Europe,1,
138,2024-12-13,Standard,Monthly,19.99,credit_card,North America,1,
139,2023-09-01,Premium,Annual,39.99,apple_pay,North America,1,
140,2024-09-10,Standard,Monthly,19.99,bank_transfer,Europe,0,2025-07-20
141,2023-09-27,Basic,Annual,9.99,paypal,Asia,1,
142,2024-12-30,Standard,Annual,19.99,credit_card,South America,1,
143,2023-12-28,Basic,Monthly,9.99,bank_transfer,North America,1,
144,2024-08-30,Standard,Annual,19.99,bank_transfer,North America,1,
145,2025-10-29,Basic,Monthly,9.99,apple_pay,South America,1,
146,2023-08-19,Standard,Monthly,19.99,credit_card,North America,0,2024-07-18
147,2023-02-19,Premium,Monthly,39.99,paypal,North America,1,
148,2025-08-19,Basic,Annual,9.99,credit_card,Europe,1,
149,2024-07-08,Basic,Annual,9.99,bank_transfer,Asia,1,
150,2025-09-03,Premium,Monthly,39.99,credit_card,North America,1,
151,2023-08-01,Standard,Monthly,19.99,apple_pay,Europe,1,
152,2023-07-29,Premium,Monthly,39.99,credit_card,Europe,0,2024-05-30
153,2023-10-18,Basic,Annual,9.99,credit_card,Asia,1,
154,2024-07-12,Standard,Annual,19.99,credit_card,North America,1,
155,2025-01-18,Basic,Monthly,9.99,bank_transfer,Asia,1,
156,2023-01-09,Basic,Annual,9.99,credit_card,Asia,1,
157,2025-04-19,Standard,Monthly,19.99,apple_pay,Europe,1,
158,2024-01-01,Basic,Monthly,9.99,credit_card,Europe,1,
159,2023-03-04,Basic,Monthly,9.99,credit_card,Asia,1,
160,2023-05-25,Basic,Monthly,9.99,credit_card,North America,1,
161,2024-03-08,Basic,Monthly,9.99,paypal,South America,1,
162,2024-02-08,Basic,Annual,9.99,credit_card,Europe,0,2025-05-06
163,2024-09-13,Standard,Monthly,19.99,apple_pay,Asia,1,
164,2024-09-10,Standard,Monthly,19.99,credit_card,North America,1,
165,2023-04-01,Premium,Annual,39.99,bank_transfer,Asia,1,
166,2024-07-11,Basic,Monthly,9.99,credit_card,North America,1,
167,2024-03-04,Premium,Annual,39.99,credit_card,North America,1,
168,2025-07-05,Premium,Monthly,39.99,bank_transfer,North America,1,
169,2024-09-23,Basic,Monthly,9.99,paypal,South America,1,
170,2025-03-15,Basic,Annual,9.99,credit_card,South America,0,2025-10-18
171,2024-12-31,Basic,Monthly,9.99,paypal,Europe,1,
172,2023-11-22,Premium,Monthly,39.99,credit_card,Asia,1,
173,2023-09-03,Standard,Monthly,19.99,credit_card,Europe,1,
174,2024-10-31,Premium,Monthly,39.99,credit_card,Asia,1,
175,2024-11-29,Premium,Monthly,39.99,bank_transfer,North America,1,
176,2025-05-26,Basic,Monthly,9.99,credit_card,Asia,0,2025-09-13
177,2023-12-27,Basic,Monthly,9.99,bank_transfer,Asia,1,
178,2024-11-27,Basic,Monthly,9.99,paypal,North America,1,
179,2023-09-14,Standard,Monthly,19.99,credit_card,North America,1,
180,2025-08-30,Basic,Monthly,9.99,credit_card,Asia,1,
181,2024-09-15,Standard,Monthly,19.99,credit_card,Asia,1,
182,2025-02-14,Basic,Monthly,9.99,paypal,North America,1,
183,2023-10-02,Premium,Annual,39.99,credit_card,North America,1,
184,2024-11-05,Basic,Monthly,9.99,bank_transfer,Asia,1,
185,2024-03-30,Standard,Monthly,19.99,paypal,Europe,0,2025-02-27
186,2025-10-31,Premium,Monthly,39.99,credit_card,South America,1,
187,2024-07-09,Premium,Monthly,39.99,credit_card,Europe,1,
188,2025-04-13,Basic,Monthly,9.99,credit_card,North America,0,2025-10-24
189,2023-05-25,Basic,Monthly,9.99,credit_card,North America,1,
190,2025-09-10,Premium,Annual,39.99,credit_card,North America,1,
191,2025-07-05,Premium,Annual,39.99,bank_transfer,Europe,1,
192,2023-03-29,Basic,Monthly,9.99,apple_pay,Europe,0,2025-08-07
193,2023-07-21,Standard,Monthly,19.99,apple_pay,North America,1,
194,2024-09-16,Basic,Monthly,9.99,credit_card,Asia,1,
195,2023-07-25,Basic,Monthly,9.99,paypal,South America,1,
196,2023-03-11,Standard,Monthly,19.99,credit_card,Europe,1,
197,2024-06-01,Basic,Monthly,9.99,credit_card,North America,1,
198,2023-10-14,Standard,Annual,19.99,credit_card,Asia,1,
199,2025-07-17,Standard,Monthly,19.99,apple_pay,North America,1,
200,2023-03-20,Basic,Monthly,9.99,paypal,North America,1,
201,2023-03-08,Standard,Monthly,19.99,credit_card,Asia,1,
202,2024-11-24,Standard,Monthly,19.99,credit_card,Asia,1,
203,2023-03-13,Premium,Annual,39.99,bank_transfer,North America,1,
204,2024-02-25,Basic,Annual,9.99,credit_card,Europe,1,
205,2023-05-04,Basic,Monthly,9.99,credit_card,North America,1,
206,2023-08-01,Basic,Annual,9.99,credit_card,Europe,1,
207,2025-06-13,Basic,Monthly,9.99,credit_card,Europe,1,
208,2025-09-21,Basic,Monthly,9.99,credit_card,North America,0,2025-12-04
209,2023-02-24,Premium,Annual,39.99,credit_card,Europe,1,
210,2024-10-15,Basic,Monthly,9.99,credit_card,Europe,1,
211,2023-01-07,Standard,Monthly,19.99,apple_pay,North America,1,
212,2023-10-15,Basic,Monthly,9.99,bank_transfer,North America,1,
213,2024-04-26,Basic,Monthly,9.99,credit_card,Oceania,1,
214,2025-06-22,Basic,Annual,9.99,credit_card,Asia,1,
215,2023-10-30,Premium,Annual,39.99,credit_card,Asia,1,
216,2024-07-16,Premium,Annual,39.99,paypal,Europe,1,
217,2024-07-17,Basic,Monthly,9.99,credit_card,Asia,1,
218,2025-01-13,Standard,Monthly,19.99,credit_card,North America,1,
219,2023-01-26,Premium,Annual,39.99,credit_card,North America,1,
220,2023-12-19,Basic,Monthly,9.99,apple_pay,Europe,0,2025-06-05
221,2025-07-08,Standard,Annual,19.99,apple_pay,North America,1,
222,2025-07-31,Premium,Monthly,39.99,bank_transfer,Europe,1,
223,2023-08-29,Standard,Monthly,19.99,credit_card,North America,0,2025-07-06
224,2025-09-30,Basic,Monthly,9.99,credit_card,Europe,1,
225,2024-05-24,Standard,Monthly,19.99,credit_card,North America,1,
226,2024-06-07,Standard,Monthly,19.99,apple_pay,Europe,1,
227,2023-04-17,Premium,Monthly,39.99,bank_transfer,Europe,1,
228,2023-03-14,Standard,Monthly,19.99,paypal,Europe,1,
229,2023-02-10,Premium,Monthly,39.99,paypal,Europe,1,
230,2025-03-14,Basic,Monthly,9.99,paypal,Asia,1,
231,2023-04-20,Premium,Monthly,39.99,credit_card,North America,1,
232,2023-08-09,Standard,Annual,19.99,credit_card,North America,1,
233,2024-06-24,Basic,Monthly,9.99,paypal,Asia,0,2025-05-04
234,2024-06-21,Standard,Annual,19.99,credit_card,Asia,1,
235,2023-04-04,Basic,Monthly,9.99,credit_card,North America,1,
236,2023-09-15,Basic,Monthly,9.99,credit_card,North America,1,
237,2024-01-25,Premium,Monthly,39.99,paypal,Asia,1,
238,2023-01-02,Premium,Annual,39.99,credit_card,North America,0,2025-01-21
239,2024-06-25,Basic,Monthly,9.99,paypal,Asia,0,2025-09-03
240,2025-03-13,Premium,Annual,39.99,bank_transfer,South America,1,
241,2023-01-06,Basic,Monthly,9.99,apple_pay,North America,1,
242,2024-04-03,Basic,Monthly,9.99,apple_pay,Europe,1,
243,2023-03-23,Basic,Monthly,9.99,bank_transfer,North America,0,2025-10-26
244,2024-03-30,Premium,Monthly,39.99,credit_card,Oceania,1,
245,2025-01-31,Basic,Annual,9.99,bank_transfer,North America,1,
246,2025-03-30,Basic,Monthly,9.99,apple_pay,North America,1,
247,2025-03-31,Basic,Monthly,9.99,paypal,North America,0,2025-07-12
248,2025-04-13,Standard,Annual,19.99,paypal,Europe,1,
249,2025-08-03,Basic,Annual,9.99,credit_card,Asia,0,2025-12-05
250,2025-04-16,Basic,Monthly,9.99,credit_card,North America,1,
251,2023-07-31,Basic,Monthly,9.99,credit_card,North America,1,
252,2025-08-05,Basic,Annual,9.99,credit_card,North America,1,
253,2025-05-18,Basic,Annual,9.99,bank_transfer,Asia,1,
254,2024-02-16,Premium,Monthly,39.99,paypal,Asia,1,
255,2025-06-22,Standard,Monthly,19.99,bank_transfer,Europe,1,
256,2024-12-17,Standard,Monthly,19.99,credit_card,North America,1,
257,2024-05-30,Basic,Annual,9.99,apple_pay,North America,1,
258,2025-10-24,Standard,Monthly,19.99,bank_transfer,Oceania,1,
259,2023-10-16,Basic,Monthly,9.99,credit_card,Oceania,0,2025-05-01
260,2024-08-31,Basic,Annual,9.99,credit_card,Oceania,1,
261,2023-03-09,Standard,Monthly,19.99,paypal,Europe,0,2025-08-22
262,2024-07-21,Standard,Monthly,19.99,credit_card,North America,1,
263,2024-11-06,Basic,Annual,9.99,credit_card,Asia,1,
264,2024-09-03,Standard,Annual,19.99,credit_card,Europe,1,
265,2023-08-17,Basic,Annual,9.99,paypal,Europe,1,
266,2025-10-15,Standard,Monthly,19.99,paypal,North America,1,
267,2023-04-26,Standard,Monthly,19.99,apple_pay,South America,1,
268,2024-10-03,Basic,Monthly,9.99,credit_card,North America,1,
269,2025-08-20,Basic,Annual,9.99,paypal,Asia,1,
270,2023-11-03,Standard,Monthly,19.99,paypal,Europe,1,
271,2024-11-08,Standard,Monthly,19.99,credit_card,North America,1,
272,2025-04-02,Standard,Annual,19.99,credit_card,Asia,1,
273,2024-12-18,Premium,Monthly,39.99,paypal,North America,1,
274,2024-02-01,Standard,Monthly,19.99,credit_card,Europe,1,
275,2023-12-03,Basic,Monthly,9.99,credit_card,North America,1,
276,2023-02-10,Basic,Annual,9.99,paypal,Asia,1,
277,2024-06-30,Premium,Monthly,39.99,paypal,Europe,1,
278,2024-04-03,Standard,Monthly,19.99,apple_pay,Europe,1,
279,2024-07-04,Basic,Monthly,9.99,credit_card,North America,1,
280,2025-07-15,Standard,Monthly,19.99,paypal,North America,0,2025-12-24
281,2025-05-27,Basic,Monthly,9.99,credit_card,Asia,1,
282,2025-03-08,Standard,Annual,19.99,apple_pay,North America,1,
283,2025-07-11,Basic,Monthly,9.99,apple_pay,Oceania,1,
284,2024-05-05,Premium,Monthly,39.99,paypal,Asia,1,
285,2023-02-10,Premium,Annual,39.99,apple_pay,Asia,1,
286,2025-01-27,Standard,Monthly,19.99,paypal,Europe,1,
287,2023-01-16,Basic,Monthly,9.99,credit_card,Asia,0,2024-10-08
288,2025-02-10,Standard,Monthly,19.99,credit_card,North America,1,
289,2023-12-23,Basic,Monthly,9.99,credit_card,Asia,0,2025-04-08
290,2024-02-12,Basic,Monthly,9.99,bank_transfer,South America,0,2025-05-12
291,2025-04-30,Standard,Monthly,19.99,credit_card,Europe,1,
292,2023-08-25,Premium,Monthly,39.99,credit_card,Europe,1,
293,2024-10-25,Basic,Annual,9.99,credit_card,Europe,1,
294,2023-05-21,Standard,Annual,19.99,paypal,North America,1,
295,2024-06-27,Basic,Monthly,9.99,credit_card,Europe,0,2025-01-08
296,2023-07-01,Basic,Annual,9.99,credit_card,South America,1,
297,2025-04-17,Standard,Annual,19.99,apple_pay,Oceania,0,2025-10-05
298,2024-05-31,Standard,Monthly,19.99,credit_card,Europe,1,
299,2025-05-26,Standard,Annual,19.99,credit_card,Europe,1,
300,2023-10-09,Standard,Monthly,19.99,credit_card,North America,1,
301,2024-07-09,Basic,Annual,9.99,credit_card,Asia,1,
302,2024-04-19,Premium,Monthly,39.99,paypal,Oceania,0,2024-11-30
303,2025-06-09,Basic,Monthly,9.99,credit_card,Asia,1,
304,2025-01-10,Standard,Annual,19.99,credit_card,South America,1,
305,2025-04-22,Premium,Monthly,39.99,credit_card,North America,0,2025-11-02
306,2025-01-27,Basic,Monthly,9.99,credit_card,Europe,0,2025-07-01
307,2024-07-21,Basic,Monthly,9.99,credit_card,North America,1,
308,2025-02-17,Premium,Monthly,39.99,paypal,Europe,0,2025-10-05
309,2024-05-17,Basic,Monthly,9.99,bank_transfer,South America,0,2025-12-23
310,2024-02-17,Basic,Annual,9.99,paypal,South America,1,
311,2025-07-29,Basic,Monthly,9.99,credit_card,North America,0,2025-12-30
312,2025-01-04,Premium,Monthly,39.99,credit_card,Oceania,0,2025-08-11
313,2024-04-13,Premium,Monthly,39.99,paypal,North America,1,
314,2024-08-20,Premium,Monthly,39.99,paypal,Asia,1,
315,2025-03-12,Premium,Monthly,39.99,paypal,Oceania,1,
316,2025-04-22,Basic,Monthly,9.99,paypal,North America,1,
317,2023-12-26,Basic,Monthly,9.99,paypal,Europe,1,
318,2024-10-23,Basic,Annual,9.99,credit_card,North America,1,
319,2023-04-07,Basic,Annual,9.99,credit_card,Asia,1,
320,2023-03-07,Standard,Annual,19.99,credit_card,North America,1,
321,2024-02-14,Basic,Monthly,9.99,credit_card,South America,0,2024-12-17
322,2025-01-23,Basic,Monthly,9.99,credit_card,North America,1,
323,2025-04-16,Basic,Monthly,9.99,credit_card,North America,0,2025-08-15
324,2023-09-10,Premium,Monthly,39.99,paypal,North America,1,
325,2023-10-24,Premium,Annual,39.99,credit_card,Asia,1,
326,2023-07-20,Basic,Annual,9.99,bank_transfer,North America,1,
327,2024-11-06,Standard,Annual,19.99,paypal,Asia,1,
328,2025-07-23,Basic,Monthly,9.99,credit_card,North America,1,
329,2023-09-26,Basic,Annual,9.99,credit_card,North America,1,
330,2024-05-30,Standard,Monthly,19.99,credit_card,Europe,1,
331,2024-03-12,Basic,Annual,9.99,bank_transfer,Oceania,1,
332,2023-06-17,Basic,Annual,9.99,paypal,North America,1,
333,2025-04-28,Standard,Annual,19.99,credit_card,Europe,0,2025-11-27
334,2025-02-04,Basic,Monthly,9.99,credit_card,South America,0,2025-12-05
335,2023-10-25,Standard,Annual,19.99,credit_card,North America,1,
336,2025-07-17,Premium,Monthly,39.99,apple_pay,North America,0,2025-11-10
337,2023-03-14,Basic,Monthly,9.99,credit_card,Europe,0,2025-01-20
338,2023-04-16,Standard,Monthly,19.99,credit_card,Europe,1,
339,2024-06-14,Basic,Annual,9.99,paypal,Asia,1,
340,2025-06-13,Standard,Monthly,19.99,credit_card,North America,1,
341,2025-02-21,Basic,Monthly,9.99,paypal,North America,1,
342,2024-11-09,Basic,Monthly,9.99,apple_pay,Europe,1,
343,2023-07-26,Basic,Monthly,9.99,paypal,Oceania,0,2025-01-04
344,2023-06-21,Basic,Annual,9.99,paypal,Asia,1,
345,2023-05-16,Standard,Annual,19.99,bank_transfer,North America,1,
346,2023-04-17,Premium,Monthly,39.99,credit_card,North America,1,
347,2024-11-15,Basic,Annual,9.99,bank_transfer,North America,1,
348,2023-11-13,Standard,Monthly,19.99,credit_card,North America,1,
349,2025-09-22,Basic,Annual,9.99,apple_pay,Asia,1,
350,2025-01-02,Basic,Monthly,9.99,paypal,Europe,1,
351,2024-02-21,Basic,Monthly,9.99,credit_card,North America,1,
352,2023-02-18,Standard,Monthly,19.99,apple_pay,North America,1,
353,2025-08-24,Basic,Annual,9.99,credit_card,North America,1,
354,2023-10-01,Standard,Monthly,19.99,bank_transfer,North America,1,
355,2024-08-15,Basic,Monthly,9.99,credit_card,North America,0,2025-07-01
356,2023-10-09,Standard,Monthly,19.99,bank_transfer,Asia,0,2024-10-30
357,2025-10-08,Premium,Monthly,39.99,paypal,Europe,1,
358,2023-02-26,Standard,Annual,19.99,credit_card,Asia,1,
359,2025-09-09,Standard,Monthly,19.99,credit_card,Europe,1,
360,2023-05-20,Standard,Monthly,19.99,credit_card,North America,0,2024-10-02
361,2025-07-23,Standard,Monthly,19.99,paypal,Asia,0,2025-10-03
362,2024-11-19,Basic,Annual,9.99,apple_pay,North America,0,2025-10-15
363,2025-04-11,Standard,Monthly,19.99,credit_card,Europe,1,
364,2023-01-10,Basic,Monthly,9.99,paypal,Asia,1,
365,2023-05-12,Premium,Monthly,39.99,paypal,North America,1,
366,2024-11-25,Premium,Monthly,39.99,paypal,Europe,0,2025-06-30
367,2025-03-01,Basic,Annual,9.99,credit_card,North America,1,
368,2023-06-09,Premium,Annual,39.99,credit_card,Europe,1,
369,2024-01-17,Standard,Monthly,19.99,credit_card,Europe,1,
370,2024-06-03,Standard,Monthly,19.99,bank_transfer,Oceania,1,
371,2025-05-19,Standard,Monthly,19.99,credit_card,Europe,1,
372,2023-07-28,Standard,Annual,19.99,paypal,Asia,1,
373,2024-01-24,Basic,Monthly,9.99,paypal,Asia,1,
374,2024-10-04,Standard,Monthly,19.99,paypal,Asia,1,
375,2024-02-26,Basic,Annual,9.99,paypal,Europe,1,
376,2024-10-02,Basic,Monthly,9.99,credit_card,South America,1,
377,2024-05-27,Basic,Annual,9.99,credit_card,Asia,1,
378,2023-02-04,Standard,Annual,19.99,credit_card,North America,1,
379,2023-03-21,Standard,Monthly,19.99,bank_transfer,Europe,0,2025-03-22
380,2023-11-25,Premium,Monthly,39.99,credit_card,South America,1,
381,2025-02-11,Standard,Monthly,19.99,credit_card,North America,1,
382,2025-07-24,Basic,Monthly,9.99,paypal,North America,0,2025-10-23
383,2024-03-28,Standard,Annual,19.99,credit_card,South America,1,
384,2024-05-05,Standard,Monthly,19.99,paypal,Europe,1,
385,2025-10-15,Standard,Monthly,19.99,credit_card,Europe,1,
386,2025-09-14,Basic,Monthly,9.99,paypal,North America,0,2025-12-30
387,2023-09-08,Basic,Monthly,9.99,credit_card,Europe,1,
388,2023-02-21,Basic,Monthly,9.99,credit_card,North America,1,
389,2024-06-26,Standard,Monthly,19.99,paypal,North America,0,2024-11-28
390,2024-06-27,Premium,Monthly,39.99,paypal,Asia,1,
391,2023-06-29,Standard,Annual,19.99,credit_card,South America,0,2024-08-28
392,2023-06-19,Basic,Monthly,9.99,credit_card,North America,0,2024-06-23
393,2024-07-22,Standard,Annual,19.99,paypal,North America,1,
394,2024-08-07,Basic,Monthly,9.99,apple_pay,South America,1,
395,2024-09-01,Standard,Monthly,19.99,credit_card,Europe,1,
396,2024-12-14,Basic,Annual,9.99,bank_transfer,Europe,1,
397,2023-08-24,Basic,Annual,9.99,bank_transfer,South America,1,
398,2023-10-24,Basic,Annual,9.99,paypal,Europe,1,
399,2024-03-31,Basic,Monthly,9.99,credit_card,South America,1,
400,2024-10-06,Basic,Monthly,9.99,credit_card,Asia,1,
401,2025-04-10,Standard,Annual,19.99,credit_card,South America,1,
402,2025-03-04,Standard,Annual,19.99,apple_pay,Europe,1,
403,2023-07-12,Premium,Monthly,39.99,paypal,North America,1,
404,2024-03-28,Basic,Monthly,9.99,credit_card,Europe,1,
405,2023-07-21,Standard,Monthly,19.99,paypal,Europe,1,
406,2023-11-13,Standard,Monthly,19.99,credit_card,Asia,1,
407,2023-09-21,Premium,Monthly,39.99,paypal,North America,1,
408,2024-09-25,Standard,Monthly,19.99,paypal,South America,1,
409,2024-10-02,Premium,Monthly,39.99,bank_transfer,North America,1,
410,2024-04-01,Standard,Monthly,19.99,credit_card,Asia,1,
411,2023-10-28,Basic,Monthly,9.99,paypal,Oceania,1,
412,2024-05-06,Basic,Annual,9.99,credit_card,Europe,0,2025-12-27
413,2024-08-15,Standard,Annual,19.99,credit_card,Europe,1,
414,2025-05-12,Basic,Monthly,9.99,bank_transfer,North America,1,
415,2025-09-03,Basic,Monthly,9.99,credit_card,North America,1,
416,2024-05-02,Basic,Annual,9.99,credit_card,Asia,1,
417,2023-02-25,Basic,Monthly,9.99,credit_card,North America,1,
418,2025-03-13,Basic,Annual,9.99,bank_transfer,Asia,1,
419,2024-03-03,Standard,Monthly,19.99,apple_pay,North America,0,2025-01-22
420,2025-01-11,Basic,Monthly,9.99,bank_transfer,Oceania,1,
421,2025-05-18,Basic,Annual,9.99,credit_card,Europe,1,
422,2025-03-18,Basic,Monthly,9.99,credit_card,Europe,0,2025-08-13
423,2024-04-22,Standard,Monthly,19.99,apple_pay,North America,0,2025-10-16
424,2023-06-05,Premium,Annual,39.99,paypal,Europe,1,
425,2024-10-31,Premium,Monthly,39.99,credit_card,Europe,0,2025-05-14
426,2025-02-21,Standard,Monthly,19.99,credit_card,North America,1,
427,2023-08-30,Basic,Monthly,9.99,paypal,North America,1,
428,2024-02-22,Basic,Monthly,9.99,credit_card,South America,1,
429,2025-06-20,Standard,Monthly,19.99,bank_transfer,Asia,1,
430,2025-03-17,Premium,Monthly,39.99,paypal,Europe,1,
431,2023-09-08,Basic,Annual,9.99,credit_card,Europe,1,
432,2025-02-20,Basic,Monthly,9.99,bank_transfer,North America,1,
433,2024-07-09,Premium,Monthly,39.99,bank_transfer,South America,1,
434,2023-12-18,Standard,Monthly,19.99,paypal,North America,0,2025-02-07
435,2024-08-29,Basic,Monthly,9.99,apple_pay,North America,1,
436,2025-07-01,Basic,Monthly,9.99,credit_card,North America,1,
437,2025-01-21,Basic,Monthly,9.99,credit_card,Europe,1,
438,2023-10-31,Basic,Monthly,9.99,apple_pay,North America,0,2024-07-30
439,2024-09-21,Standard,Monthly,19.99,apple_pay,North America,1,
440,2023-01-27,Basic,Monthly,9.99,apple_pay,North America,1,
441,2024-09-20,Standard,Annual,19.99,credit_card,South America,1,
442,2024-03-23,Standard,Monthly,19.99,credit_card,North America,1,
443,2023-05-11,Basic,Annual,9.99,apple_pay,North America,1,
444,2025-05-19,Standard,Monthly,19.99,paypal,North America,1,
445,2023-08-09,Basic,Monthly,9.99,bank_transfer,Europe,1,
446,2024-07-01,Basic,Monthly,9.99,apple_pay,North America,1,
447,2025-10-11,Basic,Monthly,9.99,credit_card,Asia,1,
448,2023-02-13,Standard,Monthly,19.99,apple_pay,Europe,1,
449,2023-12-23,Basic,Monthly,9.99,apple_pay,Asia,0,2025-12-15
450,2025-05-21,Basic,Monthly,9.99,credit_card,North America,0,2025-10-20
451,2024-09-13,Standard,Monthly,19.99,apple_pay,Europe,1,
452,2023-07-06,Standard,Annual,19.99,paypal,North America,1,
453,2023-03-12,Basic,Monthly,9.99,credit_card,Europe,1,
454,2025-05-19,Premium,Monthly,39.99,paypal,Europe,1,
455,2024-01-08,Basic,Annual,9.99,credit_card,Asia,1,
456,2024-02-25,Basic,Annual,9.99,paypal,North America,0,2025-08-31
457,2023-09-16,Premium,Annual,39.99,paypal,North America,1,
458,2024-11-03,Basic,Monthly,9.99,credit_card,North America,1,
459,2023-09-24,Basic,Monthly,9.99,credit_card,Asia,1,
460,2025-05-30,Standard,Monthly,19.99,credit_card,North America,1,
461,2023-01-16,Basic,Monthly,9.99,paypal,North America,1,
462,2024-12-11,Basic,Annual,9.99,apple_pay,Europe,1,
463,2024-01-06,Premium,Monthly,39.99,paypal,Asia,1,
464,2025-03-08,Standard,Monthly,19.99,credit_card,North America,1,
465,2024-02-21,Premium,Monthly,39.99,credit_card,Europe,1,
466,2024-04-22,Basic,Monthly,9.99,apple_pay,Asia,1,
467,2023-10-14,Basic,Monthly,9.99,paypal,North America,0,2024-09-16
468,2025-07-06,Standard,Annual,19.99,credit_card,North America,1,
469,2024-09-23,Premium,Annual,39.99,apple_pay,Asia,1,
470,2023-02-06,Basic,Monthly,9.99,credit_card,North America,1,
471,2024-03-11,Premium,Annual,39.99,paypal,Europe,1,
472,2024-11-23,Premium,Monthly,39.99,credit_card,Asia,1,
473,2023-01-03,Standard,Monthly,19.99,paypal,North America,0,2024-05-13
474,2025-01-20,Basic,Monthly,9.99,credit_card,North America,0,2025-09-03
475,2023-11-15,Premium,Monthly,39.99,apple_pay,North America,1,
476,2025-09-18,Premium,Monthly,39.99,bank_transfer,North America,1,
477,2025-09-27,Premium,Monthly,39.99,bank_transfer,Europe,1,
478,2023-10-02,Basic,Monthly,9.99,paypal,North America,0,2024-12-24
479,2025-04-23,Basic,Monthly,9.99,apple_pay,North America,1,
480,2025-03-06,Basic,Annual,9.99,paypal,Europe,1,
481,2025-07-25,Standard,Annual,19.99,paypal,Asia,1,
482,2025-09-24,Basic,Annual,9.99,credit_card,North America,1,
483,2024-05-25,Standard,Monthly,19.99,credit_card,North America,1,
484,2025-02-21,Basic,Monthly,9.99,credit_card,North America,1,
485,2024-04-07,Basic,Monthly,9.99,credit_card,North America,1,
486,2023-06-07,Premium,Annual,39.99,paypal,South America,0,2024-11-15
487,2023-01-31,Basic,Monthly,9.99,credit_card,Asia,1,
488,2023-08-05,Standard,Monthly,19.99,credit_card,North America,1,
489,2023-08-08,Premium,Annual,39.99,paypal,North America,1,
490,2023-07-19,Standard,Monthly,19.99,credit_card,North America,1,
491,2025-02-23,Basic,Monthly,9.99,apple_pay,North America,1,
492,2024-10-30,Standard,Annual,19.99,credit_card,North America,1,
493,2024-05-20,Premium,Annual,39.99,credit_card,Oceania,1,
494,2024-04-08,Basic,Annual,9.99,credit_card,North America,1,
495,2023-06-15,Basic,Monthly,9.99,credit_card,Europe,0,2024-09-25
496,2024-12-13,Standard,Annual,19.99,credit_card,South America,1,
497,2024-02-24,Standard,Annual,19.99,credit_card,Europe,1,
498,2025-05-20,Standard,Monthly,19.99,credit_card,North America,1,
499,2025-04-18,Basic,Monthly,9.99,credit_card,North America,1,
500,2023-02-14,Standard,Monthly,19.99,apple_pay,Asia,1,
501,2024-06-05,Premium,Monthly,39.99,credit_card,Oceania,1,
502,2025-07-04,Basic,Monthly,9.99,paypal,North America,1,
503,2023-03-11,Standard,Monthly,19.99,credit_card,Asia,0,2024-02-04
504,2025-08-05,Basic,Monthly,9.99,paypal,Asia,1,
505,2025-08-24,Basic,Annual,9.99,paypal,North America,1,
506,2023-02-27,Basic,Monthly,9.99,credit_card,Europe,1,
507,2025-04-17,Standard,Monthly,19.99,bank_transfer,North America,1,
508,2025-07-17,Standard,Monthly,19.99,bank_transfer,North America,0,2025-11-03
509,2025-07-04,Basic,Monthly,9.99,credit_card,Europe,1,
510,2023-05-22,Standard,Monthly,19.99,credit_card,Europe,1,
511,2024-02-23,Standard,Monthly,19.99,credit_card,Europe,1,
512,2024-02-07,Premium,Monthly,39.99,paypal,Europe,1,
513,2025-10-22,Premium,Monthly,39.99,bank_transfer,South America,1,
514,2025-06-07,Standard,Monthly,19.99,apple_pay,Europe,0,2025-09-08
515,2023-06-04,Premium,Monthly,39.99,paypal,South America,0,2024-03-17
516,2024-06-04,Standard,Monthly,19.99,bank_transfer,Europe,1,
517,2023-04-07,Standard,Monthly,19.99,paypal,North America,1,
518,2024-08-08,Standard,Monthly,19.99,credit_card,North America,1,
519,2024-01-29,Premium,Annual,39.99,credit_card,Europe,1,
520,2024-08-15,Standard,Monthly,19.99,bank_transfer,South America,1,
521,2023-07-04,Premium,Monthly,39.99,credit_card,Europe,1,
522,2025-09-14,Basic,Monthly,9.99,credit_card,North America,1,
523,2025-09-21,Basic,Monthly,9.99,bank_transfer,North America,1,
524,2024-01-14,Standard,Monthly,19.99,credit_card,Oceania,1,
525,2023-08-14,Basic,Annual,9.99,credit_card,Asia,0,2024-11-25
526,2025-01-07,Standard,Monthly,19.99,credit_card,North America,1,
527,2023-11-19,Basic,Monthly,9.99,credit_card,Europe,1,
528,2024-08-11,Premium,Monthly,39.99,credit_card,Asia,1,
529,2023-08-05,Standard,Annual,19.99,paypal,Asia,1,
530,2025-03-30,Basic,Annual,9.99,paypal,North America,1,
531,2023-02-01,Standard,Monthly,19.99,bank_transfer,Europe,0,2025-01-22
532,2024-02-07,Standard,Monthly,19.99,credit_card,Asia,1,
533,2023-11-27,Standard,Annual,19.99,apple_pay,South America,1,
534,2024-02-09,Basic,Monthly,9.99,bank_transfer,Europe,0,2025-10-24
535,2024-10-06,Standard,Monthly,19.99,credit_card,North America,1,
536,2023-06-18,Basic,Monthly,9.99,credit_card,Asia,1,
537,2023-10-05,Standard,Monthly,19.99,credit_card,South America,1,
538,2024-04-17,Basic,Monthly,9.99,credit_card,Oceania,0,2025-01-11
539,2023-06-03,Standard,Monthly,19.99,paypal,North America,1,
540,2024-02-15,Premium,Monthly,39.99,paypal,Asia,1,
541,2024-05-28,Premium,Annual,39.99,bank_transfer,Europe,1,
542,2025-01-13,Standard,Monthly,19.99,credit_card,Europe,1,
543,2024-12-03,Basic,Annual,9.99,credit_card,Asia,1,
544,2025-07-06,Standard,Annual,19.99,bank_transfer,North America,1,
545,2024-06-18,Premium,Monthly,39.99,bank_transfer,North America,0,2025-05-24
546,2023-01-03,Premium,Annual,39.99,credit_card,North America,1,
547,2025-02-19,Basic,Annual,9.99,credit_card,North America,1,
548,2025-02-19,Standard,Monthly,19.99,paypal,South America,1,
549,2024-05-26,Basic,Monthly,9.99,credit_card,Oceania,1,
550,2024-01-27,Premium,Monthly,39.99,paypal,South America,1,
551,2023-08-23,Basic,Monthly,9.99,apple_pay,Europe,1,
552,2024-08-28,Premium,Monthly,39.99,bank_transfer,Europe,1,
553,2025-01-17,Premium,Monthly,39.99,credit_card,Asia,1,
554,2024-11-04,Premium,Monthly,39.99,credit_card,North America,1,
555,2024-04-26,Basic,Monthly,9.99,credit_card,Asia,0,2024-10-22
556,2024-11-15,Premium,Monthly,39.99,credit_card,Europe,0,2025-05-01
557,2025-09-24,Standard,Monthly,19.99,paypal,North America,1,
558,2024-11-08,Basic,Monthly,9.99,credit_card,North America,1,
559,2024-02-24,Basic,Monthly,9.99,credit_card,North America,1,
560,2024-11-06,Basic,Monthly,9.99,paypal,North America,1,
561,2025-09-23,Basic,Monthly,9.99,credit_card,North America,1,
562,2024-08-13,Standard,Monthly,19.99,credit_card,North America,1,
563,2023-02-13,Basic,Annual,9.99,bank_transfer,Asia,1,
564,2023-01-09,Premium,Annual,39.99,bank_transfer,South America,1,
565,2023-08-18,Standard,Annual,19.99,credit_card,Asia,1,
566,2023-07-27,Standard,Annual,19.99,apple_pay,South America,1,
567,2023-02-12,Basic,Annual,9.99,credit_card,Asia,1,
568,2023-07-31,Basic,Annual,9.99,paypal,North America,1,
569,2023-09-22,Premium,Monthly,39.99,credit_card,North America,1,
570,2024-05-21,Standard,Monthly,19.99,credit_card,North America,1,
571,2023-07-23,Premium,Monthly,39.99,credit_card,North America,1,
572,2025-09-02,Basic,Monthly,9.99,paypal,South America,1,
573,2024-01-31,Premium,Annual,39.99,credit_card,Asia,1,
574,2025-08-12,Basic,Annual,9.99,apple_pay,North America,1,
575,2025-10-19,Premium,Monthly,39.99,credit_card,Europe,1,
576,2025-03-17,Basic,Monthly,9.99,paypal,Europe,1,
577,2024-05-26,Basic,Monthly,9.99,credit_card,North America,0,2025-01-05
578,2023-03-07,Standard,Monthly,19.99,apple_pay,Asia,0,2025-01-31
579,2025-08-12,Basic,Monthly,9.99,credit_card,Europe,1,
580,2025-01-16,Standard,Monthly,19.99,paypal,North America,1,
581,2024-02-05,Basic,Monthly,9.99,apple_pay,Europe,1,
582,2024-06-26,Standard,Monthly,19.99,credit_card,Europe,0,2025-09-23
583,2023-08-01,Standard,Monthly,19.99,paypal,Europe,1,
584,2024-05-02,Standard,Annual,19.99,credit_card,North America,1,
585,2024-08-19,Basic,Monthly,9.99,credit_card,Asia,1,
586,2025-10-24,Basic,Monthly,9.99,credit_card,Europe,1,
587,2024-11-10,Standard,Monthly,19.99,paypal,Europe,1,
588,2025-04-01,Basic,Monthly,9.99,apple_pay,Europe,1,
589,2025-10-31,Basic,Annual,9.99,apple_pay,Asia,1,
590,2024-08-22,Basic,Annual,9.99,bank_transfer,South America,1,
591,2025-02-11,Standard,Monthly,19.99,apple_pay,Europe,1,
592,2023-09-08,Basic,Monthly,9.99,credit_card,Asia,1,
593,2023-11-02,Standard,Annual,19.99,bank_transfer,Europe,1,
594,2025-05-01,Standard,Annual,19.99,credit_card,North America,1,
595,2024-12-21,Standard,Monthly,19.99,credit_card,Asia,1,
596,2025-07-22,Basic,Monthly,9.99,paypal,Asia,1,
597,2025-06-11,Standard,Monthly,19.99,credit_card,Europe,1,
598,2023-03-17,Standard,Monthly,19.99,credit_card,North America,0,2024-04-17
599,2023-05-18,Basic,Annual,9.99,credit_card,North America,1,
600,2023-05-09,Premium,Annual,39.99,paypal,North America,1,
601,2024-05-03,Premium,Monthly,39.99,credit_card,North America,1,
602,2025-06-20,Basic,Monthly,9.99,credit_card,North America,1,
603,2024-03-12,Premium,Monthly,39.99,paypal,North America,1,
604,2025-08-14,Basic,Monthly,9.99,paypal,North America,1,
605,2025-06-16,Basic,Monthly,9.99,credit_card,North America,1,
606,2024-07-06,Premium,Monthly,39.99,credit_card,North America,1,
607,2024-01-02,Basic,Monthly,9.99,credit_card,North America,1,
608,2023-10-22,Basic,Monthly,9.99,credit_card,Europe,0,2025-01-09
609,2025-05-18,Basic,Monthly,9.99,apple_pay,North America,1,
610,2023-04-19,Basic,Monthly,9.99,credit_card,Asia,0,2024-06-02
611,2023-11-10,Premium,Annual,39.99,apple_pay,Europe,1,
612,2023-12-16,Standard,Monthly,19.99,paypal,Europe,0,2024-07-23
613,2024-09-21,Premium,Monthly,39.99,bank_transfer,Europe,1,
614,2024-11-12,Premium,Monthly,39.99,credit_card,North America,1,
615,2025-01-31,Premium,Monthly,39.99,paypal,Europe,1,
616,2024-06-16,Basic,Annual,9.99,credit_card,Asia,1,
617,2023-02-04,Standard,Monthly,19.99,bank_transfer,North America,1,
618,2023-01-01,Basic,Monthly,9.99,paypal,Europe,0,2024-02-21
619,2025-05-12,Standard,Monthly,19.99,credit_card,Europe,1,
620,2024-10-15,Basic,Monthly,9.99,apple_pay,Europe,1,
621,2024-08-06,Basic,Monthly,9.99,bank_transfer,Asia,0,2025-02-21
622,2024-08-03,Standard,Monthly,19.99,paypal,South America,1,
623,2024-12-31,Basic,Annual,9.99,credit_card,Asia,1,
624,2024-02-09,Standard,Monthly,19.99,bank_transfer,Asia,1,
625,2024-06-01,Standard,Annual,19.99,credit_card,Europe,1,
626,2025-09-20,Premium,Monthly,39.99,apple_pay,North America,1,
627,2024-05-13,Premium,Annual,39.99,paypal,Europe,1,
628,2025-05-07,Basic,Monthly,9.99,bank_transfer,Asia,1,
629,2023-07-31,Basic,Monthly,9.99,credit_card,North America,0,2024-05-12
630,2023-11-17,Basic,Monthly,9.99,paypal,Europe,1,
631,2025-03-08,Basic,Annual,9.99,credit_card,Europe,1,
632,2025-04-01,Premium,Monthly,39.99,paypal,North America,0,2025-12-29
633,2024-09-09,Standard,Annual,19.99,paypal,Oceania,1,
634,2023-11-29,Standard,Monthly,19.99,apple_pay,Europe,1,
635,2023-04-15,Standard,Monthly,19.99,apple_pay,Asia,0,2025-10-29
636,2025-06-16,Standard,Monthly,19.99,paypal,Europe,1,
637,2023-04-19,Standard,Monthly,19.99,bank_transfer,North America,1,
638,2025-07-18,Basic,Monthly,9.99,paypal,Asia,0,2025-11-23
639,2025-08-30,Basic,Monthly,9.99,credit_card,Europe,0,2025-11-27
640,2024-03-24,Standard,Monthly,19.99,apple_pay,Europe,0,2025-01-28
641,2025-10-18,Basic,Monthly,9.99,bank_transfer,Europe,0,2025-12-30
642,2024-04-04,Premium,Monthly,39.99,paypal,Asia,0,2025-06-03
643,2025-05-07,Premium,Monthly,39.99,paypal,Asia,1,
644,2024-12-14,Standard,Annual,19.99,credit_card,Asia,1,
645,2025-10-11,Basic,Monthly,9.99,credit_card,Europe,1,
646,2024-03-11,Basic,Monthly,9.99,apple_pay,North America,1,
647,2023-02-12,Premium,Monthly,39.99,paypal,Europe,1,
648,2023-11-06,Standard,Annual,19.99,credit_card,Asia,1,
649,2023-05-23,Basic,Annual,9.99,credit_card,Asia,0,2025-12-15
650,2024-10-29,Basic,Annual,9.99,credit_card,South America,1,
651,2023-09-04,Standard,Monthly,19.99,credit_card,North America,1,
652,2024-02-29,Basic,Monthly,9.99,paypal,Europe,1,
653,2024-09-22,Premium,Monthly,39.99,credit_card,North America,1,
654,2024-04-07,Standard,Monthly,19.99,bank_transfer,North America,1,
655,2023-09-11,Standard,Annual,19.99,bank_transfer,Asia,1,
656,2024-09-16,Standard,Monthly,19.99,credit_card,Europe,0,2025-01-17
657,2023-09-25,Premium,Monthly,39.99,apple_pay,North America,1,
658,2024-03-08,Basic,Monthly,9.99,credit_card,Europe,0,2025-09-28
659,2023-01-09,Standard,Monthly,19.99,paypal,South America,1,
660,2023-08-31,Premium,Monthly,39.99,credit_card,Europe,0,2025-02-09
661,2023-04-22,Premium,Monthly,39.99,credit_card,Asia,1,
662,2024-09-27,Standard,Annual,19.99,paypal,North America,1,
663,2024-06-27,Basic,Monthly,9.99,credit_card,Europe,0,2025-12-07
664,2024-02-29,Standard,Monthly,19.99,bank_transfer,North America,1,
665,2024-05-30,Basic,Monthly,9.99,bank_transfer,South America,0,2025-03-03
666,2025-02-18,Standard,Monthly,19.99,bank_transfer,Europe,1,
667,2023-12-26,Basic,Annual,9.99,credit_card,Asia,1,
668,2024-04-10,Basic,Monthly,9.99,credit_card,Europe,1,
669,2023-03-25,Basic,Monthly,9.99,credit_card,Asia,0,2025-03-23
670,2025-02-08,Standard,Monthly,19.99,credit_card,Europe,1,
671,2024-04-17,Standard,Monthly,19.99,paypal,North America,0,2024-12-15
672,2025-07-21,Basic,Monthly,9.99,apple_pay,Asia,1,
673,2024-10-12,Premium,Monthly,39.99,credit_card,North America,0,2025-05-03
674,2024-12-10,Premium,Monthly,39.99,credit_card,North America,1,
675,2023-04-15,Basic,Annual,9.99,apple_pay,Europe,1,
676,2023-12-18,Basic,Monthly,9.99,credit_card,Asia,1,
677,2024-02-25,Basic,Annual,9.99,credit_card,North America,1,
678,2025-05-14,Basic,Annual,9.99,credit_card,Europe,0,2025-12-21
679,2024-06-06,Standard,Monthly,19.99,bank_transfer,Oceania,1,
680,2024-11-27,Standard,Monthly,19.99,bank_transfer,North America,0,2025-10-25
681,2023-09-21,Standard,Monthly,19.99,bank_transfer,Oceania,1,
682,2025-07-13,Standard,Monthly,19.99,bank_transfer,Asia,0,2025-11-20
683,2024-07-18,Standard,Monthly,19.99,credit_card,Europe,0,2025-04-29
684,2023-09-10,Standard,Monthly,19.99,bank_transfer,North America,0,2024-08-30
685,2024-12-25,Basic,Annual,9.99,credit_card,North America,1,
686,2023-02-04,Premium,Annual,39.99,paypal,Asia,1,
687,2023-11-27,Standard,Monthly,19.99,paypal,Europe,1,
688,2023-03-23,Standard,Annual,19.99,credit_card,North America,0,2024-01-07
689,2025-04-02,Standard,Monthly,19.99,credit_card,Oceania,1,
690,2025-02-13,Basic,Monthly,9.99,credit_card,Europe,1,
691,2024-01-01,Standard,Annual,19.99,credit_card,Asia,1,
692,2023-01-11,Premium,Monthly,39.99,paypal,Asia,0,2025-03-08
693,2024-04-07,Basic,Annual,9.99,credit_card,North America,1,
694,2023-11-28,Premium,Monthly,39.99,credit_card,North America,1,
695,2023-11-30,Premium,Monthly,39.99,bank_transfer,Europe,1,
696,2025-09-27,Premium,Monthly,39.99,credit_card,Asia,1,
697,2025-04-05,Basic,Monthly,9.99,credit_card,North America,1,
698,2023-03-06,Premium,Monthly,39.99,paypal,North America,1,
699,2023-05-28,Premium,Annual,39.99,credit_card,Europe,1,
700,2024-01-05,Basic,Monthly,9.99,paypal,Europe,0,2025-04-09
701,2025-01-18,Standard,Annual,19.99,credit_card,Europe,1,
702,2023-06-05,Basic,Monthly,9.99,credit_card,North America,1,
703,2023-01-22,Basic,Monthly,9.99,paypal,North America,0,2024-04-12
704,2023-11-16,Standard,Monthly,19.99,credit_card,Oceania,1,
705,2023-03-26,Standard,Annual,19.99,bank_transfer,North America,1,
706,2024-07-23,Premium,Annual,39.99,credit_card,Europe,1,
707,2025-05-24,Standard,Monthly,19.99,paypal,Europe,1,
708,2023-01-08,Premium,Monthly,39.99,credit_card,North America,1,
709,2025-09-26,Basic,Monthly,9.99,credit_card,North America,1,
710,2024-11-25,Basic,Annual,9.99,paypal,Oceania,1,
711,2024-11-06,Premium,Annual,39.99,credit_card,North America,1,
712,2025-03-01,Basic,Monthly,9.99,credit_card,Europe,1,
713,2024-05-07,Basic,Monthly,9.99,credit_card,North America,1,
714,2024-07-10,Basic,Monthly,9.99,credit_card,Asia,1,
715,2025-02-20,Standard,Monthly,19.99,credit_card,Europe,1,
716,2023-08-24,Basic,Monthly,9.99,credit_card,Europe,1,
717,2025-08-21,Basic,Monthly,9.99,credit_card,North America,1,
718,2025-04-22,Basic,Annual,9.99,paypal,Europe,1,
719,2025-09-11,Basic,Monthly,9.99,bank_transfer,North America,0,2025-11-10
720,2025-09-25,Standard,Annual,19.99,credit_card,North America,1,
721,2024-01-16,Standard,Annual,19.99,paypal,Europe,0,2025-12-26
722,2025-05-18,Standard,Monthly,19.99,apple_pay,Europe,1,
723,2024-08-04,Standard,Monthly,19.99,paypal,Europe,1,
724,2024-07-05,Basic,Monthly,9.99,credit_card,Europe,1,
725,2025-08-09,Basic,Annual,9.99,apple_pay,Europe,1,
726,2024-07-19,Basic,Annual,9.99,credit_card,Europe,0,2025-06-11
727,2024-07-27,Premium,Monthly,39.99,credit_card,North America,1,
728,2024-06-23,Basic,Monthly,9.99,credit_card,Europe,1,
729,2025-04-30,Basic,Monthly,9.99,credit_card,Europe,1,
730,2024-05-14,Premium,Monthly,39.99,credit_card,North America,1,
731,2024-10-08,Standard,Annual,19.99,credit_card,Europe,1,
732,2023-11-03,Basic,Monthly,9.99,bank_transfer,South America,1,
733,2023-04-29,Standard,Annual,19.99,credit_card,Asia,0,2024-02-21
734,2023-11-17,Basic,Annual,9.99,credit_card,North America,1,
735,2024-08-14,Basic,Monthly,9.99,credit_card,Asia,0,2025-05-07
736,2023-10-06,Basic,Monthly,9.99,apple_pay,Europe,1,
737,2023-03-08,Basic,Monthly,9.99,bank_transfer,North America,1,
738,2023-08-21,Basic,Monthly,9.99,credit_card,Europe,1,
739,2023-08-03,Standard,Monthly,19.99,paypal,Europe,1,
740,2025-03-17,Basic,Monthly,9.99,paypal,Europe,1,
741,2024-01-08,Premium,Monthly,39.99,paypal,North America,1,
742,2023-01-01,Basic,Monthly,9.99,paypal,Europe,0,2025-12-21
743,2024-05-26,Standard,Monthly,19.99,credit_card,North America,1,
744,2024-07-18,Standard,Annual,19.99,credit_card,Europe,1,
745,2025-03-22,Basic,Annual,9.99,credit_card,Asia,1,
746,2023-10-09,Premium,Monthly,39.99,credit_card,North America,1,
747,2025-01-20,Basic,Monthly,9.99,credit_card,Asia,1,
748,2024-01-02,Standard,Annual,19.99,credit_card,Europe,1,
749,2025-05-26,Standard,Monthly,19.99,bank_transfer,North America,1,
750,2023-07-26,Standard,Annual,19.99,paypal,Asia,1,
751,2023-12-23,Standard,Monthly,19.99,apple_pay,North America,1,
752,2023-11-06,Basic,Monthly,9.99,paypal,North America,1,
753,2025-05-21,Basic,Monthly,9.99,credit_card,North America,0,2025-10-28
754,2024-01-28,Basic,Monthly,9.99,bank_transfer,Europe,1,
755,2023-08-29,Basic,Annual,9.99,apple_pay,South America,1,
756,2025-03-15,Basic,Monthly,9.99,paypal,North America,1,
757,2023-12-17,Basic,Annual,9.99,paypal,North America,1,
758,2024-02-24,Standard,Monthly,19.99,paypal,North America,1,
759,2023-11-21,Basic,Monthly,9.99,credit_card,Asia,1,
760,2023-12-28,Basic,Monthly,9.99,credit_card,Asia,0,2024-08-02
761,2025-01-04,Standard,Monthly,19.99,credit_card,South America,1,
762,2024-08-14,Standard,Monthly,19.99,paypal,Europe,1,
763,2024-12-03,Basic,Annual,9.99,credit_card,Europe,1,
764,2025-06-21,Premium,Monthly,39.99,bank_transfer,Asia,0,2025-09-12
765,2023-07-16,Basic,Monthly,9.99,apple_pay,North America,0,2025-09-08
766,2024-04-22,Basic,Monthly,9.99,paypal,North America,1,
767,2023-07-09,Standard,Monthly,19.99,credit_card,North America,0,2025-10-29
768,2024-12-24,Premium,Monthly,39.99,paypal,North America,1,
769,2024-02-21,Basic,Monthly,9.99,credit_card,Europe,0,2025-12-23
770,2024-08-29,Basic,Monthly,9.99,paypal,North America,1,
771,2024-03-09,Premium,Monthly,39.99,bank_transfer,Europe,1,
772,2025-07-03,Basic,Annual,9.99,credit_card,North America,1,
773,2023-01-06,Standard,Annual,19.99,bank_transfer,Europe,1,
774,2023-07-03,Standard,Annual,19.99,credit_card,North America,1,
775,2025-01-07,Basic,Monthly,9.99,bank_transfer,South America,0,2025-04-12
776,2023-03-18,Standard,Monthly,19.99,paypal,Europe,1,
777,2025-06-26,Standard,Monthly,19.99,credit_card,Europe,1,
778,2025-03-25,Basic,Monthly,9.99,credit_card,Europe,1,
779,2023-10-25,Basic,Monthly,9.99,credit_card,Asia,1,
780,2024-01-28,Premium,Monthly,39.99,bank_transfer,South America,1,
781,2023-12-28,Basic,Monthly,9.99,credit_card,Europe,0,2024-10-25
782,2023-01-23,Basic,Monthly,9.99,credit_card,North America,1,
783,2023-01-10,Basic,Monthly,9.99,paypal,North America,1,
784,2023-02-28,Basic,Annual,9.99,paypal,Asia,1,
785,2025-09-14,Basic,Monthly,9.99,paypal,Europe,1,
786,2024-11-25,Basic,Monthly,9.99,credit_card,Asia,1,
787,2025-10-09,Standard,Monthly,19.99,paypal,North America,1,
788,2025-03-30,Premium,Monthly,39.99,credit_card,Asia,1,
789,2024-04-18,Basic,Monthly,9.99,credit_card,North America,0,2025-02-23
790,2023-03-14,Basic,Monthly,9.99,credit_card,Oceania,1,
791,2025-08-21,Basic,Monthly,9.99,credit_card,North America,0,2025-10-15
792,2023-03-08,Basic,Monthly,9.99,credit_card,Europe,0,2024-03-05
793,2024-11-27,Basic,Annual,9.99,apple_pay,Europe,1,
794,2024-09-08,Basic,Monthly,9.99,credit_card,Europe,0,2025-12-22
795,2025-01-02,Basic,Monthly,9.99,paypal,Europe,0,2025-08-30
796,2025-07-18,Standard,Monthly,19.99,credit_card,Asia,1,
797,2023-01-11,Standard,Monthly,19.99,credit_card,North America,1,
798,2023-12-28,Premium,Monthly,39.99,credit_card,North America,1,
799,2023-06-03,Standard,Annual,19.99,bank_transfer,Asia,1,
800,2023-05-26,Standard,Annual,19.99,credit_card,Asia,1,
801,2025-05-01,Premium,Monthly,39.99,credit_card,North America,1,
802,2023-08-11,Standard,Monthly,19.99,credit_card,Asia,1,
803,2023-06-22,Standard,Annual,19.99,credit_card,North America,1,
804,2025-07-29,Standard,Monthly,19.99,credit_card,Europe,1,
805,2023-01-29,Basic,Monthly,9.99,credit_card,North America,1,
806,2024-11-07,Basic,Monthly,9.99,apple_pay,Europe,1,
807,2024-04-28,Standard,Annual,19.99,credit_card,North America,1,
808,2025-06-03,Basic,Monthly,9.99,bank_transfer,Asia,1,
809,2025-01-26,Basic,Annual,9.99,paypal,Europe,1,
810,2023-06-26,Basic,Annual,9.99,paypal,North America,0,2025-06-06
811,2023-10-14,Standard,Monthly,19.99,apple_pay,Asia,1,
812,2023-12-27,Premium,Annual,39.99,paypal,Europe,1,
813,2024-10-21,Basic,Monthly,9.99,apple_pay,South America,1,
814,2024-06-12,Standard,Annual,19.99,credit_card,North America,0,2025-12-30
815,2025-05-18,Standard,Monthly,19.99,credit_card,Asia,1,
816,2025-03-22,Standard,Annual,19.99,credit_card,North America,1,
817,2024-08-05,Basic,Monthly,9.99,apple_pay,Europe,1,
818,2024-09-26,Basic,Monthly,9.99,credit_card,North America,1,
819,2025-06-29,Standard,Monthly,19.99,credit_card,North America,1,
820,2024-04-08,Basic,Monthly,9.99,bank_transfer,North America,1,
821,2025-06-23,Basic,Annual,9.99,credit_card,North America,1,
822,2023-02-11,Basic,Monthly,9.99,bank_transfer,North America,1,
823,2025-10-07,Premium,Annual,39.99,apple_pay,Europe,1,
824,2024-10-27,Basic,Annual,9.99,credit_card,Asia,1,
825,2025-10-31,Basic,Monthly,9.99,bank_transfer,Asia,1,
826,2023-09-28,Premium,Monthly,39.99,paypal,Europe,0,2024-05-15
827,2024-03-16,Basic,Annual,9.99,paypal,North America,1,
828,2023-09-15,Basic,Monthly,9.99,credit_card,North America,0,2025-07-21
829,2024-10-12,Standard,Monthly,19.99,paypal,North America,0,2025-08-30
830,2025-07-24,Basic,Monthly,9.99,credit_card,North America,1,
831,2024-07-22,Basic,Monthly,9.99,credit_card,North America,1,
832,2024-06-01,Premium,Monthly,39.99,credit_card,Asia,1,
833,2024-12-13,Basic,Annual,9.99,credit_card,Oceania,1,
834,2024-07-06,Basic,Monthly,9.99,paypal,North America,1,
835,2024-01-23,Basic,Monthly,9.99,bank_transfer,Europe,0,2025-07-07
836,2024-04-24,Basic,Monthly,9.99,apple_pay,North America,0,2025-04-17
837,2025-06-04,Basic,Monthly,9.99,credit_card,Europe,1,
838,2023-10-07,Basic,Monthly,9.99,apple_pay,Asia,1,
839,2024-11-11,Basic,Annual,9.99,bank_transfer,North America,1,
840,2024-08-08,Basic,Annual,9.99,paypal,Europe,1,
841,2024-02-19,Premium,Monthly,39.99,paypal,Europe,1,
842,2023-05-15,Basic,Monthly,9.99,paypal,Asia,1,
843,2024-12-23,Basic,Annual,9.99,credit_card,North America,1,
844,2024-03-22,Basic,Monthly,9.99,credit_card,North America,0,2025-11-03
845,2025-07-13,Standard,Annual,19.99,credit_card,North America,1,
846,2023-01-19,Standard,Monthly,19.99,credit_card,North America,1,
847,2023-03-02,Premium,Monthly,39.99,credit_card,Europe,1,
848,2024-02-05,Standard,Monthly,19.99,paypal,Europe,1,
849,2025-01-05,Standard,Monthly,19.99,paypal,North America,1,
850,2023-04-17,Standard,Monthly,19.99,paypal,Europe,1,
851,2023-05-14,Standard,Monthly,19.99,paypal,Europe,1,
852,2025-03-11,Standard,Monthly,19.99,credit_card,North America,1,
853,2025-08-09,Basic,Monthly,9.99,paypal,Asia,1,
854,2025-09-01,Basic,Monthly,9.99,credit_card,North America,1,
855,2025-06-25,Standard,Monthly,19.99,paypal,North America,1,
856,2023-07-30,Standard,Monthly,19.99,paypal,North America,1,
857,2024-10-16,Premium,Monthly,39.99,paypal,North America,1,
858,2025-01-06,Standard,Monthly,19.99,paypal,Europe,0,2025-06-22
859,2024-05-03,Basic,Monthly,9.99,credit_card,South America,1,
860,2025-03-10,Standard,Annual,19.99,credit_card,Europe,1,
861,2024-05-16,Standard,Annual,19.99,credit_card,Asia,1,
862,2024-01-06,Standard,Monthly,19.99,credit_card,North America,1,
863,2025-04-13,Standard,Monthly,19.99,paypal,Asia,1,
864,2024-11-08,Basic,Annual,9.99,bank_transfer,North America,0,2025-11-06
865,2024-07-26,Standard,Monthly,19.99,credit_card,South America,0,2025-10-29
866,2024-01-08,Standard,Monthly,19.99,apple_pay,Europe,0,2024-08-31
867,2024-11-25,Premium,Monthly,39.99,credit_card,Asia,0,2025-03-24
868,2024-08-31,Premium,Annual,39.99,paypal,North America,1,
869,2023-04-08,Premium,Monthly,39.99,bank_transfer,North America,1,
870,2025-10-01,Standard,Annual,19.99,credit_card,Asia,1,
871,2024-01-08,Standard,Monthly,19.99,credit_card,South America,1,
872,2025-04-13,Basic,Monthly,9.99,bank_transfer,Asia,1,
873,2025-08-04,Standard,Monthly,19.99,credit_card,North America,1,
874,2023-06-19,Premium,Monthly,39.99,credit_card,North America,1,
875,2024-02-02,Premium,Annual,39.99,credit_card,Europe,1,
876,2024-10-01,Standard,Monthly,19.99,paypal,North America,1,
877,2023-01-05,Premium,Monthly,39.99,paypal,Asia,1,
878,2025-05-09,Standard,Annual,19.99,paypal,North America,1,
879,2025-07-06,Standard,Annual,19.99,paypal,North America,1,
880,2023-05-06,Standard,Monthly,19.99,paypal,Asia,1,
881,2023-11-02,Standard,Monthly,19.99,credit_card,Europe,1,
882,2024-12-11,Standard,Monthly,19.99,credit_card,North America,1,
883,2024-09-03,Standard,Monthly,19.99,credit_card,North America,1,
884,2023-07-03,Standard,Annual,19.99,paypal,North America,1,
885,2024-11-22,Basic,Annual,9.99,paypal,Europe,1,
886,2025-07-15,Basic,Monthly,9.99,paypal,Europe,1,
887,2023-04-25,Basic,Annual,9.99,apple_pay,Asia,0,2025-12-03
888,2025-02-14,Premium,Monthly,39.99,paypal,Europe,1,
889,2024-03-11,Basic,Monthly,9.99,paypal,Europe,1,
890,2024-11-22,Basic,Monthly,9.99,paypal,North America,0,2025-07-24
891,2025-05-25,Standard,Monthly,19.99,credit_card,Asia,1,
892,2024-10-03,Basic,Annual,9.99,apple_pay,Europe,1,
893,2025-09-19,Premium,Monthly,39.99,apple_pay,Europe,1,
894,2024-07-26,Basic,Annual,9.99,credit_card,Asia,0,2025-06-29
895,2025-01-28,Basic,Monthly,9.99,bank_transfer,Europe,1,
896,2023-05-03,Basic,Monthly,9.99,apple_pay,North America,1,
897,2023-07-31,Basic,Monthly,9.99,bank_transfer,Asia,1,
898,2023-05-16,Basic,Annual,9.99,credit_card,Europe,1,
899,2024-01-08,Premium,Annual,39.99,credit_card,Oceania,1,
900,2025-02-18,Basic,Monthly,9.99,credit_card,North America,1,
901,2023-04-22,Standard,Monthly,19.99,credit_card,Asia,1,
902,2025-09-24,Standard,Monthly,19.99,paypal,North America,1,
903,2025-08-05,Basic,Monthly,9.99,paypal,Europe,1,
904,2025-08-16,Basic,Monthly,9.99,credit_card,North America,1,
905,2024-12-29,Standard,Monthly,19.99,paypal,Asia,0,2025-07-14
906,2024-10-22,Premium,Annual,39.99,credit_card,Asia,1,
907,2024-11-09,Standard,Monthly,19.99,bank_transfer,North America,1,
908,2024-01-02,Basic,Monthly,9.99,apple_pay,Europe,1,
909,2025-07-12,Premium,Monthly,39.99,credit_card,Europe,1,
910,2024-04-06,Premium,Monthly,39.99,credit_card,Europe,0,2024-11-24
911,2024-09-27,Standard,Annual,19.99,bank_transfer,Asia,1,
912,2023-09-06,Standard,Monthly,19.99,credit_card,North America,1,
913,2024-01-05,Premium,Annual,39.99,bank_transfer,North America,1,
914,2023-05-06,Basic,Monthly,9.99,apple_pay,North America,1,
915,2024-07-12,Basic,Monthly,9.99,apple_pay,Asia,1,
916,2023-04-01,Basic,Monthly,9.99,credit_card,Asia,1,
917,2024-08-08,Basic,Monthly,9.99,credit_card,North America,1,
918,2024-05-30,Premium,Monthly,39.99,credit_card,North America,0,2025-08-05
919,2024-03-20,Premium,Monthly,39.99,credit_card,North America,1,
920,2024-02-29,Premium,Monthly,39.99,credit_card,North America,1,
921,2025-06-13,Basic,Monthly,9.99,bank_transfer,Europe,1,
922,2025-07-03,Basic,Annual,9.99,credit_card,North America,0,2025-11-03
923,2025-09-27,Premium,Monthly,39.99,credit_card,North America,0,2025-12-18
924,2024-08-14,Standard,Monthly,19.99,apple_pay,North America,1,
925,2025-08-26,Basic,Monthly,9.99,credit_card,Asia,1,
926,2023-03-07,Premium,Annual,39.99,credit_card,North America,1,
927,2024-02-19,Basic,Annual,9.99,credit_card,Asia,1,
928,2025-06-17,Premium,Monthly,39.99,credit_card,North America,1,
929,2023-11-21,Basic,Monthly,9.99,credit_card,Europe,0,2024-07-29
930,2025-01-08,Standard,Monthly,19.99,credit_card,North America,1,
931,2023-08-15,Basic,Monthly,9.99,credit_card,North America,1,
932,2025-07-25,Standard,Annual,19.99,credit_card,South America,1,
933,2025-03-29,Standard,Monthly,19.99,credit_card,Europe,1,
934,2025-07-24,Basic,Annual,9.99,paypal,Europe,1,
935,2023-02-01,Premium,Monthly,39.99,paypal,Europe,1,
936,2024-11-08,Basic,Monthly,9.99,credit_card,Europe,1,
937,2023-01-28,Basic,Monthly,9.99,credit_card,North America,1,
938,2024-05-04,Basic,Annual,9.99,paypal,North America,1,
939,2023-08-27,Premium,Monthly,39.99,credit_card,Europe,1,
940,2025-09-17,Basic,Monthly,9.99,apple_pay,Europe,1,
941,2025-08-12,Basic,Monthly,9.99,paypal,North America,0,2025-10-24
942,2023-04-11,Basic,Annual,9.99,credit_card,Europe,1,
943,2025-02-18,Standard,Monthly,19.99,credit_card,Europe,1,
944,2025-05-25,Basic,Monthly,9.99,credit_card,Europe,1,
945,2024-12-14,Premium,Monthly,39.99,bank_transfer,North America,1,
946,2023-02-05,Basic,Monthly,9.99,bank_transfer,Europe,0,2025-03-20
947,2024-01-17,Standard,Monthly,19.99,credit_card,South America,1,
948,2023-02-07,Premium,Monthly,39.99,credit_card,North America,1,
949,2025-07-26,Standard,Monthly,19.99,credit_card,North America,0,2025-12-18
950,2025-05-23,Standard,Monthly,19.99,bank_transfer,North America,0,2025-11-28
951,2025-08-22,Standard,Monthly,19.99,paypal,North America,1,
952,2025-09-26,Standard,Annual,19.99,credit_card,Asia,1,
953,2025-03-28,Basic,Annual,9.99,paypal,Europe,1,
954,2023-02-02,Standard,Annual,19.99,apple_pay,Oceania,1,
955,2023-07-09,Premium,Monthly,39.99,credit_card,Oceania,1,
956,2025-04-04,Basic,Annual,9.99,credit_card,Europe,1,
957,2023-04-28,Standard,Monthly,19.99,bank_transfer,South America,1,
958,2025-05-27,Standard,Annual,19.99,credit_card,Europe,1,
959,2023-06-05,Premium,Monthly,39.99,paypal,North America,1,
960,2023-06-08,Basic,Monthly,9.99,apple_pay,Europe,1,
961,2024-03-07,Basic,Monthly,9.99,credit_card,North America,1,
962,2023-10-24,Premium,Monthly,39.99,credit_card,Europe,1,
963,2025-07-18,Standard,Monthly,19.99,bank_transfer,South America,1,
964,2023-09-03,Standard,Monthly,19.99,apple_pay,Europe,1,
965,2023-04-12,Standard,Monthly,19.99,credit_card,Asia,1,
966,2024-10-26,Standard,Annual,19.99,bank_transfer,North America,1,
967,2025-02-13,Basic,Monthly,9.99,credit_card,Asia,1,
968,2025-01-04,Premium,Monthly,39.99,bank_transfer,North America,1,
969,2024-04-11,Basic,Annual,9.99,credit_card,North America,1,
970,2024-01-23,Standard,Annual,19.99,bank_transfer,North America,1,
971,2025-05-28,Basic,Monthly,9.99,credit_card,Europe,1,
972,2025-04-14,Basic,Monthly,9.99,credit_card,North America,1,
973,2024-12-06,Premium,Monthly,39.99,credit_card,Europe,1,
974,2025-04-05,Basic,Monthly,9.99,paypal,Asia,0,2025-12-14
975,2025-10-09,Basic,Monthly,9.99,credit_card,Europe,1,
976,2023-05-16,Premium,Monthly,39.99,credit_card,Europe,1,
977,2024-12-11,Standard,Annual,19.99,bank_transfer,Asia,1,
978,2025-07-08,Standard,Monthly,19.99,paypal,Asia,1,
979,2024-12-31,Basic,Monthly,9.99,paypal,Europe,1,
980,2023-11-04,Standard,Monthly,19.99,paypal,Asia,1,
981,2025-01-29,Basic,Annual,9.99,apple_pay,Asia,1,
982,2023-04-09,Premium,Monthly,39.99,credit_card,North America,1,
983,2023-08-06,Basic,Annual,9.99,credit_card,Asia,1,
984,2025-01-25,Premium,Monthly,39.99,paypal,North America,1,
985,2023-01-10,Premium,Monthly,39.99,bank_transfer,North America,1,
986,2025-02-01,Basic,Monthly,9.99,apple_pay,North America,1,
987,2024-03-11,Basic,Annual,9.99,credit_card,Europe,1,
988,2025-10-19,Basic,Monthly,9.99,bank_transfer,North America,1,
989,2024-07-03,Basic,Monthly,9.99,apple_pay,Europe,0,2025-11-22
990,2025-03-19,Premium,Monthly,39.99,credit_card,Europe,0,2025-07-31
991,2025-01-22,Standard,Monthly,19.99,credit_card,North America,0,2025-12-17
992,2024-03-03,Standard,Annual,19.99,credit_card,South America,1,
993,2023-02-26,Premium,Monthly,39.99,paypal,Asia,1,
994,2025-01-15,Premium,Monthly,39.99,credit_card,North America,1,
995,2025-07-11,Premium,Monthly,39.99,credit_card,North America,1,
996,2025-07-02,Standard,Monthly,19.99,paypal,Europe,1,
997,2025-03-10,Standard,Monthly,19.99,paypal,Europe,1,
998,2024-01-24,Premium,Annual,39.99,bank_transfer,Europe,1,
999,2023-06-05,Standard,Monthly,19.99,credit_card,Oceania,1,
1000,2023-05-22,Standard,Monthly,19.99,bank_transfer,Oceania,1,
1001,2023-06-09,Basic,Monthly,9.99,credit_card,North America,1,
1002,2025-07-06,Standard,Monthly,19.99,bank_transfer,North America,0,2025-09-29
1003,2025-10-22,Basic,Monthly,9.99,credit_card,Oceania,0,2025-12-13
1004,2024-09-01,Basic,Monthly,9.99,bank_transfer,North America,0,2025-01-05
1005,2024-08-15,Premium,Monthly,39.99,paypal,North America,1,
1006,2024-07-22,Basic,Annual,9.99,paypal,Asia,1,
1007,2025-02-02,Standard,Monthly,19.99,credit_card,Asia,1,
1008,2023-03-05,Standard,Monthly,19.99,credit_card,North America,1,
1009,2023-03-28,Premium,Monthly,39.99,paypal,Europe,1,
1010,2023-10-22,Premium,Annual,39.99,credit_card,North America,1,
1011,2023-05-01,Basic,Annual,9.99,bank_transfer,Europe,1,
1012,2024-01-07,Basic,Monthly,9.99,paypal,Europe,0,2025-07-12
1013,2025-06-07,Premium,Monthly,39.99,credit_card,Europe,1,
1014,2023-04-27,Basic,Monthly,9.99,apple_pay,South America,1,
1015,2024-10-15,Standard,Monthly,19.99,bank_transfer,Asia,1,
1016,2024-07-17,Basic,Annual,9.99,paypal,North America,1,
1017,2024-08-09,Basic,Monthly,9.99,credit_card,North America,1,
1018,2024-04-30,Basic,Annual,9.99,credit_card,Europe,1,
1019,2023-06-15,Standard,Annual,19.99,paypal,Europe,1,
1020,2024-09-20,Basic,Monthly,9.99,credit_card,North America,1,
1021,2025-03-28,Standard,Annual,19.99,paypal,Asia,1,
1022,2023-07-31,Basic,Monthly,9.99,bank_transfer,North America,1,
1023,2024-10-17,Basic,Monthly,9.99,credit_card,North America,1,
1024,2024-02-08,Standard,Monthly,19.99,credit_card,Asia,1,
1025,2023-04-17,Basic,Annual,9.99,bank_transfer,Europe,0,2024-06-17
1026,2025-10-08,Premium,Monthly,39.99,credit_card,Europe,1,
1027,2023-06-23,Basic,Monthly,9.99,paypal,Europe,1,
1028,2024-05-31,Basic,Monthly,9.99,paypal,North America,1,
1029,2023-10-15,Standard,Monthly,19.99,paypal,Europe,1,
1030,2025-08-16,Standard,Annual,19.99,credit_card,North America,1,
1031,2023-10-23,Standard,Annual,19.99,credit_card,Europe,1,
1032,2025-01-21,Standard,Monthly,19.99,credit_card,South America,1,
1033,2023-08-24,Basic,Annual,9.99,credit_card,North America,1,
1034,2025-06-27,Standard,Monthly,19.99,paypal,North America,1,
1035,2025-06-27,Premium,Monthly,39.99,credit_card,Europe,1,
1036,2024-03-08,Premium,Monthly,39.99,paypal,Europe,1,
1037,2024-01-31,Basic,Monthly,9.99,credit_card,Europe,1,
1038,2025-02-10,Standard,Annual,19.99,paypal,North America,0,2025-09-25
1039,2023-06-21,Basic,Monthly,9.99,apple_pay,Oceania,1,
1040,2024-10-13,Basic,Monthly,9.99,credit_card,North America,0,2025-04-15
1041,2025-07-08,Premium,Monthly,39.99,credit_card,Europe,1,
1042,2024-10-06,Basic,Monthly,9.99,paypal,Europe,1,
1043,2024-03-24,Basic,Monthly,9.99,credit_card,North America,1,
1044,2023-10-09,Basic,Monthly,9.99,credit_card,Asia,1,
1045,2023-03-06,Basic,Monthly,9.99,paypal,Europe,1,
1046,2024-03-06,Basic,Monthly,9.99,credit_card,South America,1,
1047,2025-10-18,Basic,Monthly,9.99,paypal,North America,1,
1048,2024-08-06,Standard,Annual,19.99,apple_pay,North America,1,
1049,2023-09-20,Standard,Annual,19.99,bank_transfer,North America,1,
1050,2024-07-09,Standard,Annual,19.99,bank_transfer,Europe,1,
1051,2024-05-23,Basic,Annual,9.99,credit_card,Oceania,1,
1052,2025-10-12,Standard,Monthly,19.99,paypal,Asia,1,
1053,2023-04-08,Basic,Annual,9.99,credit_card,Europe,1,
1054,2023-06-18,Standard,Annual,19.99,paypal,Asia,1,
1055,2023-04-24,Basic,Monthly,9.99,paypal,Europe,1,
1056,2023-08-16,Basic,Annual,9.99,credit_card,North America,1,
1057,2024-03-14,Standard,Monthly,19.99,credit_card,Europe,1,
1058,2023-07-04,Basic,Monthly,9.99,apple_pay,Europe,1,
1059,2025-10-04,Standard,Annual,19.99,apple_pay,Oceania,1,
1060,2025-08-12,Basic,Monthly,9.99,paypal,North America,0,2025-09-26
1061,2025-05-27,Basic,Annual,9.99,paypal,Asia,1,
1062,2023-06-17,Premium,Annual,39.99,paypal,South America,1,
1063,2025-02-12,Premium,Monthly,39.99,bank_transfer,North America,1,
1064,2025-10-31,Premium,Monthly,39.99,paypal,North America,1,
1065,2024-05-25,Basic,Monthly,9.99,paypal,Oceania,1,
1066,2023-01-21,Basic,Monthly,9.99,paypal,North America,1,
1067,2024-04-30,Basic,Monthly,9.99,credit_card,North America,1,
1068,2025-05-13,Standard,Annual,19.99,apple_pay,Europe,1,
1069,2024-11-27,Basic,Annual,9.99,apple_pay,North America,1,
1070,2024-11-29,Premium,Monthly,39.99,credit_card,Europe,0,2025-03-30
1071,2024-10-01,Basic,Monthly,9.99,credit_card,North America,0,2025-02-15
1072,2025-01-22,Basic,Annual,9.99,paypal,South America,1,
1073,2025-02-16,Standard,Monthly,19.99,credit_card,Europe,1,
1074,2023-07-30,Premium,Monthly,39.99,apple_pay,Asia,1,
1075,2025-03-26,Basic,Monthly,9.99,bank_transfer,Asia,0,2025-07-31
1076,2023-04-03,Standard,Monthly,19.99,bank_transfer,Asia,1,
1077,2023-12-02,Basic,Monthly,9.99,credit_card,North America,1,
1078,2023-01-20,Basic,Monthly,9.99,credit_card,Europe,1,
1079,2024-03-23,Premium,Monthly,39.99,paypal,Europe,1,
1080,2023-09-02,Basic,Monthly,9.99,credit_card,Europe,0,2024-12-12
1081,2023-07-25,Premium,Monthly,39.99,apple_pay,North America,1,
1082,2024-07-14,Standard,Monthly,19.99,credit_card,Europe,1,
1083,2024-02-16,Basic,Monthly,9.99,paypal,North America,1,
1084,2024-08-21,Basic,Annual,9.99,paypal,North America,1,
1085,2023-06-16,Standard,Monthly,19.99,paypal,Oceania,1,
1086,2024-03-12,Premium,Annual,39.99,credit_card,North America,1,
1087,2024-11-14,Standard,Annual,19.99,apple_pay,Europe,1,
1088,2023-10-20,Basic,Monthly,9.99,paypal,Asia,1,
1089,2024-03-04,Basic,Monthly,9.99,apple_pay,South America,1,
1090,2024-11-30,Standard,Monthly,19.99,credit_card,Europe,1,
1091,2023-11-16,Basic,Monthly,9.99,paypal,North America,1,
1092,2024-04-07,Premium,Monthly,39.99,bank_transfer,Asia,1,
1093,2023-01-03,Basic,Monthly,9.99,apple_pay,Europe,1,
1094,2024-09-11,Basic,Monthly,9.99,paypal,Asia,1,
1095,2023-03-17,Premium,Monthly,39.99,paypal,Asia,1,
1096,2025-01-20,Basic,Monthly,9.99,credit_card,Europe,0,2025-10-23
1097,2025-10-05,Basic,Annual,9.99,credit_card,North America,1,
1098,2023-07-03,Standard,Annual,19.99,credit_card,Europe,1,
1099,2024-06-20,Basic,Annual,9.99,bank_transfer,Europe,1,
1100,2024-05-20,Basic,Annual,9.99,paypal,Europe,1,
1101,2024-05-18,Standard,Monthly,19.99,credit_card,South America,1,
1102,2023-09-09,Premium,Annual,39.99,paypal,North America,0,2025-03-29
1103,2024-02-27,Standard,Annual,19.99,credit_card,Asia,0,2025-11-20
1104,2024-04-27,Standard,Annual,19.99,credit_card,Europe,1,
1105,2024-02-06,Basic,Monthly,9.99,credit_card,South America,1,
1106,2025-04-04,Basic,Monthly,9.99,credit_card,North America,1,
1107,2025-01-29,Standard,Annual,19.99,paypal,North America,1,
1108,2024-11-13,Standard,Monthly,19.99,bank_transfer,Europe,1,
1109,2024-04-30,Standard,Monthly,19.99,credit_card,North America,1,
1110,2025-10-06,Standard,Monthly,19.99,credit_card,Asia,1,
1111,2023-01-31,Basic,Monthly,9.99,credit_card,South America,1,
1112,2024-03-05,Premium,Monthly,39.99,credit_card,Europe,1,
1113,2025-03-27,Standard,Monthly,19.99,apple_pay,Europe,1,
1114,2025-02-27,Premium,Monthly,39.99,credit_card,Asia,1,
1115,2025-09-06,Basic,Monthly,9.99,credit_card,North America,0,2025-12-04
1116,2025-05-22,Standard,Monthly,19.99,credit_card,Asia,0,2025-07-18
1117,2025-01-19,Standard,Annual,19.99,bank_transfer,Asia,1,
1118,2024-06-05,Basic,Annual,9.99,apple_pay,South America,1,
1119,2024-12-28,Premium,Monthly,39.99,credit_card,North America,1,
1120,2025-04-02,Basic,Monthly,9.99,credit_card,South America,0,2025-06-21
1121,2023-04-02,Standard,Monthly,19.99,credit_card,North America,0,2024-06-22
1122,2023-12-30,Standard,Annual,19.99,bank_transfer,North America,1,
1123,2024-12-06,Standard,Monthly,19.99,credit_card,Europe,1,
1124,2023-07-16,Premium,Monthly,39.99,paypal,North America,1,
1125,2023-09-01,Standard,Monthly,19.99,bank_transfer,North America,1,
1126,2023-11-08,Basic,Monthly,9.99,credit_card,North America,1,
1127,2024-06-05,Premium,Monthly,39.99,paypal,South America,1,
1128,2023-01-05,Standard,Monthly,19.99,credit_card,Europe,1,
1129,2025-08-01,Premium,Annual,39.99,bank_transfer,Asia,1,
1130,2024-11-14,Standard,Monthly,19.99,credit_card,Europe,1,
1131,2024-06-13,Basic,Monthly,9.99,apple_pay,Europe,1,
1132,2023-09-26,Basic,Monthly,9.99,credit_card,Europe,1,
1133,2025-09-23,Basic,Monthly,9.99,credit_card,Asia,1,
1134,2024-07-27,Premium,Monthly,39.99,credit_card,North America,1,
1135,2024-05-10,Basic,Annual,9.99,paypal,South America,1,
1136,2024-07-04,Basic,Annual,9.99,credit_card,North America,0,2025-01-21
1137,2023-12-07,Premium,Annual,39.99,credit_card,South America,1,
1138,2023-09-23,Standard,Monthly,19.99,paypal,Asia,0,2024-12-01
1139,2024-07-30,Standard,Annual,19.99,bank_transfer,Europe,1,
1140,2023-08-17,Standard,Monthly,19.99,paypal,Asia,1,
1141,2024-05-20,Basic,Monthly,9.99,credit_card,North America,1,
1142,2023-10-22,Basic,Monthly,9.99,bank_transfer,Asia,0,2024-12-25
1143,2023-10-06,Basic,Monthly,9.99,credit_card,North America,1,
1144,2023-02-09,Basic,Monthly,9.99,apple_pay,North America,1,
1145,2025-01-12,Standard,Monthly,19.99,paypal,North America,0,2025-05-09
1146,2023-05-09,Standard,Monthly,19.99,credit_card,Europe,1,
1147,2023-03-25,Premium,Annual,39.99,apple_pay,North America,1,
1148,2025-06-17,Basic,Annual,9.99,credit_card,Europe,1,
1149,2023-04-08,Premium,Monthly,39.99,credit_card,North America,1,
1150,2023-11-25,Basic,Monthly,9.99,credit_card,North America,0,2025-10-04
1151,2023-09-27,Standard,Monthly,19.99,credit_card,Oceania,1,
1152,2024-01-31,Premium,Annual,39.99,bank_transfer,Europe,1,
1153,2025-07-19,Standard,Monthly,19.99,paypal,Oceania,1,
1154,2023-01-17,Premium,Annual,39.99,bank_transfer,North America,1,
1155,2025-01-19,Standard,Annual,19.99,paypal,Europe,1,
1156,2024-09-10,Standard,Annual,19.99,bank_transfer,North America,1,
1157,2024-04-24,Basic,Monthly,9.99,credit_card,South America,0,2025-11-16
1158,2024-10-24,Standard,Annual,19.99,bank_transfer,Europe,0,2025-03-18
1159,2023-10-14,Premium,Monthly,39.99,credit_card,North America,1,
1160,2023-03-30,Standard,Monthly,19.99,credit_card,North America,1,
1161,2024-06-26,Premium,Monthly,39.99,paypal,North America,1,
1162,2025-03-25,Standard,Monthly,19.99,paypal,Europe,1,
1163,2024-07-01,Premium,Monthly,39.99,credit_card,Asia,1,
1164,2024-10-16,Premium,Monthly,39.99,apple_pay,Europe,1,
1165,2024-10-02,Basic,Annual,9.99,apple_pay,Oceania,1,
1166,2023-01-04,Premium,Monthly,39.99,bank_transfer,Europe,1,
1167,2023-02-16,Basic,Monthly,9.99,credit_card,Europe,1,
1168,2025-03-14,Basic,Annual,9.99,credit_card,Europe,1,
1169,2025-04-14,Standard,Monthly,19.99,credit_card,Europe,1,
1170,2025-04-28,Standard,Monthly,19.99,bank_transfer,Europe,1,
1171,2024-07-16,Basic,Monthly,9.99,bank_transfer,Asia,0,2025-05-20
1172,2023-04-12,Basic,Monthly,9.99,bank_transfer,North America,1,
1173,2025-07-02,Basic,Monthly,9.99,credit_card,North America,1,
1174,2025-09-25,Basic,Annual,9.99,credit_card,North America,1,
1175,2024-08-02,Premium,Annual,39.99,bank_transfer,Europe,1,
1176,2025-04-14,Basic,Annual,9.99,bank_transfer,North America,1,
1177,2023-04-11,Premium,Monthly,39.99,credit_card,North America,1,
1178,2025-01-02,Premium,Monthly,39.99,credit_card,Europe,1,
1179,2025-10-28,Premium,Monthly,39.99,credit_card,North America,0,2025-12-25
1180,2023-02-19,Basic,Monthly,9.99,bank_transfer,North America,1,
1181,2023-05-28,Basic,Monthly,9.99,credit_card,North America,1,
1182,2023-02-06,Standard,Monthly,19.99,paypal,Europe,0,2025-07-28
1183,2024-08-31,Standard,Monthly,19.99,bank_transfer,North America,1,
1184,2023-09-18,Premium,Monthly,39.99,credit_card,North America,1,
1185,2023-11-22,Premium,Monthly,39.99,credit_card,Europe,1,
1186,2024-10-20,Standard,Monthly,19.99,paypal,Europe,1,
1187,2023-01-29,Standard,Monthly,19.99,credit_card,Oceania,1,
1188,2024-07-26,Basic,Annual,9.99,credit_card,Oceania,0,2025-08-30
1189,2024-11-17,Standard,Monthly,19.99,credit_card,Asia,1,
1190,2023-09-25,Basic,Monthly,9.99,paypal,North America,1,
1191,2023-11-25,Basic,Monthly,9.99,paypal,Europe,1,
1192,2023-06-16,Basic,Annual,9.99,credit_card,North America,1,
1193,2025-07-30,Standard,Monthly,19.99,credit_card,Europe,1,
1194,2023-09-20,Basic,Monthly,9.99,paypal,North America,0,2025-12-31
1195,2025-02-04,Standard,Monthly,19.99,paypal,Asia,1,
1196,2025-08-04,Basic,Monthly,9.99,credit_card,Asia,1,
1197,2025-09-01,Basic,Annual,9.99,paypal,Europe,1,
1198,2025-04-26,Basic,Monthly,9.99,paypal,Europe,1,
1199,2025-08-17,Basic,Monthly,9.99,apple_pay,Europe,1,
1200,2023-02-28,Standard,Annual,19.99,paypal,North America,1,
1201,2023-01-16,Premium,Annual,39.99,apple_pay,South America,0,2025-08-05
1202,2023-03-14,Standard,Monthly,19.99,bank_transfer,Europe,1,
1203,2023-08-02,Basic,Monthly,9.99,credit_card,Europe,1,
1204,2024-12-30,Basic,Monthly,9.99,credit_card,North America,0,2025-04-12
1205,2025-03-24,Basic,Monthly,9.99,paypal,Europe,1,
1206,2023-02-02,Premium,Monthly,39.99,credit_card,South America,1,
1207,2023-12-24,Basic,Annual,9.99,paypal,North America,1,
1208,2023-04-19,Premium,Monthly,39.99,credit_card,Europe,0,2025-05-30
1209,2024-09-29,Standard,Annual,19.99,credit_card,North America,1,
1210,2024-01-12,Basic,Annual,9.99,bank_transfer,Asia,1,
1211,2024-09-14,Basic,Monthly,9.99,bank_transfer,South America,1,
1212,2023-01-29,Premium,Annual,39.99,paypal,Asia,1,
1213,2024-11-11,Basic,Annual,9.99,credit_card,North America,1,
1214,2025-06-14,Premium,Monthly,39.99,bank_transfer,North America,0,2025-12-01
1215,2023-08-21,Standard,Annual,19.99,bank_transfer,Europe,1,
1216,2024-05-19,Standard,Monthly,19.99,credit_card,North America,1,
1217,2023-09-02,Standard,Monthly,19.99,credit_card,South America,1,
1218,2023-05-20,Standard,Monthly,19.99,paypal,Oceania,1,
1219,2024-02-27,Standard,Monthly,19.99,credit_card,Asia,1,
1220,2024-02-24,Basic,Annual,9.99,credit_card,Europe,1,
1221,2023-06-15,Basic,Annual,9.99,apple_pay,Europe,1,
1222,2025-10-21,Standard,Annual,19.99,paypal,South America,1,
1223,2024-03-02,Standard,Annual,19.99,paypal,North America,1,
1224,2023-06-01,Premium,Monthly,39.99,credit_card,Europe,1,
1225,2025-06-24,Standard,Monthly,19.99,credit_card,Oceania,1,
1226,2023-11-15,Basic,Annual,9.99,apple_pay,North America,0,2025-05-21
1227,2024-03-15,Basic,Annual,9.99,apple_pay,North America,0,2025-04-11
1228,2025-10-20,Basic,Monthly,9.99,apple_pay,North America,0,2025-12-28
1229,2024-07-20,Standard,Annual,19.99,credit_card,North America,1,
1230,2023-09-18,Basic,Monthly,9.99,bank_transfer,Europe,1,
1231,2023-09-27,Basic,Annual,9.99,paypal,North America,1,
1232,2023-03-06,Basic,Annual,9.99,credit_card,Europe,1,
1233,2025-03-26,Premium,Monthly,39.99,credit_card,Europe,1,
1234,2024-02-10,Premium,Annual,39.99,bank_transfer,North America,1,
1235,2024-12-27,Basic,Annual,9.99,credit_card,North America,1,
1236,2025-02-06,Standard,Monthly,19.99,credit_card,North America,1,
1237,2025-03-13,Standard,Monthly,19.99,paypal,South America,1,
1238,2024-01-25,Basic,Monthly,9.99,credit_card,North America,1,
1239,2024-04-09,Basic,Monthly,9.99,paypal,Europe,0,2025-12-20
1240,2025-04-15,Premium,Monthly,39.99,paypal,Europe,1,
1241,2025-08-15,Standard,Monthly,19.99,credit_card,North America,1,
1242,2023-12-10,Basic,Monthly,9.99,apple_pay,North America,1,
1243,2024-08-30,Standard,Annual,19.99,credit_card,South America,1,
1244,2024-11-28,Standard,Monthly,19.99,credit_card,North America,1,
1245,2025-10-10,Standard,Monthly,19.99,credit_card,North America,1,
1246,2023-06-22,Premium,Monthly,39.99,apple_pay,Europe,1,
1247,2024-02-12,Premium,Monthly,39.99,credit_card,Asia,1,
1248,2023-07-21,Basic,Annual,9.99,credit_card,North America,1,
1249,2023-11-09,Standard,Monthly,19.99,credit_card,South America,1,
1250,2023-09-16,Basic,Annual,9.99,paypal,Europe,0,2024-12-02
1251,2024-06-19,Premium,Monthly,39.99,apple_pay,North America,0,2025-01-10
1252,2024-02-11,Basic,Monthly,9.99,credit_card,Asia,1,
1253,2023-06-22,Standard,Monthly,19.99,bank_transfer,Europe,1,
1254,2024-02-09,Premium,Annual,39.99,paypal,Oceania,1,
1255,2023-03-10,Basic,Monthly,9.99,credit_card,Oceania,1,
1256,2023-08-05,Basic,Monthly,9.99,paypal,South America,1,
1257,2024-12-03,Basic,Monthly,9.99,credit_card,North America,1,
1258,2025-07-11,Basic,Monthly,9.99,paypal,South America,0,2025-10-23
1259,2025-07-13,Basic,Monthly,9.99,credit_card,North America,1,
1260,2024-11-10,Basic,Monthly,9.99,bank_transfer,North America,1,
1261,2024-12-01,Basic,Annual,9.99,bank_transfer,North America,1,
1262,2025-09-30,Standard,Annual,19.99,bank_transfer,North America,1,
1263,2023-09-09,Standard,Monthly,19.99,apple_pay,Asia,1,
1264,2025-03-25,Premium,Monthly,39.99,credit_card,Europe,0,2025-10-29
1265,2024-03-06,Standard,Annual,19.99,credit_card,Europe,1,
1266,2025-03-29,Standard,Monthly,19.99,credit_card,Asia,1,
1267,2024-05-21,Basic,Monthly,9.99,apple_pay,South America,1,
1268,2024-08-29,Standard,Annual,19.99,paypal,North America,1,
1269,2023-04-19,Premium,Monthly,39.99,credit_card,Europe,1,
1270,2024-08-28,Standard,Monthly,19.99,credit_card,Europe,1,
1271,2024-04-12,Standard,Monthly,19.99,paypal,Asia,1,
1272,2024-02-24,Standard,Monthly,19.99,credit_card,North America,1,
1273,2025-05-07,Standard,Monthly,19.99,paypal,Europe,1,
1274,2023-10-17,Standard,Monthly,19.99,paypal,Europe,1,
1275,2023-09-10,Standard,Monthly,19.99,paypal,Asia,1,
1276,2023-02-19,Basic,Annual,9.99,bank_transfer,Europe,1,
1277,2023-11-22,Basic,Monthly,9.99,bank_transfer,South America,1,
1278,2023-12-25,Basic,Monthly,9.99,bank_transfer,Europe,1,
1279,2023-02-04,Standard,Monthly,19.99,apple_pay,Europe,0,2024-04-11
1280,2025-10-06,Standard,Annual,19.99,bank_transfer,Europe,1,
1281,2024-07-06,Basic,Annual,9.99,credit_card,North America,1,
1282,2024-08-31,Basic,Monthly,9.99,credit_card,Asia,1,
1283,2024-12-09,Basic,Annual,9.99,credit_card,North America,1,
1284,2023-02-19,Standard,Annual,19.99,paypal,Europe,1,
1285,2023-09-09,Standard,Monthly,19.99,paypal,Europe,1,
1286,2024-10-24,Basic,Monthly,9.99,credit_card,North America,1,
1287,2024-03-16,Basic,Annual,9.99,credit_card,North America,1,
1288,2023-06-29,Premium,Annual,39.99,credit_card,Asia,1,
1289,2024-01-20,Premium,Monthly,39.99,bank_transfer,Europe,0,2025-04-22
1290,2023-08-02,Standard,Monthly,19.99,credit_card,Asia,1,
1291,2025-05-18,Basic,Monthly,9.99,credit_card,South America,1,
1292,2025-10-22,Standard,Monthly,19.99,apple_pay,North America,1,
1293,2024-03-29,Standard,Monthly,19.99,paypal,North America,1,
1294,2023-02-20,Basic,Annual,9.99,bank_transfer,Europe,1,
1295,2023-09-18,Basic,Monthly,9.99,apple_pay,Asia,1,
1296,2024-03-19,Premium,Monthly,39.99,credit_card,North America,1,
1297,2025-10-25,Basic,Monthly,9.99,paypal,Europe,1,
1298,2025-03-17,Standard,Monthly,19.99,bank_transfer,Asia,0,2025-11-16
1299,2024-08-06,Standard,Monthly,19.99,bank_transfer,North America,1,
1300,2025-02-22,Basic,Monthly,9.99,bank_transfer,Europe,1,
1301,2024-08-01,Standard,Annual,19.99,bank_transfer,Europe,1,
1302,2023-02-20,Basic,Monthly,9.99,credit_card,Europe,1,
1303,2025-03-01,Basic,Annual,9.99,credit_card,North America,1,
1304,2024-08-05,Standard,Monthly,19.99,bank_transfer,Europe,0,2025-04-12
1305,2023-08-24,Standard,Monthly,19.99,credit_card,Europe,0,2024-08-03
1306,2024-12-27,Standard,Monthly,19.99,credit_card,Asia,1,
1307,2024-01-29,Basic,Annual,9.99,paypal,North America,1,
1308,2025-07-05,Standard,Monthly,19.99,paypal,South America,1,
1309,2024-01-29,Standard,Monthly,19.99,credit_card,North America,1,
1310,2023-04-08,Standard,Monthly,19.99,credit_card,Europe,0,2024-02-04
1311,2024-06-24,Basic,Monthly,9.99,credit_card,North America,1,
1312,2025-06-20,Basic,Monthly,9.99,credit_card,Europe,1,
1313,2025-02-18,Basic,Annual,9.99,apple_pay,North America,1,
1314,2024-12-06,Basic,Monthly,9.99,paypal,Europe,1,
1315,2025-01-23,Premium,Monthly,39.99,paypal,Europe,1,
1316,2024-07-18,Premium,Monthly,39.99,credit_card,Oceania,0,2025-02-07
1317,2025-04-21,Standard,Monthly,19.99,bank_transfer,Europe,1,
1318,2025-06-14,Premium,Monthly,39.99,credit_card,Asia,1,
1319,2023-12-06,Premium,Monthly,39.99,credit_card,North America,1,
1320,2025-09-26,Basic,Monthly,9.99,credit_card,North America,1,
1321,2024-03-08,Basic,Monthly,9.99,credit_card,Europe,0,2024-10-23
1322,2025-07-31,Basic,Annual,9.99,credit_card,Asia,0,2025-12-01
1323,2024-07-12,Basic,Monthly,9.99,paypal,North America,1,
1324,2023-07-24,Standard,Monthly,19.99,apple_pay,Oceania,1,
1325,2023-09-23,Basic,Monthly,9.99,paypal,North America,1,
1326,2024-06-22,Standard,Monthly,19.99,bank_transfer,Europe,0,2025-09-08
1327,2023-12-19,Standard,Monthly,19.99,credit_card,Europe,1,
1328,2025-04-01,Standard,Annual,19.99,credit_card,Asia,1,
1329,2023-06-27,Basic,Monthly,9.99,credit_card,North America,1,
1330,2025-07-12,Basic,Monthly,9.99,credit_card,Europe,1,
1331,2023-07-29,Basic,Monthly,9.99,apple_pay,Europe,1,
1332,2025-10-17,Basic,Monthly,9.99,bank_transfer,Asia,1,
1333,2025-03-01,Premium,Monthly,39.99,paypal,North America,1,
1334,2025-05-03,Basic,Annual,9.99,bank_transfer,Asia,1,
1335,2024-11-24,Standard,Monthly,19.99,paypal,North America,1,
1336,2025-04-07,Basic,Monthly,9.99,credit_card,Asia,0,2025-10-02
1337,2024-11-08,Premium,Annual,39.99,bank_transfer,Oceania,1,
1338,2024-03-04,Basic,Annual,9.99,bank_transfer,Asia,1,
1339,2024-03-04,Basic,Monthly,9.99,paypal,Asia,1,
1340,2023-05-09,Basic,Annual,9.99,credit_card,Europe,0,2025-02-23
1341,2024-03-23,Basic,Monthly,9.99,paypal,North America,1,
1342,2025-10-13,Basic,Monthly,9.99,paypal,Asia,1,
1343,2024-02-22,Standard,Annual,19.99,credit_card,North America,1,
1344,2023-02-06,Standard,Monthly,19.99,bank_transfer,South America,1,
1345,2025-02-12,Basic,Annual,9.99,paypal,North America,1,
1346,2025-05-14,Basic,Monthly,9.99,paypal,Europe,0,2025-12-10
1347,2024-02-16,Basic,Monthly,9.99,bank_transfer,Europe,1,
1348,2025-05-07,Premium,Monthly,39.99,credit_card,Europe,0,2025-11-09
1349,2025-09-13,Standard,Monthly,19.99,bank_transfer,Asia,1,
1350,2023-02-16,Basic,Monthly,9.99,credit_card,North America,0,2024-07-13
1351,2023-10-23,Premium,Annual,39.99,credit_card,South America,1,
1352,2025-02-27,Basic,Monthly,9.99,credit_card,Europe,1,
1353,2025-04-12,Basic,Monthly,9.99,paypal,North America,1,
1354,2023-05-18,Standard,Monthly,19.99,credit_card,Europe,1,
1355,2023-06-21,Premium,Monthly,39.99,credit_card,Europe,0,2024-08-20
1356,2024-02-27,Premium,Annual,39.99,credit_card,North America,1,
1357,2024-08-05,Basic,Monthly,9.99,bank_transfer,Asia,1,
1358,2025-10-26,Standard,Monthly,19.99,credit_card,North America,1,
1359,2024-05-31,Standard,Monthly,19.99,paypal,Europe,0,2025-07-27
1360,2024-01-31,Basic,Annual,9.99,paypal,North America,1,
1361,2023-05-29,Basic,Annual,9.99,paypal,Asia,1,
1362,2024-09-23,Basic,Monthly,9.99,credit_card,South America,1,
1363,2024-06-03,Standard,Monthly,19.99,paypal,Asia,1,
1364,2024-02-22,Premium,Monthly,39.99,credit_card,South America,1,
1365,2025-01-02,Basic,Monthly,9.99,apple_pay,Asia,1,
1366,2024-07-09,Premium,Monthly,39.99,credit_card,North America,0,2025-10-08
1367,2023-11-02,Standard,Monthly,19.99,credit_card,Europe,1,
1368,2025-07-31,Basic,Annual,9.99,bank_transfer,Europe,1,
1369,2024-09-21,Basic,Annual,9.99,apple_pay,Europe,1,
1370,2024-10-24,Standard,Annual,19.99,credit_card,North America,1,
1371,2024-11-18,Premium,Monthly,39.99,credit_card,South America,1,
1372,2023-11-02,Basic,Monthly,9.99,credit_card,North America,1,
1373,2024-02-11,Basic,Monthly,9.99,apple_pay,North America,0,2025-02-17
1374,2024-03-09,Standard,Annual,19.99,apple_pay,Europe,1,
1375,2025-04-28,Premium,Annual,39.99,apple_pay,Europe,1,
1376,2023-08-08,Basic,Monthly,9.99,paypal,North America,0,2024-04-28
1377,2024-12-03,Standard,Annual,19.99,credit_card,Asia,1,
1378,2023-04-18,Basic,Monthly,9.99,credit_card,North America,0,2024-05-22
1379,2023-03-19,Basic,Annual,9.99,paypal,Europe,1,
1380,2023-12-16,Basic,Monthly,9.99,paypal,Europe,1,
1381,2025-02-11,Premium,Monthly,39.99,paypal,Europe,1,
1382,2023-10-21,Basic,Monthly,9.99,bank_transfer,North America,1,
1383,2025-06-02,Standard,Monthly,19.99,credit_card,Asia,1,
1384,2025-05-25,Premium,Monthly,39.99,apple_pay,Asia,1,
1385,2025-03-29,Premium,Monthly,39.99,paypal,North America,0,2025-10-19
1386,2025-07-11,Basic,Monthly,9.99,credit_card,Europe,1,
1387,2024-06-06,Basic,Monthly,9.99,apple_pay,North America,1,
1388,2025-03-21,Standard,Monthly,19.99,credit_card,North America,1,
1389,2025-07-08,Standard,Annual,19.99,credit_card,South America,1,
1390,2025-10-24,Basic,Monthly,9.99,credit_card,Asia,1,
1391,2023-11-29,Basic,Monthly,9.99,credit_card,North America,1,
1392,2023-02-08,Standard,Monthly,19.99,credit_card,South America,1,
1393,2023-01-03,Standard,Monthly,19.99,credit_card,North America,1,
1394,2024-09-29,Standard,Annual,19.99,paypal,Europe,1,
1395,2023-09-12,Basic,Monthly,9.99,credit_card,Europe,0,2024-12-14
1396,2024-03-26,Basic,Monthly,9.99,credit_card,Oceania,1,
1397,2025-02-11,Basic,Annual,9.99,paypal,Europe,1,
1398,2025-02-20,Basic,Monthly,9.99,credit_card,North America,1,
1399,2023-05-02,Premium,Annual,39.99,credit_card,Oceania,1,
1400,2024-11-27,Basic,Annual,9.99,apple_pay,Asia,1,
1401,2023-08-31,Basic,Annual,9.99,paypal,South America,1,
1402,2025-07-04,Standard,Annual,19.99,apple_pay,North America,1,
1403,2023-02-21,Basic,Monthly,9.99,paypal,Europe,1,
1404,2024-10-20,Basic,Monthly,9.99,paypal,Asia,1,
1405,2024-09-09,Standard,Annual,19.99,credit_card,Europe,1,
1406,2023-01-16,Premium,Monthly,39.99,paypal,Europe,1,
1407,2025-07-19,Premium,Monthly,39.99,bank_transfer,South America,1,
1408,2024-01-28,Premium,Monthly,39.99,credit_card,South America,1,
1409,2024-02-14,Standard,Monthly,19.99,credit_card,North America,1,
1410,2023-05-13,Basic,Monthly,9.99,bank_transfer,Asia,0,2024-06-14
1411,2025-05-20,Basic,Annual,9.99,paypal,North America,1,
1412,2024-04-16,Basic,Monthly,9.99,credit_card,Europe,1,
1413,2023-06-11,Standard,Monthly,19.99,paypal,North America,1,
1414,2025-06-22,Premium,Annual,39.99,credit_card,Asia,1,
1415,2025-07-26,Basic,Monthly,9.99,credit_card,Europe,1,
1416,2023-01-23,Basic,Monthly,9.99,paypal,North America,1,
1417,2024-10-05,Premium,Monthly,39.99,paypal,Europe,1,
1418,2025-10-17,Basic,Annual,9.99,credit_card,Europe,1,
1419,2024-03-14,Standard,Monthly,19.99,bank_transfer,Europe,1,
1420,2024-03-21,Standard,Monthly,19.99,apple_pay,Europe,0,2025-06-22
1421,2025-09-26,Basic,Monthly,9.99,paypal,Asia,1,
1422,2025-02-02,Standard,Annual,19.99,bank_transfer,North America,1,
1423,2025-06-03,Standard,Monthly,19.99,apple_pay,North America,0,2025-09-16
1424,2023-09-18,Basic,Monthly,9.99,apple_pay,Europe,1,
1425,2024-05-17,Basic,Monthly,9.99,paypal,Asia,1,
1426,2025-10-21,Standard,Monthly,19.99,paypal,Asia,1,
1427,2023-08-12,Standard,Monthly,19.99,credit_card,Asia,1,
1428,2023-11-06,Basic,Annual,9.99,paypal,North America,1,
1429,2024-10-28,Premium,Monthly,39.99,credit_card,Asia,1,
1430,2025-01-11,Basic,Monthly,9.99,paypal,North America,1,
1431,2024-02-14,Basic,Monthly,9.99,bank_transfer,Europe,0,2025-08-30
1432,2024-03-05,Standard,Monthly,19.99,credit_card,Asia,1,
1433,2024-06-15,Standard,Annual,19.99,paypal,North America,1,
1434,2023-10-27,Standard,Monthly,19.99,credit_card,South America,1,
1435,2025-09-25,Standard,Monthly,19.99,credit_card,North America,1,
1436,2025-04-30,Premium,Monthly,39.99,credit_card,North America,1,
1437,2024-03-16,Basic,Monthly,9.99,paypal,North America,0,2025-07-22
1438,2023-04-26,Basic,Monthly,9.99,apple_pay,Europe,1,
1439,2023-09-12,Premium,Monthly,39.99,apple_pay,Europe,1,
1440,2024-02-16,Standard,Monthly,19.99,apple_pay,South America,1,
1441,2024-09-17,Standard,Monthly,19.99,credit_card,North America,0,2025-10-10
1442,2023-01-24,Standard,Monthly,19.99,paypal,North America,1,
1443,2025-05-20,Standard,Monthly,19.99,paypal,North America,1,
1444,2024-02-28,Premium,Monthly,39.99,apple_pay,South America,1,
1445,2023-07-09,Basic,Annual,9.99,paypal,North America,0,2025-02-01
1446,2024-09-22,Standard,Monthly,19.99,bank_transfer,North America,1,
1447,2024-04-20,Standard,Annual,19.99,credit_card,Asia,1,
1448,2024-06-11,Basic,Annual,9.99,apple_pay,Europe,1,
1449,2024-05-08,Standard,Monthly,19.99,paypal,North America,1,
1450,2023-11-01,Standard,Monthly,19.99,credit_card,North America,1,
1451,2024-10-21,Standard,Monthly,19.99,credit_card,North America,1,
1452,2025-10-22,Standard,Monthly,19.99,bank_transfer,North America,0,2025-12-22
1453,2024-02-16,Basic,Annual,9.99,credit_card,Europe,1,
1454,2025-06-04,Basic,Annual,9.99,credit_card,North America,1,
1455,2023-01-02,Premium,Monthly,39.99,paypal,Asia,1,
1456,2025-06-13,Premium,Monthly,39.99,credit_card,Europe,1,
1457,2025-03-06,Standard,Monthly,19.99,paypal,North America,1,
1458,2023-11-17,Premium,Monthly,39.99,paypal,Oceania,1,
1459,2025-05-28,Standard,Monthly,19.99,credit_card,North America,0,2025-09-30
1460,2024-09-22,Standard,Annual,19.99,credit_card,Asia,1,
1461,2023-02-22,Standard,Monthly,19.99,credit_card,South America,1,
1462,2024-12-10,Premium,Monthly,39.99,credit_card,Europe,1,
1463,2025-10-07,Standard,Monthly,19.99,paypal,North America,1,
1464,2025-03-01,Premium,Monthly,39.99,credit_card,Europe,1,
1465,2025-04-08,Premium,Monthly,39.99,paypal,Asia,1,
1466,2024-10-25,Basic,Annual,9.99,credit_card,North America,1,
1467,2023-09-07,Basic,Annual,9.99,apple_pay,Oceania,1,
1468,2025-08-18,Basic,Annual,9.99,apple_pay,Europe,0,2025-11-07
1469,2025-01-26,Standard,Monthly,19.99,credit_card,Europe,1,
1470,2025-10-04,Basic,Monthly,9.99,bank_transfer,Asia,0,2025-11-18
1471,2025-05-28,Basic,Annual,9.99,credit_card,Europe,1,
1472,2024-02-08,Basic,Monthly,9.99,credit_card,North America,1,
1473,2025-07-05,Basic,Monthly,9.99,bank_transfer,South America,1,
1474,2023-11-30,Premium,Monthly,39.99,bank_transfer,Asia,1,
1475,2025-10-31,Basic,Annual,9.99,credit_card,Asia,1,
1476,2025-01-21,Basic,Monthly,9.99,bank_transfer,North America,1,
1477,2025-02-15,Basic,Monthly,9.99,apple_pay,North America,0,2025-10-05
1478,2024-03-01,Basic,Monthly,9.99,paypal,Europe,1,
1479,2023-01-17,Standard,Annual,19.99,bank_transfer,Europe,1,
1480,2023-04-20,Premium,Annual,39.99,credit_card,North America,1,
1481,2024-05-26,Standard,Monthly,19.99,credit_card,North America,0,2025-11-10
1482,2023-02-10,Basic,Monthly,9.99,paypal,North America,1,
1483,2023-12-27,Basic,Annual,9.99,paypal,Europe,1,
1484,2024-09-07,Basic,Monthly,9.99,paypal,Asia,1,
1485,2025-04-28,Basic,Monthly,9.99,paypal,North America,1,
1486,2023-06-07,Premium,Monthly,39.99,credit_card,North America,1,
1487,2025-09-16,Basic,Monthly,9.99,credit_card,Europe,0,2025-12-03
1488,2024-02-11,Standard,Monthly,19.99,bank_transfer,Europe,0,2024-08-20
1489,2024-08-02,Basic,Monthly,9.99,paypal,North America,1,
1490,2023-09-25,Basic,Monthly,9.99,credit_card,South America,1,
1491,2023-07-06,Basic,Monthly,9.99,credit_card,South America,1,
1492,2023-02-17,Standard,Annual,19.99,credit_card,Asia,1,
1493,2023-10-27,Basic,Monthly,9.99,bank_transfer,Oceania,1,
1494,2023-01-17,Basic,Monthly,9.99,credit_card,Europe,1,
1495,2023-06-21,Basic,Monthly,9.99,paypal,North America,0,2024-12-31
1496,2025-07-15,Standard,Monthly,19.99,paypal,Europe,0,2025-11-10
1497,2024-06-01,Premium,Monthly,39.99,credit_card,North America,1,
1498,2025-02-07,Premium,Monthly,39.99,bank_transfer,Europe,1,
1499,2025-02-16,Premium,Annual,39.99,credit_card,North America,1,
1500,2025-02-25,Standard,Monthly,19.99,credit_card,Asia,1,
1501,2023-09-18,Premium,Monthly,39.99,paypal,North America,1,
1502,2024-11-26,Premium,Monthly,39.99,bank_transfer,Europe,1,
1503,2023-03-23,Standard,Monthly,19.99,paypal,Asia,1,
1504,2023-03-10,Basic,Annual,9.99,credit_card,Europe,1,
1505,2023-04-24,Basic,Monthly,9.99,credit_card,North America,1,
1506,2025-05-25,Standard,Monthly,19.99,credit_card,North America,1,
1507,2023-01-30,Standard,Monthly,19.99,credit_card,Europe,1,
1508,2023-10-14,Premium,Monthly,39.99,credit_card,North America,1,
1509,2023-08-29,Basic,Annual,9.99,paypal,North America,0,2025-07-24
1510,2023-07-07,Standard,Monthly,19.99,credit_card,Oceania,1,
1511,2025-08-24,Standard,Monthly,19.99,paypal,North America,1,
1512,2024-07-27,Standard,Monthly,19.99,apple_pay,North America,0,2025-01-03
1513,2024-10-11,Basic,Monthly,9.99,paypal,North America,1,
1514,2025-08-26,Standard,Monthly,19.99,paypal,Asia,0,2025-10-18
1515,2023-09-11,Basic,Annual,9.99,paypal,Europe,1,
1516,2023-02-12,Basic,Monthly,9.99,credit_card,North America,1,
1517,2025-05-17,Basic,Monthly,9.99,credit_card,North America,1,
1518,2024-10-11,Standard,Monthly,19.99,credit_card,North America,0,2025-06-01
1519,2024-09-17,Basic,Monthly,9.99,paypal,Europe,0,2025-02-13
1520,2025-05-18,Basic,Monthly,9.99,bank_transfer,North America,1,
1521,2025-11-01,Basic,Monthly,9.99,apple_pay,North America,1,
1522,2025-06-21,Premium,Monthly,39.99,paypal,Asia,1,
1523,2023-11-03,Premium,Annual,39.99,bank_transfer,Europe,1,
1524,2024-05-09,Standard,Monthly,19.99,paypal,North America,1,
1525,2024-01-15,Basic,Annual,9.99,paypal,North America,1,
1526,2025-10-08,Premium,Monthly,39.99,credit_card,North America,1,
1527,2025-01-13,Premium,Monthly,39.99,bank_transfer,North America,1,
1528,2024-03-19,Premium,Monthly,39.99,credit_card,Europe,1,
1529,2024-03-28,Premium,Monthly,39.99,paypal,Europe,1,
1530,2025-05-04,Standard,Monthly,19.99,credit_card,South America,1,
1531,2023-12-20,Standard,Annual,19.99,credit_card,Europe,1,
1532,2023-12-11,Standard,Annual,19.99,paypal,North America,1,
1533,2023-03-24,Basic,Annual,9.99,bank_transfer,South America,1,
1534,2023-07-20,Basic,Annual,9.99,bank_transfer,North America,1,
1535,2023-12-31,Basic,Annual,9.99,credit_card,Europe,1,
1536,2023-03-01,Basic,Monthly,9.99,credit_card,North America,0,2024-09-03
1537,2025-05-16,Basic,Annual,9.99,credit_card,North America,1,
1538,2024-12-12,Standard,Annual,19.99,paypal,North America,1,
1539,2023-10-02,Basic,Monthly,9.99,bank_transfer,North America,0,2025-06-11
1540,2024-05-13,Basic,Monthly,9.99,credit_card,Europe,1,
1541,2025-01-05,Basic,Monthly,9.99,credit_card,North America,1,
1542,2024-06-14,Standard,Monthly,19.99,paypal,North America,1,
1543,2025-05-31,Premium,Annual,39.99,bank_transfer,South America,1,
1544,2025-06-03,Premium,Monthly,39.99,credit_card,Europe,0,2025-10-16
1545,2023-10-05,Standard,Annual,19.99,paypal,North America,0,2024-12-12
1546,2025-09-16,Standard,Monthly,19.99,credit_card,North America,1,
1547,2024-09-19,Basic,Monthly,9.99,credit_card,South America,1,
1548,2025-07-22,Premium,Monthly,39.99,bank_transfer,Europe,1,
1549,2025-09-04,Standard,Monthly,19.99,credit_card,North America,0,2025-11-14
1550,2025-09-23,Basic,Monthly,9.99,paypal,Europe,0,2025-12-15
1551,2023-06-28,Standard,Annual,19.99,paypal,Europe,1,
1552,2023-10-31,Standard,Monthly,19.99,credit_card,North America,1,
1553,2024-01-27,Basic,Monthly,9.99,bank_transfer,North America,0,2025-09-28
1554,2023-09-03,Basic,Monthly,9.99,credit_card,North America,1,
1555,2024-11-17,Basic,Monthly,9.99,credit_card,South America,1,
1556,2025-07-22,Premium,Monthly,39.99,paypal,North America,1,
1557,2023-04-26,Premium,Annual,39.99,apple_pay,North America,1,
1558,2024-03-04,Basic,Monthly,9.99,credit_card,Asia,1,
1559,2025-03-15,Standard,Monthly,19.99,credit_card,North America,1,
1560,2023-08-12,Basic,Annual,9.99,paypal,Asia,1,
1561,2024-08-05,Basic,Annual,9.99,bank_transfer,Europe,1,
1562,2024-08-13,Standard,Annual,19.99,credit_card,North America,1,
1563,2023-12-13,Standard,Annual,19.99,credit_card,Europe,1,
1564,2025-03-27,Premium,Monthly,39.99,paypal,North America,0,2025-10-30
1565,2025-08-11,Standard,Monthly,19.99,apple_pay,Asia,1,
1566,2023-06-06,Premium,Monthly,39.99,bank_transfer,Europe,1,
1567,2024-07-07,Basic,Monthly,9.99,credit_card,North America,1,
1568,2024-10-13,Premium,Monthly,39.99,credit_card,North America,1,
1569,2024-06-30,Premium,Monthly,39.99,paypal,Asia,0,2025-12-21
1570,2023-12-12,Basic,Annual,9.99,paypal,Europe,1,
1571,2024-10-25,Standard,Monthly,19.99,paypal,Europe,1,
1572,2024-04-29,Standard,Monthly,19.99,paypal,Asia,0,2025-06-03
1573,2025-10-06,Basic,Monthly,9.99,bank_transfer,Europe,1,
1574,2024-06-04,Basic,Monthly,9.99,credit_card,Asia,1,
1575,2024-06-07,Basic,Monthly,9.99,credit_card,Europe,0,2025-07-19
1576,2023-10-26,Standard,Monthly,19.99,paypal,Europe,0,2024-08-05
1577,2024-02-27,Premium,Monthly,39.99,paypal,Europe,0,2025-03-23
1578,2024-01-09,Premium,Annual,39.99,apple_pay,North America,1,
1579,2024-05-26,Basic,Annual,9.99,paypal,Europe,1,
1580,2024-02-12,Basic,Monthly,9.99,paypal,North America,1,
1581,2023-02-05,Basic,Annual,9.99,credit_card,North America,1,
1582,2024-08-22,Standard,Monthly,19.99,credit_card,Asia,1,
1583,2024-08-17,Standard,Monthly,19.99,credit_card,North America,1,
1584,2024-04-17,Premium,Annual,39.99,credit_card,North America,1,
1585,2024-10-03,Standard,Monthly,19.99,bank_transfer,North America,0,2025-12-03
1586,2025-01-21,Premium,Annual,39.99,credit_card,North America,1,
1587,2023-10-31,Basic,Monthly,9.99,paypal,Oceania,0,2025-06-13
1588,2024-12-08,Basic,Annual,9.99,credit_card,North America,1,
1589,2024-07-05,Standard,Annual,19.99,bank_transfer,North America,0,2025-06-06
1590,2024-06-18,Basic,Annual,9.99,apple_pay,North America,1,
1591,2025-01-13,Basic,Monthly,9.99,credit_card,North America,1,
1592,2023-01-07,Standard,Annual,19.99,credit_card,South America,1,
1593,2023-10-31,Standard,Monthly,19.99,bank_transfer,North America,0,2024-06-16
1594,2024-10-29,Standard,Annual,19.99,paypal,North America,1,
1595,2025-10-15,Standard,Monthly,19.99,credit_card,South America,0,2025-12-22
1596,2025-08-30,Standard,Annual,19.99,apple_pay,Asia,0,2025-12-10
1597,2024-06-22,Basic,Annual,9.99,paypal,North America,1,
1598,2023-02-07,Basic,Monthly,9.99,paypal,North America,1,
1599,2024-11-06,Standard,Annual,19.99,apple_pay,Europe,1,
1600,2025-05-29,Basic,Annual,9.99,paypal,North America,1,
1601,2024-04-04,Basic,Annual,9.99,credit_card,Asia,1,
1602,2023-02-25,Basic,Annual,9.99,bank_transfer,North America,1,
1603,2024-05-13,Standard,Monthly,19.99,credit_card,Asia,1,
1604,2023-12-23,Standard,Monthly,19.99,credit_card,Europe,1,
1605,2023-07-08,Basic,Monthly,9.99,credit_card,Asia,1,
1606,2025-06-20,Standard,Monthly,19.99,paypal,Europe,0,2025-12-27
1607,2024-10-03,Basic,Annual,9.99,paypal,Europe,1,
1608,2023-07-24,Standard,Monthly,19.99,bank_transfer,Asia,1,
1609,2023-02-17,Standard,Monthly,19.99,credit_card,North America,1,
1610,2023-03-10,Basic,Monthly,9.99,bank_transfer,North America,1,
1611,2023-04-04,Basic,Monthly,9.99,apple_pay,Asia,1,
1612,2024-06-16,Standard,Monthly,19.99,paypal,North America,0,2025-03-18
1613,2023-05-31,Basic,Monthly,9.99,apple_pay,Europe,1,
1614,2023-10-18,Premium,Annual,39.99,paypal,North America,1,
1615,2023-11-09,Premium,Monthly,39.99,credit_card,Europe,1,
1616,2024-05-07,Basic,Annual,9.99,credit_card,Asia,1,
1617,2025-06-06,Standard,Annual,19.99,credit_card,Europe,1,
1618,2024-04-26,Premium,Annual,39.99,credit_card,Europe,0,2025-02-09
1619,2025-08-16,Basic,Monthly,9.99,bank_transfer,North America,1,
1620,2023-09-09,Standard,Annual,19.99,credit_card,Europe,1,
1621,2025-04-04,Premium,Annual,39.99,paypal,Europe,1,
1622,2023-06-28,Premium,Annual,39.99,paypal,North America,1,
1623,2025-07-05,Basic,Monthly,9.99,paypal,Asia,1,
1624,2023-06-08,Basic,Monthly,9.99,credit_card,Europe,1,
1625,2024-07-16,Standard,Monthly,19.99,bank_transfer,Europe,0,2025-06-13
1626,2024-09-27,Basic,Monthly,9.99,bank_transfer,North America,0,2025-08-03
1627,2025-10-12,Basic,Monthly,9.99,apple_pay,Oceania,1,
1628,2023-10-18,Premium,Monthly,39.99,credit_card,Asia,1,
1629,2023-12-13,Standard,Monthly,19.99,credit_card,Asia,1,
1630,2024-10-05,Basic,Annual,9.99,bank_transfer,Europe,1,
1631,2023-01-02,Basic,Monthly,9.99,credit_card,North America,0,2025-04-13
1632,2024-11-29,Standard,Annual,19.99,credit_card,South America,1,
1633,2023-04-14,Basic,Annual,9.99,paypal,North America,1,
1634,2025-04-24,Premium,Annual,39.99,credit_card,North America,1,
1635,2024-08-20,Basic,Annual,9.99,credit_card,Asia,1,
1636,2024-05-21,Standard,Monthly,19.99,credit_card,Oceania,1,
1637,2023-05-16,Basic,Monthly,9.99,apple_pay,Asia,1,
1638,2025-01-24,Basic,Monthly,9.99,credit_card,North America,1,
1639,2023-03-04,Basic,Monthly,9.99,credit_card,Europe,1,
1640,2024-08-08,Basic,Monthly,9.99,apple_pay,North America,1,
1641,2024-03-05,Basic,Monthly,9.99,paypal,Asia,1,
1642,2023-09-21,Premium,Monthly,39.99,credit_card,Europe,1,
1643,2025-01-13,Standard,Monthly,19.99,credit_card,Asia,0,2025-05-17
1644,2024-12-12,Basic,Monthly,9.99,credit_card,Asia,0,2025-12-16
1645,2023-10-13,Standard,Monthly,19.99,bank_transfer,North America,1,
1646,2025-02-24,Basic,Annual,9.99,paypal,Europe,1,
1647,2024-08-23,Premium,Monthly,39.99,paypal,Europe,1,
1648,2024-09-11,Basic,Annual,9.99,credit_card,North America,1,
1649,2024-04-15,Basic,Monthly,9.99,apple_pay,Europe,0,2025-07-11
1650,2023-07-08,Premium,Monthly,39.99,credit_card,Europe,1,
1651,2024-10-11,Basic,Annual,9.99,bank_transfer,Asia,1,
1652,2023-04-19,Premium,Monthly,39.99,credit_card,North America,1,
1653,2024-12-16,Standard,Monthly,19.99,apple_pay,North America,0,2025-10-24
1654,2023-01-31,Basic,Monthly,9.99,credit_card,Europe,0,2024-05-07
1655,2024-09-10,Basic,Annual,9.99,apple_pay,Asia,1,
1656,2024-02-23,Premium,Annual,39.99,credit_card,Europe,1,
1657,2023-08-25,Standard,Monthly,19.99,paypal,North America,0,2024-10-02
1658,2023-12-21,Premium,Annual,39.99,credit_card,North America,1,
1659,2023-08-07,Basic,Monthly,9.99,bank_transfer,Europe,1,
1660,2024-08-18,Standard,Annual,19.99,credit_card,Europe,1,
1661,2023-03-07,Premium,Monthly,39.99,credit_card,North America,1,
1662,2024-02-05,Standard,Annual,19.99,apple_pay,South America,1,
1663,2024-04-05,Basic,Monthly,9.99,apple_pay,Europe,1,
1664,2025-10-12,Standard,Annual,19.99,paypal,Europe,1,
1665,2024-04-10,Basic,Monthly,9.99,credit_card,Europe,0,2025-04-12
1666,2024-04-30,Basic,Monthly,9.99,credit_card,North America,1,
1667,2024-04-14,Basic,Annual,9.99,credit_card,South America,1,
1668,2024-02-09,Basic,Annual,9.99,bank_transfer,North America,1,
1669,2025-03-17,Premium,Annual,39.99,credit_card,Asia,1,
1670,2023-02-02,Premium,Monthly,39.99,credit_card,South America,1,
1671,2023-11-27,Standard,Monthly,19.99,apple_pay,Europe,1,
1672,2024-05-15,Standard,Monthly,19.99,apple_pay,Oceania,1,
1673,2025-06-27,Standard,Monthly,19.99,bank_transfer,Europe,1,
1674,2023-03-07,Premium,Monthly,39.99,bank_transfer,South America,1,
1675,2025-09-24,Standard,Annual,19.99,apple_pay,North America,1,
1676,2023-09-28,Premium,Annual,39.99,credit_card,North America,1,
1677,2023-03-27,Basic,Annual,9.99,credit_card,North America,1,
1678,2023-09-28,Premium,Monthly,39.99,credit_card,Europe,1,
1679,2025-01-07,Basic,Monthly,9.99,bank_transfer,Europe,1,
1680,2024-08-26,Basic,Annual,9.99,credit_card,South America,1,
1681,2023-01-12,Standard,Monthly,19.99,bank_transfer,Europe,0,2025-04-20
1682,2024-05-21,Basic,Annual,9.99,paypal,Europe,1,
1683,2023-05-18,Basic,Monthly,9.99,credit_card,North America,1,
1684,2024-04-12,Standard,Monthly,19.99,credit_card,Asia,1,
1685,2025-07-27,Premium,Monthly,39.99,bank_transfer,Europe,1,
1686,2025-01-08,Basic,Monthly,9.99,credit_card,Europe,1,
1687,2023-12-27,Basic,Monthly,9.99,paypal,South America,1,
1688,2025-10-27,Basic,Annual,9.99,credit_card,North America,0,2025-12-15
1689,2024-11-02,Basic,Monthly,9.99,credit_card,Oceania,1,
1690,2023-08-15,Premium,Monthly,39.99,credit_card,North America,1,
1691,2023-10-15,Basic,Monthly,9.99,paypal,North America,0,2024-06-02
1692,2023-07-08,Basic,Monthly,9.99,credit_card,Asia,0,2024-07-04
1693,2025-04-26,Premium,Monthly,39.99,credit_card,North America,1,
1694,2023-10-18,Premium,Monthly,39.99,credit_card,South America,1,
1695,2023-04-20,Basic,Annual,9.99,bank_transfer,South America,1,
1696,2024-03-10,Standard,Annual,19.99,paypal,North America,0,2025-04-19
1697,2024-01-30,Basic,Monthly,9.99,apple_pay,Europe,0,2025-05-18
1698,2024-10-31,Basic,Monthly,9.99,paypal,Europe,1,
1699,2025-03-21,Basic,Monthly,9.99,credit_card,Asia,1,
1700,2025-06-30,Basic,Monthly,9.99,paypal,Europe,1,
1701,2024-12-11,Standard,Annual,19.99,credit_card,North America,1,
1702,2025-05-24,Basic,Monthly,9.99,bank_transfer,North America,1,
1703,2023-06-22,Standard,Monthly,19.99,credit_card,North America,1,
1704,2023-10-20,Basic,Annual,9.99,credit_card,Asia,1,
1705,2025-07-06,Basic,Annual,9.99,paypal,North America,0,2025-12-04
1706,2023-06-01,Standard,Annual,19.99,credit_card,North America,1,
1707,2024-06-11,Standard,Annual,19.99,credit_card,North America,1,
1708,2023-10-21,Basic,Monthly,9.99,credit_card,North America,1,
1709,2024-03-31,Basic,Monthly,9.99,credit_card,Europe,1,
1710,2025-09-12,Basic,Monthly,9.99,credit_card,South America,0,2025-11-09
1711,2023-09-12,Basic,Monthly,9.99,credit_card,North America,1,
1712,2025-07-29,Basic,Annual,9.99,credit_card,Oceania,1,
1713,2023-12-15,Basic,Annual,9.99,credit_card,North America,1,
1714,2024-04-09,Standard,Annual,19.99,paypal,Europe,1,
1715,2024-06-16,Premium,Annual,39.99,bank_transfer,Europe,1,
1716,2025-02-05,Basic,Monthly,9.99,paypal,Europe,0,2025-12-01
1717,2025-07-16,Basic,Monthly,9.99,paypal,North America,1,
1718,2025-07-23,Standard,Annual,19.99,credit_card,North America,0,2025-11-25
1719,2023-02-05,Premium,Monthly,39.99,apple_pay,Europe,0,2024-09-22
1720,2024-06-28,Basic,Monthly,9.99,paypal,North America,0,2025-07-24
1721,2025-05-28,Basic,Monthly,9.99,paypal,Asia,1,
1722,2025-09-03,Basic,Monthly,9.99,credit_card,North America,1,
1723,2023-05-13,Standard,Annual,19.99,credit_card,North America,1,
1724,2023-07-01,Basic,Monthly,9.99,apple_pay,North America,1,
1725,2025-01-24,Premium,Monthly,39.99,credit_card,North America,0,2025-12-21
1726,2024-11-28,Premium,Monthly,39.99,paypal,North America,1,
1727,2023-12-30,Standard,Monthly,19.99,credit_card,North America,1,
1728,2023-07-06,Basic,Monthly,9.99,credit_card,Asia,1,
1729,2024-08-15,Premium,Annual,39.99,credit_card,Oceania,1,
1730,2024-09-10,Basic,Monthly,9.99,paypal,Europe,1,
1731,2023-12-02,Basic,Monthly,9.99,credit_card,Asia,1,
1732,2024-10-04,Standard,Annual,19.99,paypal,Asia,1,
1733,2023-03-02,Standard,Monthly,19.99,credit_card,Europe,1,
1734,2024-06-12,Basic,Annual,9.99,credit_card,North America,1,
1735,2023-10-16,Standard,Monthly,19.99,credit_card,Asia,1,
1736,2024-06-07,Basic,Monthly,9.99,credit_card,North America,1,
1737,2025-10-06,Standard,Monthly,19.99,bank_transfer,Oceania,1,
1738,2025-08-28,Standard,Monthly,19.99,credit_card,North America,0,2025-12-23
1739,2025-09-12,Basic,Monthly,9.99,credit_card,Asia,1,
1740,2023-10-03,Premium,Annual,39.99,credit_card,North America,0,2024-05-02
1741,2025-08-09,Basic,Monthly,9.99,bank_transfer,Asia,1,
1742,2023-08-26,Standard,Monthly,19.99,paypal,North America,1,
1743,2024-05-13,Basic,Annual,9.99,credit_card,North America,0,2025-12-20
1744,2025-05-09,Basic,Monthly,9.99,apple_pay,Europe,1,
1745,2025-03-12,Standard,Monthly,19.99,paypal,South America,1,
1746,2024-12-24,Premium,Monthly,39.99,credit_card,Oceania,1,
1747,2024-08-28,Basic,Monthly,9.99,apple_pay,Europe,1,
1748,2025-03-08,Basic,Annual,9.99,credit_card,South America,1,
1749,2023-08-26,Standard,Annual,19.99,paypal,Europe,0,2024-04-28
1750,2023-12-30,Basic,Monthly,9.99,credit_card,North America,1,
1751,2023-08-06,Basic,Monthly,9.99,bank_transfer,North America,1,
1752,2025-09-26,Basic,Monthly,9.99,paypal,North America,1,
1753,2023-05-25,Standard,Monthly,19.99,credit_card,Oceania,1,
1754,2024-09-11,Premium,Monthly,39.99,credit_card,North America,1,
1755,2025-05-27,Standard,Monthly,19.99,paypal,Asia,1,
1756,2023-04-06,Premium,Annual,39.99,credit_card,North America,1,
1757,2025-03-20,Standard,Annual,19.99,credit_card,North America,1,
1758,2023-08-11,Standard,Monthly,19.99,credit_card,North America,1,
1759,2024-08-21,Standard,Monthly,19.99,credit_card,North America,1,
1760,2023-01-22,Basic,Annual,9.99,credit_card,North America,1,
1761,2023-01-07,Standard,Monthly,19.99,credit_card,North America,0,2024-05-22
1762,2024-05-09,Standard,Annual,19.99,credit_card,North America,1,
1763,2023-03-03,Basic,Annual,9.99,credit_card,Europe,1,
1764,2023-12-04,Basic,Annual,9.99,credit_card,Europe,1,
1765,2025-05-18,Basic,Monthly,9.99,credit_card,Europe,1,
1766,2023-08-23,Premium,Annual,39.99,credit_card,Europe,1,
1767,2024-09-09,Basic,Monthly,9.99,credit_card,North America,1,
1768,2023-06-21,Standard,Monthly,19.99,credit_card,Europe,1,
1769,2025-09-09,Basic,Annual,9.99,bank_transfer,Europe,1,
1770,2024-12-24,Standard,Annual,19.99,bank_transfer,Europe,1,
1771,2024-05-26,Standard,Monthly,19.99,bank_transfer,North America,1,
1772,2025-03-23,Standard,Monthly,19.99,credit_card,Europe,1,
1773,2024-12-21,Premium,Annual,39.99,credit_card,North America,1,
1774,2024-02-23,Standard,Monthly,19.99,credit_card,North America,1,
1775,2024-01-15,Standard,Annual,19.99,bank_transfer,North America,1,
1776,2023-08-15,Basic,Monthly,9.99,paypal,North America,1,
1777,2023-10-06,Standard,Monthly,19.99,credit_card,North America,1,
1778,2023-06-12,Standard,Monthly,19.99,apple_pay,North America,1,
1779,2023-01-02,Basic,Monthly,9.99,credit_card,Europe,1,
1780,2023-11-15,Premium,Monthly,39.99,apple_pay,North America,1,
1781,2025-08-23,Premium,Annual,39.99,credit_card,Asia,1,
1782,2024-03-11,Basic,Monthly,9.99,apple_pay,North America,0,2025-06-15
1783,2024-12-15,Premium,Monthly,39.99,paypal,Europe,1,
1784,2023-10-09,Premium,Monthly,39.99,credit_card,Europe,1,
1785,2024-08-14,Basic,Annual,9.99,credit_card,Europe,1,
1786,2023-05-06,Basic,Monthly,9.99,paypal,North America,0,2025-04-20
1787,2023-08-31,Basic,Monthly,9.99,credit_card,South America,1,
1788,2025-09-16,Standard,Monthly,19.99,credit_card,Europe,1,
1789,2023-06-07,Basic,Annual,9.99,paypal,Europe,1,
1790,2025-05-03,Standard,Monthly,19.99,credit_card,North America,1,
1791,2023-10-29,Standard,Annual,19.99,paypal,Europe,1,
1792,2024-02-08,Premium,Annual,39.99,credit_card,South America,1,
1793,2023-02-09,Standard,Monthly,19.99,credit_card,North America,1,
1794,2024-07-20,Standard,Monthly,19.99,paypal,North America,1,
1795,2023-05-05,Basic,Monthly,9.99,credit_card,North America,1,
1796,2024-03-10,Premium,Monthly,39.99,apple_pay,Europe,0,2025-06-17
1797,2023-03-31,Standard,Monthly,19.99,credit_card,Europe,1,
1798,2025-04-01,Basic,Monthly,9.99,credit_card,North America,1,
1799,2024-10-17,Basic,Monthly,9.99,paypal,Europe,1,
1800,2023-10-11,Premium,Annual,39.99,bank_transfer,North America,1,
1801,2024-03-11,Basic,Monthly,9.99,credit_card,Europe,1,
1802,2025-04-28,Standard,Monthly,19.99,bank_transfer,North America,1,
1803,2025-09-12,Premium,Monthly,39.99,apple_pay,North America,1,
1804,2025-06-21,Basic,Annual,9.99,credit_card,Europe,1,
1805,2025-05-27,Basic,Monthly,9.99,credit_card,North America,1,
1806,2023-01-11,Basic,Monthly,9.99,credit_card,North America,1,
1807,2025-01-17,Premium,Monthly,39.99,paypal,South America,1,
1808,2024-01-22,Basic,Annual,9.99,bank_transfer,Asia,1,
1809,2023-12-11,Standard,Monthly,19.99,paypal,Asia,0,2025-12-27
1810,2024-11-05,Standard,Annual,19.99,bank_transfer,Asia,1,
1811,2023-05-17,Standard,Annual,19.99,paypal,South America,1,
1812,2023-01-01,Standard,Monthly,19.99,credit_card,North America,0,2024-08-05
1813,2024-01-17,Basic,Monthly,9.99,credit_card,Asia,1,
1814,2025-07-23,Premium,Annual,39.99,paypal,Asia,1,
1815,2025-06-22,Standard,Monthly,19.99,bank_transfer,North America,1,
1816,2023-07-15,Standard,Monthly,19.99,paypal,North America,1,
1817,2023-08-22,Basic,Monthly,9.99,credit_card,North America,1,
1818,2025-09-14,Premium,Monthly,39.99,credit_card,Europe,1,
1819,2025-04-12,Basic,Monthly,9.99,apple_pay,Europe,1,
1820,2024-04-08,Premium,Monthly,39.99,credit_card,Asia,1,
1821,2025-09-01,Standard,Monthly,19.99,credit_card,North America,1,
1822,2025-08-12,Basic,Monthly,9.99,apple_pay,Asia,1,
1823,2024-07-16,Premium,Monthly,39.99,credit_card,North America,1,
1824,2024-02-17,Standard,Monthly,19.99,credit_card,Europe,0,2025-01-17
1825,2023-01-28,Standard,Annual,19.99,credit_card,North America,1,
1826,2024-05-21,Standard,Monthly,19.99,credit_card,Asia,1,
1827,2024-04-08,Standard,Monthly,19.99,credit_card,Asia,0,2025-11-25
1828,2024-03-11,Standard,Monthly,19.99,credit_card,Europe,1,
1829,2023-11-04,Basic,Monthly,9.99,apple_pay,Europe,1,
1830,2025-03-14,Basic,Monthly,9.99,credit_card,Asia,1,
1831,2023-11-07,Basic,Monthly,9.99,apple_pay,North America,1,
1832,2023-01-31,Basic,Monthly,9.99,credit_card,Europe,1,
1833,2023-01-06,Basic,Monthly,9.99,apple_pay,Asia,1,
1834,2025-07-10,Premium,Annual,39.99,paypal,North America,1,
1835,2025-08-18,Basic,Monthly,9.99,credit_card,Europe,1,
1836,2023-01-29,Basic,Annual,9.99,paypal,North America,1,
1837,2024-08-19,Standard,Monthly,19.99,paypal,North America,1,
1838,2023-02-12,Standard,Monthly,19.99,paypal,North America,1,
1839,2024-01-17,Standard,Monthly,19.99,credit_card,North America,1,
1840,2025-06-01,Premium,Annual,39.99,bank_transfer,North America,1,
1841,2023-12-15,Standard,Monthly,19.99,credit_card,Asia,1,
1842,2024-08-22,Standard,Annual,19.99,bank_transfer,Asia,1,
1843,2024-09-29,Basic,Monthly,9.99,credit_card,Europe,1,
1844,2024-07-26,Standard,Monthly,19.99,bank_transfer,Asia,1,
1845,2024-05-07,Premium,Annual,39.99,credit_card,Oceania,0,2024-10-11
1846,2024-01-20,Standard,Monthly,19.99,credit_card,Europe,1,
1847,2025-02-11,Standard,Monthly,19.99,bank_transfer,North America,1,
1848,2024-04-06,Basic,Annual,9.99,credit_card,North America,1,
1849,2025-06-08,Premium,Monthly,39.99,paypal,North America,1,
1850,2025-10-20,Basic,Monthly,9.99,credit_card,North America,1,
1851,2024-01-15,Basic,Monthly,9.99,credit_card,Europe,1,
1852,2023-09-08,Standard,Annual,19.99,paypal,Europe,1,
1853,2025-08-29,Basic,Monthly,9.99,bank_transfer,North America,1,
1854,2023-12-04,Basic,Monthly,9.99,credit_card,Oceania,1,
1855,2024-05-26,Standard,Annual,19.99,paypal,North America,0,2025-01-24
1856,2024-02-14,Premium,Monthly,39.99,paypal,South America,0,2024-10-30
1857,2025-07-10,Premium,Monthly,39.99,credit_card,Oceania,1,
1858,2023-09-01,Standard,Annual,19.99,bank_transfer,Europe,1,
1859,2023-05-12,Standard,Monthly,19.99,credit_card,North America,0,2025-07-11
1860,2023-11-17,Premium,Annual,39.99,credit_card,North America,1,
1861,2023-09-03,Standard,Monthly,19.99,paypal,North America,1,
1862,2023-03-23,Basic,Monthly,9.99,bank_transfer,North America,0,2024-06-30
1863,2023-04-30,Basic,Annual,9.99,paypal,Europe,0,2025-04-24
1864,2025-01-04,Premium,Monthly,39.99,paypal,North America,1,
1865,2024-04-13,Basic,Monthly,9.99,paypal,North America,1,
1866,2024-07-23,Standard,Annual,19.99,credit_card,North America,1,
1867,2025-06-04,Premium,Monthly,39.99,paypal,North America,1,
1868,2024-12-12,Standard,Monthly,19.99,apple_pay,Europe,1,
1869,2025-04-20,Basic,Annual,9.99,paypal,Europe,1,
1870,2023-01-04,Basic,Monthly,9.99,credit_card,North America,1,
1871,2025-04-28,Basic,Monthly,9.99,credit_card,Europe,1,
1872,2023-10-22,Basic,Monthly,9.99,credit_card,Europe,1,
1873,2023-10-11,Premium,Monthly,39.99,bank_transfer,Asia,1,
1874,2023-06-22,Basic,Annual,9.99,credit_card,Asia,1,
1875,2024-05-29,Basic,Monthly,9.99,apple_pay,North America,1,
1876,2024-02-13,Basic,Monthly,9.99,credit_card,Europe,1,
1877,2023-01-11,Basic,Monthly,9.99,credit_card,South America,0,2025-05-22
1878,2025-05-26,Basic,Monthly,9.99,credit_card,Asia,1,
1879,2024-12-12,Standard,Monthly,19.99,bank_transfer,North America,1,
1880,2024-03-27,Standard,Annual,19.99,bank_transfer,North America,1,
1881,2024-04-16,Basic,Monthly,9.99,credit_card,North America,0,2025-03-13
1882,2023-11-07,Standard,Annual,19.99,paypal,North America,1,
1883,2023-03-09,Basic,Monthly,9.99,paypal,Europe,1,
1884,2023-05-04,Premium,Monthly,39.99,apple_pay,South America,1,
1885,2025-10-30,Basic,Monthly,9.99,credit_card,North America,1,
1886,2025-09-02,Standard,Annual,19.99,apple_pay,Europe,1,
1887,2025-02-05,Premium,Annual,39.99,paypal,North America,0,2025-11-13
1888,2024-04-16,Premium,Monthly,39.99,credit_card,North America,1,
1889,2024-08-11,Standard,Monthly,19.99,bank_transfer,Europe,1,
1890,2025-01-17,Standard,Monthly,19.99,bank_transfer,North America,1,
1891,2023-05-16,Basic,Annual,9.99,credit_card,North America,1,
1892,2025-08-12,Basic,Monthly,9.99,credit_card,North America,1,
1893,2024-10-04,Basic,Monthly,9.99,paypal,Europe,1,
1894,2023-12-25,Standard,Annual,19.99,paypal,North America,1,
1895,2023-06-11,Standard,Monthly,19.99,credit_card,South America,0,2024-06-29
1896,2025-08-29,Standard,Annual,19.99,paypal,South America,1,
1897,2024-07-18,Basic,Annual,9.99,credit_card,North America,1,
1898,2025-02-18,Basic,Annual,9.99,paypal,Asia,0,2025-10-17
1899,2023-02-05,Basic,Annual,9.99,paypal,Asia,1,
1900,2024-05-19,Basic,Monthly,9.99,paypal,South America,1,
1901,2023-10-19,Basic,Annual,9.99,credit_card,Europe,1,
1902,2025-05-16,Basic,Monthly,9.99,credit_card,South America,1,
1903,2025-10-04,Premium,Monthly,39.99,credit_card,Europe,1,
1904,2025-08-08,Standard,Annual,19.99,credit_card,North America,1,
1905,2023-03-14,Basic,Monthly,9.99,paypal,South America,0,2024-10-03
1906,2023-04-26,Standard,Monthly,19.99,credit_card,North America,1,
1907,2023-09-20,Basic,Monthly,9.99,credit_card,Oceania,1,
1908,2024-08-07,Premium,Monthly,39.99,credit_card,Europe,1,
1909,2024-09-11,Basic,Monthly,9.99,credit_card,North America,1,
1910,2024-09-09,Standard,Monthly,19.99,credit_card,Europe,1,
1911,2024-05-28,Premium,Annual,39.99,credit_card,Europe,1,
1912,2023-02-17,Basic,Monthly,9.99,credit_card,Asia,1,
1913,2023-04-02,Basic,Annual,9.99,paypal,South America,1,
1914,2023-06-30,Standard,Monthly,19.99,credit_card,Asia,1,
1915,2025-05-21,Standard,Monthly,19.99,apple_pay,Asia,1,
1916,2023-08-17,Standard,Annual,19.99,paypal,Europe,1,
1917,2025-01-22,Basic,Annual,9.99,apple_pay,Europe,0,2025-09-12
1918,2023-12-12,Standard,Monthly,19.99,credit_card,Europe,1,
1919,2023-12-11,Basic,Monthly,9.99,bank_transfer,North America,0,2024-12-15
1920,2025-07-06,Basic,Annual,9.99,credit_card,Europe,1,
1921,2025-01-28,Standard,Annual,19.99,credit_card,South America,1,
1922,2024-02-25,Standard,Monthly,19.99,credit_card,North America,1,
1923,2023-11-10,Basic,Annual,9.99,credit_card,Europe,1,
1924,2023-12-11,Basic,Monthly,9.99,credit_card,Europe,1,
1925,2023-01-22,Basic,Monthly,9.99,credit_card,Asia,1,
1926,2025-04-10,Standard,Monthly,19.99,paypal,South America,1,
1927,2025-01-04,Standard,Annual,19.99,bank_transfer,Europe,1,
1928,2025-08-22,Standard,Monthly,19.99,credit_card,Asia,0,2025-10-26
1929,2024-09-10,Basic,Monthly,9.99,credit_card,Europe,0,2025-07-10
1930,2023-07-06,Standard,Annual,19.99,credit_card,North America,1,
1931,2024-12-31,Premium,Monthly,39.99,credit_card,Asia,1,
1932,2024-01-06,Standard,Annual,19.99,credit_card,North America,1,
1933,2023-05-25,Basic,Annual,9.99,credit_card,Asia,1,
1934,2023-11-12,Basic,Monthly,9.99,bank_transfer,North America,1,
1935,2023-06-04,Basic,Annual,9.99,credit_card,Europe,1,
1936,2024-02-04,Standard,Monthly,19.99,credit_card,North America,1,
1937,2024-09-07,Basic,Annual,9.99,credit_card,North America,0,2025-08-21
1938,2024-11-29,Basic,Monthly,9.99,credit_card,Europe,0,2025-05-26
1939,2024-07-04,Basic,Monthly,9.99,credit_card,Asia,0,2025-04-26
1940,2023-10-02,Standard,Monthly,19.99,credit_card,Asia,1,
1941,2023-02-02,Basic,Monthly,9.99,credit_card,Europe,0,2023-10-27
1942,2025-01-31,Premium,Monthly,39.99,paypal,Europe,1,
1943,2023-03-12,Basic,Monthly,9.99,credit_card,South America,1,
1944,2023-05-18,Basic,Annual,9.99,paypal,North America,1,
1945,2025-01-30,Premium,Annual,39.99,credit_card,Europe,1,
1946,2024-08-03,Basic,Monthly,9.99,paypal,Asia,0,2025-11-12
1947,2025-01-08,Basic,Monthly,9.99,paypal,North America,1,
1948,2025-05-23,Premium,Monthly,39.99,paypal,Oceania,1,
1949,2024-05-22,Premium,Monthly,39.99,credit_card,Europe,1,
1950,2024-08-16,Standard,Annual,19.99,apple_pay,North America,1,
1951,2025-04-25,Standard,Monthly,19.99,credit_card,Asia,1,
1952,2024-03-24,Basic,Monthly,9.99,paypal,South America,1,
1953,2023-09-29,Basic,Monthly,9.99,apple_pay,North America,1,
1954,2025-10-07,Basic,Annual,9.99,credit_card,Europe,1,
1955,2025-08-30,Standard,Monthly,19.99,bank_transfer,South America,1,
1956,2023-06-06,Premium,Monthly,39.99,paypal,Asia,1,
1957,2025-06-09,Standard,Monthly,19.99,credit_card,Europe,1,
1958,2023-08-06,Standard,Annual,19.99,apple_pay,North America,1,
1959,2025-04-04,Standard,Monthly,19.99,credit_card,Europe,1,
1960,2025-01-09,Basic,Annual,9.99,paypal,Asia,1,
1961,2023-10-16,Standard,Annual,19.99,credit_card,North America,1,
1962,2023-02-22,Basic,Monthly,9.99,paypal,Europe,1,
1963,2024-11-02,Standard,Annual,19.99,credit_card,North America,1,
1964,2024-12-02,Standard,Monthly,19.99,paypal,Asia,1,
1965,2023-02-10,Basic,Monthly,9.99,credit_card,Asia,0,2024-09-03
1966,2024-10-07,Standard,Annual,19.99,credit_card,North America,1,
1967,2024-09-06,Basic,Monthly,9.99,bank_transfer,Asia,1,
1968,2023-10-26,Standard,Monthly,19.99,credit_card,North America,1,
1969,2025-08-29,Premium,Monthly,39.99,credit_card,Europe,1,
1970,2023-04-22,Premium,Monthly,39.99,credit_card,Asia,1,
1971,2024-02-10,Premium,Monthly,39.99,paypal,North America,1,
1972,2023-05-30,Basic,Monthly,9.99,bank_transfer,North America,1,
1973,2023-04-27,Standard,Monthly,19.99,paypal,Asia,1,
1974,2024-02-06,Standard,Monthly,19.99,credit_card,Asia,1,
1975,2024-09-13,Premium,Monthly,39.99,credit_card,North America,1,
1976,2023-06-24,Basic,Monthly,9.99,bank_transfer,Europe,0,2025-04-04
1977,2023-04-25,Basic,Monthly,9.99,credit_card,North America,0,2024-09-08
1978,2023-06-18,Basic,Monthly,9.99,credit_card,Europe,1,
1979,2023-03-13,Premium,Annual,39.99,credit_card,North America,1,
1980,2024-11-08,Standard,Monthly,19.99,paypal,Oceania,0,2025-03-15
1981,2023-07-27,Basic,Monthly,9.99,credit_card,North America,1,
1982,2025-10-06,Standard,Monthly,19.99,apple_pay,Europe,1,
1983,2025-05-09,Basic,Annual,9.99,bank_transfer,North America,1,
1984,2024-01-24,Standard,Monthly,19.99,credit_card,Asia,1,
1985,2023-02-21,Standard,Annual,19.99,credit_card,Europe,1,
1986,2025-01-14,Standard,Monthly,19.99,credit_card,Asia,1,
1987,2024-07-13,Standard,Monthly,19.99,bank_transfer,North America,0,2025-06-27
1988,2023-04-08,Standard,Monthly,19.99,credit_card,North America,1,
1989,2024-09-01,Standard,Annual,19.99,credit_card,Asia,1,
1990,2024-06-09,Basic,Monthly,9.99,credit_card,North America,1,
1991,2023-06-20,Standard,Monthly,19.99,credit_card,Europe,1,
1992,2025-06-25,Premium,Monthly,39.99,paypal,Europe,0,2025-10-30
1993,2024-02-26,Standard,Monthly,19.99,paypal,North America,0,2025-11-26
1994,2023-06-02,Basic,Annual,9.99,paypal,North America,1,
1995,2025-04-25,Basic,Annual,9.99,credit_card,Europe,1,
1996,2024-09-04,Standard,Monthly,19.99,paypal,South America,1,
1997,2023-07-11,Premium,Monthly,39.99,credit_card,North America,1,
1998,2025-08-10,Basic,Monthly,9.99,credit_card,North America,0,2025-11-09
1999,2025-09-19,Basic,Annual,9.99,credit_card,North America,1,
2000,2025-07-02,Basic,Annual,9.99,credit_card,South America,1,
2001,2024-02-05,Standard,Monthly,19.99,credit_card,North America,1,
2002,2025-08-14,Premium,Monthly,39.99,credit_card,North America,1,
2003,2025-06-03,Premium,Monthly,39.99,credit_card,Asia,1,
2004,2025-11-01,Basic,Monthly,9.99,credit_card,South America,1,
2005,2025-05-02,Standard,Monthly,19.99,credit_card,North America,0,2025-11-30
2006,2023-05-06,Standard,Monthly,19.99,paypal,Europe,1,
2007,2023-12-11,Standard,Monthly,19.99,paypal,Europe,0,2024-08-06
2008,2023-10-02,Standard,Monthly,19.99,paypal,Asia,1,
2009,2024-11-21,Standard,Monthly,19.99,credit_card,North America,1,
2010,2024-12-12,Basic,Annual,9.99,apple_pay,North America,1,
2011,2023-03-08,Standard,Monthly,19.99,credit_card,North America,0,2025-05-17
2012,2024-01-22,Standard,Monthly,19.99,bank_transfer,North America,1,
2013,2025-05-14,Basic,Monthly,9.99,paypal,Europe,1,
2014,2025-03-17,Basic,Monthly,9.99,bank_transfer,North America,1,
2015,2024-01-29,Premium,Monthly,39.99,paypal,North America,0,2025-03-16
2016,2023-01-03,Premium,Monthly,39.99,apple_pay,Oceania,1,
2017,2025-01-20,Standard,Monthly,19.99,paypal,North America,1,
2018,2025-10-21,Basic,Monthly,9.99,paypal,Europe,1,
2019,2023-04-23,Premium,Monthly,39.99,credit_card,South America,0,2024-05-01
2020,2024-06-11,Standard,Monthly,19.99,credit_card,Asia,1,
2021,2025-05-04,Basic,Annual,9.99,credit_card,North America,0,2025-07-16
2022,2023-08-18,Standard,Monthly,19.99,apple_pay,North America,0,2025-08-23
2023,2024-05-22,Standard,Monthly,19.99,credit_card,Europe,1,
2024,2024-12-27,Premium,Annual,39.99,credit_card,North America,1,
2025,2025-07-25,Basic,Annual,9.99,bank_transfer,Asia,1,
2026,2025-06-16,Standard,Annual,19.99,paypal,Asia,1,
2027,2023-07-22,Basic,Monthly,9.99,credit_card,North America,0,2024-04-07
2028,2024-12-25,Basic,Monthly,9.99,credit_card,North America,1,
2029,2024-10-16,Basic,Monthly,9.99,credit_card,Europe,1,
2030,2023-03-08,Standard,Annual,19.99,bank_transfer,North America,1,
2031,2023-02-06,Basic,Monthly,9.99,credit_card,North America,1,
2032,2023-06-08,Standard,Annual,19.99,bank_transfer,North America,0,2025-04-24
2033,2023-03-29,Basic,Monthly,9.99,credit_card,North America,1,
2034,2024-12-01,Standard,Monthly,19.99,credit_card,North America,0,2025-09-05
2035,2024-01-09,Premium,Monthly,39.99,paypal,North America,1,
2036,2025-03-03,Basic,Monthly,9.99,paypal,North America,1,
2037,2025-06-05,Standard,Monthly,19.99,credit_card,Oceania,0,2025-10-11
2038,2024-03-01,Premium,Monthly,39.99,credit_card,Europe,1,
2039,2023-06-27,Basic,Monthly,9.99,credit_card,Asia,0,2024-08-10
2040,2024-09-15,Basic,Monthly,9.99,apple_pay,North America,1,
2041,2024-12-03,Basic,Monthly,9.99,credit_card,Europe,1,
2042,2025-04-04,Standard,Monthly,19.99,credit_card,North America,1,
2043,2025-06-29,Basic,Monthly,9.99,credit_card,North America,0,2025-11-25
2044,2025-02-12,Standard,Annual,19.99,credit_card,North America,1,
2045,2024-07-27,Standard,Annual,19.99,apple_pay,North America,1,
2046,2023-02-23,Basic,Monthly,9.99,bank_transfer,North America,1,
2047,2025-05-31,Basic,Annual,9.99,bank_transfer,Europe,1,
2048,2023-03-25,Basic,Monthly,9.99,credit_card,Asia,1,
2049,2023-06-26,Basic,Monthly,9.99,paypal,North America,1,
2050,2024-11-27,Premium,Monthly,39.99,credit_card,Asia,1,
2051,2024-05-22,Basic,Monthly,9.99,credit_card,Europe,1,
2052,2024-02-17,Standard,Monthly,19.99,credit_card,North America,0,2025-08-18
2053,2023-01-15,Standard,Annual,19.99,credit_card,North America,1,
2054,2023-04-04,Standard,Annual,19.99,credit_card,South America,1,
2055,2025-06-06,Basic,Monthly,9.99,credit_card,Asia,1,
2056,2023-01-17,Basic,Monthly,9.99,bank_transfer,North America,1,
2057,2025-02-07,Basic,Monthly,9.99,apple_pay,Asia,0,2025-10-22
2058,2024-10-26,Standard,Monthly,19.99,paypal,Asia,0,2025-06-27
2059,2025-04-24,Premium,Monthly,39.99,credit_card,South America,1,
2060,2023-11-27,Basic,Annual,9.99,bank_transfer,North America,1,
2061,2024-08-11,Standard,Monthly,19.99,paypal,Oceania,1,
2062,2024-06-30,Standard,Monthly,19.99,paypal,Europe,0,2025-07-07
2063,2023-07-31,Basic,Annual,9.99,credit_card,Europe,1,
2064,2024-02-19,Basic,Monthly,9.99,credit_card,Europe,1,
2065,2025-10-21,Basic,Annual,9.99,credit_card,Europe,1,
2066,2023-01-26,Basic,Monthly,9.99,apple_pay,North America,1,
2067,2023-10-30,Standard,Annual,19.99,credit_card,Europe,1,
2068,2025-01-11,Premium,Monthly,39.99,credit_card,Asia,0,2025-12-16
2069,2024-05-24,Basic,Monthly,9.99,credit_card,Asia,0,2024-12-18
2070,2023-03-28,Basic,Monthly,9.99,credit_card,Asia,1,
2071,2024-01-26,Standard,Annual,19.99,credit_card,North America,1,
2072,2024-09-14,Basic,Annual,9.99,credit_card,Europe,1,
2073,2025-06-29,Premium,Monthly,39.99,bank_transfer,North America,1,
2074,2024-03-15,Standard,Annual,19.99,bank_transfer,South America,1,
2075,2025-03-31,Premium,Monthly,39.99,credit_card,Europe,0,2025-06-30
2076,2025-05-02,Basic,Annual,9.99,credit_card,North America,1,
2077,2025-06-08,Basic,Monthly,9.99,credit_card,Europe,0,2025-08-15
2078,2025-07-25,Basic,Monthly,9.99,credit_card,North America,1,
2079,2025-08-30,Basic,Monthly,9.99,credit_card,Asia,0,2025-11-26
2080,2024-07-08,Basic,Monthly,9.99,paypal,Oceania,1,
2081,2025-06-06,Basic,Monthly,9.99,credit_card,Europe,1,
2082,2025-08-02,Standard,Annual,19.99,bank_transfer,Oceania,1,
2083,2024-09-20,Basic,Annual,9.99,paypal,Europe,1,
2084,2024-08-09,Premium,Monthly,39.99,credit_card,South America,1,
2085,2023-08-23,Standard,Monthly,19.99,paypal,Europe,1,
2086,2023-05-10,Basic,Monthly,9.99,paypal,Europe,1,
2087,2023-08-18,Basic,Annual,9.99,apple_pay,Europe,1,
2088,2025-04-16,Standard,Monthly,19.99,credit_card,Europe,1,
2089,2023-04-05,Basic,Monthly,9.99,credit_card,South America,1,
2090,2024-09-18,Premium,Monthly,39.99,credit_card,Asia,0,2025-05-04
2091,2024-02-25,Premium,Annual,39.99,credit_card,Asia,1,
2092,2024-02-17,Basic,Monthly,9.99,paypal,Europe,1,
2093,2023-05-24,Basic,Monthly,9.99,credit_card,North America,0,2024-08-28
2094,2024-02-13,Standard,Monthly,19.99,paypal,Europe,0,2024-11-26
2095,2025-09-25,Standard,Annual,19.99,credit_card,Asia,1,
2096,2023-05-12,Standard,Annual,19.99,paypal,Asia,1,
2097,2025-02-03,Premium,Monthly,39.99,bank_transfer,North America,1,
2098,2023-03-17,Standard,Monthly,19.99,credit_card,North America,1,
2099,2025-09-19,Standard,Annual,19.99,bank_transfer,North America,1,
2100,2024-05-25,Basic,Monthly,9.99,paypal,Europe,0,2025-09-11
2101,2024-03-07,Basic,Annual,9.99,credit_card,Europe,1,
2102,2024-06-15,Basic,Monthly,9.99,apple_pay,North America,1,
2103,2025-04-24,Standard,Annual,19.99,credit_card,Europe,1,
2104,2025-05-23,Premium,Monthly,39.99,apple_pay,North America,1,
2105,2023-02-11,Premium,Monthly,39.99,credit_card,North America,1,
2106,2025-01-24,Standard,Monthly,19.99,credit_card,North America,1,
2107,2024-03-24,Premium,Annual,39.99,paypal,North America,1,
2108,2023-03-25,Standard,Monthly,19.99,bank_transfer,North America,1,
2109,2024-04-17,Standard,Monthly,19.99,paypal,Europe,0,2025-05-15
2110,2024-10-02,Basic,Monthly,9.99,credit_card,North America,0,2025-09-11
2111,2024-12-29,Basic,Annual,9.99,paypal,North America,1,
2112,2024-03-29,Standard,Monthly,19.99,credit_card,Oceania,1,
2113,2024-02-26,Basic,Monthly,9.99,paypal,Europe,1,
2114,2023-06-07,Standard,Annual,19.99,credit_card,Asia,1,
2115,2024-05-13,Premium,Annual,39.99,credit_card,Asia,0,2025-01-09
2116,2025-03-24,Premium,Monthly,39.99,apple_pay,Europe,1,
2117,2023-04-09,Premium,Annual,39.99,paypal,North America,1,
2118,2024-10-10,Basic,Annual,9.99,credit_card,Asia,1,
2119,2024-06-18,Basic,Monthly,9.99,credit_card,Asia,1,
2120,2025-05-21,Basic,Monthly,9.99,credit_card,Asia,1,
2121,2025-02-04,Premium,Monthly,39.99,credit_card,Asia,1,
2122,2024-01-05,Basic,Monthly,9.99,apple_pay,Asia,1,
2123,2025-03-17,Standard,Monthly,19.99,credit_card,North America,1,
2124,2024-12-14,Basic,Monthly,9.99,paypal,Asia,1,
2125,2023-12-01,Premium,Annual,39.99,apple_pay,South America,1,
2126,2024-03-18,Basic,Annual,9.99,apple_pay,Asia,1,
2127,2024-08-28,Basic,Annual,9.99,paypal,North America,1,
2128,2024-05-14,Standard,Monthly,19.99,paypal,Asia,1,
2129,2023-10-06,Standard,Monthly,19.99,credit_card,Europe,1,
2130,2024-05-20,Basic,Annual,9.99,credit_card,Europe,1,
2131,2023-06-28,Premium,Monthly,39.99,apple_pay,South America,1,
2132,2025-06-24,Basic,Annual,9.99,apple_pay,Asia,0,2025-10-06
2133,2023-03-14,Basic,Monthly,9.99,credit_card,North America,1,
2134,2025-04-02,Basic,Monthly,9.99,apple_pay,Asia,1,
2135,2023-08-15,Standard,Monthly,19.99,credit_card,Europe,1,
2136,2024-07-11,Basic,Monthly,9.99,paypal,Europe,0,2025-08-28
2137,2024-11-14,Standard,Monthly,19.99,credit_card,North America,1,
2138,2024-04-06,Standard,Monthly,19.99,apple_pay,Europe,1,
2139,2025-09-30,Basic,Annual,9.99,paypal,North America,1,
2140,2024-05-19,Premium,Annual,39.99,credit_card,Asia,1,
2141,2025-03-16,Premium,Monthly,39.99,credit_card,North America,1,
2142,2023-04-15,Premium,Monthly,39.99,paypal,North America,1,
2143,2024-06-26,Standard,Monthly,19.99,apple_pay,North America,1,
2144,2024-04-17,Basic,Annual,9.99,apple_pay,Asia,1,
2145,2024-03-21,Standard,Annual,19.99,credit_card,Asia,1,
2146,2025-06-13,Standard,Annual,19.99,paypal,Asia,1,
2147,2024-10-18,Premium,Monthly,39.99,credit_card,South America,0,2025-12-10
2148,2024-09-09,Standard,Annual,19.99,paypal,South America,1,
2149,2023-04-08,Premium,Annual,39.99,credit_card,North America,1,
2150,2024-04-08,Standard,Annual,19.99,credit_card,Europe,1,
2151,2024-07-15,Standard,Monthly,19.99,bank_transfer,Europe,1,
2152,2025-08-10,Standard,Monthly,19.99,apple_pay,North America,1,
2153,2024-11-14,Standard,Annual,19.99,credit_card,Asia,1,
2154,2023-10-17,Standard,Monthly,19.99,credit_card,South America,1,
2155,2025-04-13,Premium,Annual,39.99,paypal,South America,1,
2156,2025-07-07,Basic,Monthly,9.99,bank_transfer,Europe,0,2025-12-22
2157,2025-01-28,Basic,Annual,9.99,paypal,Asia,0,2025-07-23
2158,2024-08-16,Premium,Annual,39.99,credit_card,Oceania,0,2025-09-27
2159,2024-11-29,Basic,Annual,9.99,credit_card,Asia,1,
2160,2023-02-16,Basic,Annual,9.99,paypal,Europe,0,2023-11-12
2161,2023-11-29,Premium,Monthly,39.99,credit_card,Europe,1,
2162,2024-03-07,Basic,Annual,9.99,credit_card,Asia,0,2024-09-10
2163,2023-04-06,Basic,Monthly,9.99,credit_card,Asia,1,
2164,2023-01-22,Basic,Monthly,9.99,paypal,Europe,1,
2165,2023-06-23,Standard,Annual,19.99,bank_transfer,South America,1,
2166,2023-12-10,Standard,Monthly,19.99,credit_card,Europe,1,
2167,2024-08-15,Standard,Monthly,19.99,paypal,North America,1,
2168,2024-09-24,Basic,Monthly,9.99,bank_transfer,Europe,1,
2169,2024-02-20,Premium,Monthly,39.99,credit_card,North America,1,
2170,2024-04-23,Standard,Monthly,19.99,credit_card,South America,1,
2171,2024-07-01,Basic,Monthly,9.99,credit_card,North America,1,
2172,2023-01-08,Premium,Monthly,39.99,paypal,Asia,1,
2173,2024-01-28,Standard,Annual,19.99,credit_card,Europe,1,
2174,2025-08-29,Basic,Annual,9.99,credit_card,North America,0,2025-12-01
2175,2023-01-04,Basic,Monthly,9.99,credit_card,Asia,1,
2176,2024-11-12,Basic,Monthly,9.99,credit_card,North America,1,
2177,2025-07-29,Premium,Annual,39.99,bank_transfer,North America,1,
2178,2023-09-16,Premium,Annual,39.99,credit_card,Oceania,1,
2179,2024-08-08,Basic,Monthly,9.99,apple_pay,Europe,1,
2180,2025-02-06,Premium,Annual,39.99,apple_pay,Europe,1,
2181,2025-05-14,Basic,Monthly,9.99,credit_card,North America,1,
2182,2024-02-03,Standard,Monthly,19.99,paypal,North America,0,2025-01-29
2183,2024-01-07,Basic,Monthly,9.99,credit_card,Europe,1,
2184,2023-11-12,Premium,Annual,39.99,credit_card,Europe,1,
2185,2025-06-17,Basic,Monthly,9.99,bank_transfer,Asia,1,
2186,2025-09-08,Basic,Monthly,9.99,credit_card,Europe,0,2025-11-16
2187,2025-02-03,Standard,Monthly,19.99,paypal,Asia,1,
2188,2023-09-26,Premium,Monthly,39.99,credit_card,South America,1,
2189,2023-02-16,Basic,Monthly,9.99,credit_card,Europe,1,
2190,2024-11-15,Premium,Monthly,39.99,bank_transfer,North America,1,
2191,2023-06-28,Standard,Monthly,19.99,paypal,North America,1,
2192,2025-05-10,Standard,Monthly,19.99,paypal,Asia,1,
2193,2024-01-29,Basic,Monthly,9.99,paypal,North America,1,
2194,2025-02-01,Basic,Monthly,9.99,paypal,Europe,1,
2195,2023-05-19,Standard,Monthly,19.99,credit_card,North America,1,
2196,2023-03-08,Basic,Monthly,9.99,credit_card,Asia,1,
2197,2025-03-27,Basic,Monthly,9.99,bank_transfer,Europe,1,
2198,2023-06-02,Standard,Monthly,19.99,bank_transfer,North America,0,2025-12-20
2199,2023-08-31,Premium,Annual,39.99,credit_card,Europe,1,
2200,2025-10-30,Standard,Annual,19.99,credit_card,South America,1,
2201,2024-06-14,Standard,Annual,19.99,credit_card,Europe,1,
2202,2025-06-18,Premium,Monthly,39.99,paypal,Europe,1,
2203,2024-02-11,Basic,Monthly,9.99,credit_card,North America,0,2025-05-01
2204,2023-07-26,Standard,Annual,19.99,bank_transfer,North America,1,
2205,2025-06-27,Basic,Monthly,9.99,credit_card,South America,1,
2206,2024-02-05,Premium,Annual,39.99,bank_transfer,Oceania,1,
2207,2025-01-06,Basic,Monthly,9.99,paypal,North America,0,2025-04-28
2208,2023-11-19,Basic,Monthly,9.99,bank_transfer,Europe,0,2025-06-25
2209,2023-11-14,Basic,Monthly,9.99,paypal,South America,1,
2210,2023-01-02,Standard,Monthly,19.99,credit_card,North America,1,
2211,2025-06-09,Basic,Monthly,9.99,credit_card,Europe,1,
2212,2025-03-15,Basic,Monthly,9.99,bank_transfer,North America,1,
2213,2024-12-14,Standard,Monthly,19.99,paypal,North America,1,
2214,2024-01-04,Premium,Annual,39.99,apple_pay,North America,1,
2215,2023-04-07,Basic,Monthly,9.99,paypal,Asia,1,
2216,2023-05-16,Premium,Annual,39.99,credit_card,Europe,1,
2217,2024-08-05,Basic,Monthly,9.99,credit_card,North America,0,2025-10-22
2218,2023-05-20,Standard,Monthly,19.99,credit_card,Europe,1,
2219,2024-05-09,Premium,Monthly,39.99,bank_transfer,Europe,1,
2220,2023-04-01,Basic,Monthly,9.99,bank_transfer,Asia,1,
2221,2025-05-17,Standard,Monthly,19.99,bank_transfer,Europe,1,
2222,2024-11-12,Standard,Monthly,19.99,apple_pay,North America,1,
2223,2023-06-19,Standard,Monthly,19.99,credit_card,Europe,0,2024-03-05
2224,2025-07-09,Basic,Monthly,9.99,credit_card,Europe,1,
2225,2023-02-26,Standard,Monthly,19.99,credit_card,North America,0,2025-08-18
2226,2024-02-29,Standard,Monthly,19.99,paypal,Europe,0,2025-12-08
2227,2024-12-21,Standard,Monthly,19.99,paypal,Asia,1,
2228,2023-08-09,Basic,Annual,9.99,credit_card,Europe,1,
2229,2023-05-22,Premium,Monthly,39.99,paypal,North America,1,
2230,2023-08-17,Premium,Monthly,39.99,paypal,Oceania,1,
2231,2024-07-22,Basic,Monthly,9.99,credit_card,North America,1,
2232,2024-11-10,Basic,Monthly,9.99,apple_pay,North America,1,
2233,2024-04-07,Standard,Annual,19.99,credit_card,North America,1,
2234,2023-05-07,Standard,Monthly,19.99,paypal,Europe,0,2025-07-26
2235,2023-02-22,Standard,Monthly,19.99,credit_card,Asia,1,
2236,2024-08-12,Standard,Monthly,19.99,credit_card,Asia,1,
2237,2024-02-02,Standard,Annual,19.99,bank_transfer,North America,1,
2238,2023-12-24,Premium,Monthly,39.99,credit_card,North America,1,
2239,2023-05-05,Basic,Annual,9.99,credit_card,Europe,1,
2240,2023-08-14,Standard,Monthly,19.99,credit_card,Asia,1,
2241,2025-08-15,Basic,Monthly,9.99,paypal,Europe,1,
2242,2023-05-28,Basic,Annual,9.99,credit_card,South America,1,
2243,2025-10-27,Standard,Annual,19.99,credit_card,Europe,1,
2244,2024-03-24,Standard,Monthly,19.99,bank_transfer,Asia,1,
2245,2023-04-26,Standard,Monthly,19.99,credit_card,Asia,1,
2246,2024-11-21,Standard,Monthly,19.99,credit_card,Europe,1,
2247,2023-10-05,Standard,Monthly,19.99,apple_pay,North America,1,
2248,2025-02-01,Basic,Monthly,9.99,bank_transfer,South America,1,
2249,2024-05-11,Standard,Monthly,19.99,apple_pay,Europe,1,
2250,2023-08-27,Basic,Monthly,9.99,bank_transfer,Europe,1,
2251,2024-03-26,Premium,Monthly,39.99,paypal,North America,1,
2252,2024-01-09,Basic,Monthly,9.99,credit_card,Europe,0,2024-07-27
2253,2025-08-15,Basic,Monthly,9.99,credit_card,Europe,1,
2254,2023-09-23,Premium,Monthly,39.99,paypal,North America,1,
2255,2024-03-13,Basic,Monthly,9.99,credit_card,North America,0,2024-11-07
2256,2024-03-12,Basic,Monthly,9.99,credit_card,Europe,1,
2257,2023-03-08,Basic,Monthly,9.99,apple_pay,Europe,0,2025-04-22
2258,2023-08-31,Standard,Monthly,19.99,credit_card,Asia,1,
2259,2024-07-17,Premium,Annual,39.99,credit_card,Oceania,1,
2260,2024-10-27,Basic,Annual,9.99,credit_card,North America,0,2025-05-29
2261,2024-02-17,Basic,Monthly,9.99,credit_card,North America,1,
2262,2024-06-16,Basic,Monthly,9.99,paypal,North America,1,
2263,2024-09-06,Basic,Monthly,9.99,bank_transfer,North America,1,
2264,2025-10-09,Standard,Annual,19.99,credit_card,North America,1,
2265,2025-07-16,Premium,Monthly,39.99,credit_card,North America,1,
2266,2023-05-24,Basic,Annual,9.99,credit_card,Europe,1,
2267,2025-09-02,Standard,Annual,19.99,paypal,North America,1,
2268,2025-04-28,Basic,Monthly,9.99,bank_transfer,Europe,1,
2269,2023-09-08,Basic,Annual,9.99,credit_card,North America,1,
2270,2024-04-20,Basic,Monthly,9.99,credit_card,North America,1,
2271,2023-01-25,Standard,Monthly,19.99,bank_transfer,Oceania,1,
2272,2023-05-19,Basic,Annual,9.99,credit_card,Asia,1,
2273,2024-10-22,Standard,Monthly,19.99,paypal,South America,1,
2274,2025-10-17,Premium,Annual,39.99,credit_card,Europe,1,
2275,2023-06-07,Basic,Monthly,9.99,bank_transfer,Asia,1,
2276,2025-07-12,Basic,Annual,9.99,credit_card,North America,1,
2277,2024-12-24,Basic,Monthly,9.99,apple_pay,Europe,1,
2278,2023-02-10,Basic,Annual,9.99,bank_transfer,Europe,1,
2279,2023-04-21,Basic,Monthly,9.99,bank_transfer,South America,1,
2280,2025-03-14,Premium,Annual,39.99,credit_card,Europe,1,
2281,2023-12-18,Standard,Monthly,19.99,credit_card,Asia,0,2025-08-07
2282,2023-05-16,Basic,Annual,9.99,credit_card,Asia,0,2024-02-24
2283,2024-05-21,Premium,Monthly,39.99,credit_card,Europe,1,
2284,2023-09-29,Premium,Monthly,39.99,paypal,Asia,1,
2285,2023-05-16,Premium,Monthly,39.99,credit_card,Oceania,1,
2286,2024-07-04,Standard,Monthly,19.99,bank_transfer,Asia,1,
2287,2025-09-11,Premium,Monthly,39.99,paypal,Europe,1,
2288,2024-04-13,Standard,Monthly,19.99,credit_card,North America,1,
2289,2024-04-14,Basic,Annual,9.99,credit_card,Asia,1,
2290,2024-04-03,Basic,Monthly,9.99,credit_card,Asia,1,
2291,2024-03-17,Standard,Annual,19.99,credit_card,Europe,1,
2292,2023-02-03,Basic,Monthly,9.99,paypal,Europe,1,
2293,2025-02-28,Basic,Monthly,9.99,apple_pay,South America,0,2025-12-02
2294,2024-05-01,Premium,Monthly,39.99,credit_card,North America,1,
2295,2023-10-07,Standard,Monthly,19.99,paypal,Asia,0,2024-08-19
2296,2024-02-03,Standard,Monthly,19.99,bank_transfer,Europe,1,
2297,2024-03-30,Basic,Annual,9.99,credit_card,Europe,1,
2298,2024-09-18,Basic,Monthly,9.99,credit_card,South America,1,
2299,2023-02-09,Basic,Annual,9.99,bank_transfer,North America,1,
2300,2023-07-29,Basic,Monthly,9.99,paypal,North America,1,
2301,2025-07-02,Basic,Monthly,9.99,credit_card,North America,1,
2302,2024-06-18,Standard,Monthly,19.99,paypal,North America,0,2025-10-28
2303,2024-12-29,Basic,Monthly,9.99,paypal,North America,1,
2304,2024-07-14,Standard,Annual,19.99,credit_card,North America,1,
2305,2023-02-15,Basic,Monthly,9.99,credit_card,North America,1,
2306,2024-12-23,Premium,Monthly,39.99,credit_card,Europe,0,2025-12-22
2307,2024-10-13,Standard,Monthly,19.99,paypal,Europe,1,
2308,2025-09-26,Standard,Annual,19.99,credit_card,Europe,1,
2309,2023-12-03,Basic,Annual,9.99,credit_card,Europe,1,
2310,2023-11-17,Standard,Monthly,19.99,paypal,North America,1,
2311,2024-12-12,Standard,Monthly,19.99,bank_transfer,North America,1,
2312,2025-07-31,Premium,Monthly,39.99,paypal,Asia,1,
2313,2025-01-11,Basic,Annual,9.99,bank_transfer,Oceania,1,
2314,2023-04-25,Standard,Monthly,19.99,bank_transfer,North America,1,
2315,2023-05-18,Basic,Annual,9.99,credit_card,North America,1,
2316,2024-06-19,Premium,Monthly,39.99,credit_card,North America,1,
2317,2025-10-13,Basic,Monthly,9.99,credit_card,Asia,0,2025-12-03
2318,2023-11-29,Premium,Monthly,39.99,bank_transfer,Asia,1,
2319,2023-10-07,Basic,Annual,9.99,bank_transfer,North America,1,
2320,2025-05-14,Standard,Monthly,19.99,paypal,North America,1,
2321,2024-02-11,Premium,Monthly,39.99,credit_card,North America,1,
2322,2025-08-12,Basic,Annual,9.99,credit_card,North America,1,
2323,2023-08-09,Premium,Monthly,39.99,credit_card,Europe,1,
2324,2023-05-19,Basic,Monthly,9.99,paypal,North America,1,
2325,2023-01-27,Standard,Monthly,19.99,credit_card,North America,1,
2326,2023-03-18,Basic,Monthly,9.99,credit_card,Asia,1,
2327,2024-03-28,Standard,Monthly,19.99,credit_card,Europe,1,
2328,2025-04-03,Basic,Annual,9.99,paypal,North America,1,
2329,2025-09-09,Basic,Monthly,9.99,credit_card,North America,1,
2330,2025-05-18,Standard,Monthly,19.99,credit_card,North America,1,
2331,2025-08-25,Basic,Annual,9.99,credit_card,Europe,1,
2332,2023-05-01,Premium,Monthly,39.99,credit_card,North America,1,
2333,2023-01-13,Premium,Monthly,39.99,paypal,North America,0,2025-11-23
2334,2025-10-18,Premium,Monthly,39.99,credit_card,South America,0,2025-12-26
2335,2023-12-24,Basic,Monthly,9.99,paypal,North America,1,
2336,2024-07-03,Standard,Monthly,19.99,apple_pay,Asia,1,
2337,2024-02-24,Basic,Monthly,9.99,credit_card,North America,1,
2338,2023-11-21,Basic,Monthly,9.99,credit_card,North America,1,
2339,2023-06-26,Standard,Annual,19.99,credit_card,North America,1,
2340,2024-08-14,Basic,Monthly,9.99,credit_card,Europe,0,2025-06-13
2341,2024-05-23,Premium,Annual,39.99,credit_card,Asia,1,
2342,2024-06-27,Premium,Annual,39.99,credit_card,North America,1,
2343,2024-11-04,Standard,Monthly,19.99,apple_pay,Asia,1,
2344,2024-10-11,Basic,Monthly,9.99,credit_card,South America,1,
2345,2025-01-30,Premium,Monthly,39.99,credit_card,South America,1,
2346,2023-09-12,Basic,Monthly,9.99,paypal,Europe,0,2025-08-12
2347,2025-04-04,Basic,Annual,9.99,credit_card,North America,1,
2348,2025-04-29,Standard,Annual,19.99,paypal,Europe,1,
2349,2025-09-27,Basic,Monthly,9.99,credit_card,North America,0,2025-12-10
2350,2025-02-27,Premium,Monthly,39.99,paypal,North America,1,
2351,2023-04-18,Premium,Monthly,39.99,credit_card,Europe,1,
2352,2024-06-24,Basic,Monthly,9.99,paypal,South America,1,
2353,2024-08-27,Standard,Annual,19.99,paypal,North America,1,
2354,2024-06-16,Standard,Annual,19.99,credit_card,North America,1,
2355,2025-01-27,Basic,Annual,9.99,credit_card,Europe,1,
2356,2024-10-31,Standard,Monthly,19.99,credit_card,Asia,1,
2357,2024-05-23,Premium,Monthly,39.99,apple_pay,Asia,0,2025-07-04
2358,2024-05-12,Standard,Annual,19.99,credit_card,Europe,1,
2359,2023-03-26,Premium,Monthly,39.99,paypal,North America,1,
2360,2023-09-19,Basic,Monthly,9.99,paypal,Europe,1,
2361,2024-10-20,Basic,Monthly,9.99,apple_pay,North America,1,
2362,2023-04-11,Standard,Annual,19.99,paypal,Europe,1,
2363,2024-05-26,Basic,Annual,9.99,credit_card,Asia,1,
2364,2024-05-24,Basic,Monthly,9.99,credit_card,North America,0,2025-05-06
2365,2023-11-13,Premium,Monthly,39.99,credit_card,North America,0,2025-06-20
2366,2023-07-29,Basic,Monthly,9.99,credit_card,Europe,0,2025-08-12
2367,2025-09-26,Standard,Monthly,19.99,credit_card,North America,1,
2368,2023-02-28,Standard,Monthly,19.99,credit_card,Europe,1,
2369,2025-03-22,Basic,Monthly,9.99,credit_card,Europe,1,
2370,2025-04-04,Basic,Monthly,9.99,credit_card,South America,1,
2371,2024-09-06,Basic,Monthly,9.99,credit_card,Europe,1,
2372,2023-10-21,Standard,Monthly,19.99,credit_card,South America,1,
2373,2023-09-12,Basic,Monthly,9.99,credit_card,North America,1,
2374,2025-02-08,Basic,Annual,9.99,credit_card,Europe,1,
2375,2023-08-12,Standard,Annual,19.99,bank_transfer,North America,0,2024-10-21
2376,2024-02-11,Standard,Monthly,19.99,bank_transfer,Oceania,1,
2377,2024-03-20,Standard,Monthly,19.99,bank_transfer,Europe,1,
2378,2023-01-23,Premium,Monthly,39.99,paypal,Europe,0,2024-02-01
2379,2025-05-14,Basic,Annual,9.99,paypal,Europe,1,
2380,2023-07-02,Premium,Monthly,39.99,credit_card,South America,1,
2381,2024-12-24,Basic,Monthly,9.99,credit_card,Asia,1,
2382,2024-09-18,Premium,Monthly,39.99,paypal,North America,1,
2383,2023-04-03,Premium,Monthly,39.99,credit_card,Europe,1,
2384,2023-12-28,Basic,Annual,9.99,credit_card,Europe,1,
2385,2023-10-25,Basic,Annual,9.99,credit_card,Europe,1,
2386,2023-09-01,Premium,Annual,39.99,apple_pay,North America,1,
2387,2024-12-02,Premium,Monthly,39.99,paypal,North America,1,
2388,2025-09-18,Standard,Monthly,19.99,apple_pay,North America,1,
2389,2024-06-08,Standard,Monthly,19.99,credit_card,North America,1,
2390,2025-06-28,Standard,Monthly,19.99,credit_card,Asia,1,
2391,2024-06-04,Basic,Monthly,9.99,credit_card,Asia,1,
2392,2023-01-27,Premium,Monthly,39.99,paypal,North America,0,2024-06-10
2393,2023-04-13,Standard,Annual,19.99,apple_pay,North America,1,
2394,2023-12-03,Premium,Monthly,39.99,apple_pay,Europe,1,
2395,2023-10-19,Standard,Monthly,19.99,credit_card,Europe,1,
2396,2025-10-19,Standard,Annual,19.99,paypal,South America,1,
2397,2025-07-24,Basic,Monthly,9.99,credit_card,Asia,1,
2398,2025-10-27,Standard,Monthly,19.99,apple_pay,Asia,1,
2399,2025-09-19,Basic,Monthly,9.99,credit_card,Europe,1,
2400,2024-01-25,Basic,Annual,9.99,credit_card,Europe,0,2025-09-16
2401,2023-10-09,Basic,Monthly,9.99,paypal,North America,1,
2402,2025-09-03,Premium,Annual,39.99,credit_card,Asia,1,
2403,2024-11-17,Basic,Annual,9.99,credit_card,Asia,1,
2404,2024-02-23,Standard,Monthly,19.99,credit_card,North America,1,
2405,2023-03-15,Basic,Annual,9.99,apple_pay,North America,1,
2406,2025-05-23,Basic,Annual,9.99,apple_pay,Asia,1,
2407,2025-07-31,Basic,Annual,9.99,credit_card,Oceania,1,
2408,2024-10-28,Standard,Monthly,19.99,credit_card,South America,1,
2409,2025-03-06,Standard,Annual,19.99,paypal,South America,1,
2410,2024-10-24,Standard,Monthly,19.99,credit_card,North America,1,
2411,2023-07-02,Premium,Monthly,39.99,apple_pay,North America,1,
2412,2025-06-24,Basic,Monthly,9.99,bank_transfer,Asia,0,2025-09-04
2413,2025-10-01,Standard,Monthly,19.99,credit_card,Asia,1,
2414,2023-02-23,Standard,Monthly,19.99,credit_card,Europe,1,
2415,2024-12-01,Basic,Monthly,9.99,apple_pay,North America,0,2025-11-07
2416,2025-01-14,Premium,Monthly,39.99,paypal,North America,1,
2417,2024-01-31,Premium,Monthly,39.99,credit_card,North America,1,
2418,2025-07-19,Basic,Annual,9.99,credit_card,North America,1,
2419,2023-04-12,Basic,Monthly,9.99,paypal,North America,1,
2420,2024-08-18,Basic,Monthly,9.99,credit_card,North America,1,
2421,2023-09-02,Standard,Monthly,19.99,credit_card,South America,1,
2422,2024-01-02,Basic,Monthly,9.99,bank_transfer,Europe,1,
2423,2024-01-26,Premium,Monthly,39.99,credit_card,North America,1,
2424,2025-07-26,Standard,Annual,19.99,credit_card,Europe,1,
2425,2024-01-22,Basic,Annual,9.99,credit_card,North America,1,
2426,2023-03-05,Basic,Monthly,9.99,paypal,Europe,1,
2427,2025-08-27,Premium,Monthly,39.99,paypal,Europe,1,
2428,2023-03-31,Basic,Annual,9.99,credit_card,Europe,1,
2429,2024-10-19,Basic,Annual,9.99,bank_transfer,North America,1,
2430,2025-09-12,Basic,Monthly,9.99,paypal,North America,0,2025-11-30
2431,2023-03-22,Standard,Annual,19.99,apple_pay,North America,1,
2432,2023-09-27,Premium,Annual,39.99,bank_transfer,Oceania,1,
2433,2025-07-12,Premium,Annual,39.99,credit_card,North America,1,
2434,2025-02-04,Basic,Monthly,9.99,credit_card,Oceania,1,
2435,2025-02-25,Basic,Annual,9.99,paypal,Europe,1,
2436,2024-11-23,Standard,Monthly,19.99,apple_pay,Asia,1,
2437,2023-11-07,Premium,Annual,39.99,bank_transfer,Europe,1,
2438,2024-05-25,Basic,Monthly,9.99,apple_pay,North America,1,
2439,2025-05-04,Basic,Monthly,9.99,credit_card,Europe,1,
2440,2024-12-05,Basic,Monthly,9.99,credit_card,North America,0,2025-04-01
2441,2023-11-07,Premium,Annual,39.99,paypal,North America,0,2024-08-15
2442,2024-01-01,Basic,Annual,9.99,credit_card,North America,1,
2443,2023-04-21,Basic,Monthly,9.99,credit_card,Oceania,1,
2444,2023-11-13,Basic,Monthly,9.99,credit_card,North America,1,
2445,2024-09-10,Premium,Annual,39.99,paypal,Asia,0,2025-12-05
2446,2024-03-27,Basic,Annual,9.99,apple_pay,Asia,1,
2447,2024-12-30,Basic,Monthly,9.99,bank_transfer,South America,1,
2448,2023-12-01,Standard,Monthly,19.99,bank_transfer,North America,1,
2449,2025-04-09,Premium,Monthly,39.99,credit_card,South America,1,
2450,2023-01-17,Basic,Annual,9.99,paypal,North America,1,
2451,2025-07-30,Basic,Monthly,9.99,credit_card,North America,1,
2452,2023-08-31,Premium,Monthly,39.99,bank_transfer,South America,1,
2453,2023-02-11,Standard,Monthly,19.99,credit_card,North America,1,
2454,2024-03-18,Basic,Annual,9.99,bank_transfer,North America,0,2025-03-15
2455,2025-06-28,Standard,Monthly,19.99,paypal,North America,1,
2456,2023-03-10,Standard,Monthly,19.99,credit_card,North America,1,
2457,2023-02-16,Premium,Monthly,39.99,credit_card,North America,1,
2458,2023-01-12,Standard,Monthly,19.99,credit_card,North America,1,
2459,2024-12-27,Standard,Monthly,19.99,paypal,Europe,1,
2460,2024-04-29,Standard,Monthly,19.99,paypal,Europe,1,
2461,2024-02-17,Standard,Monthly,19.99,paypal,Europe,1,
2462,2024-01-09,Standard,Monthly,19.99,bank_transfer,Europe,1,
2463,2023-01-14,Premium,Monthly,39.99,apple_pay,North America,1,
2464,2023-06-01,Premium,Monthly,39.99,bank_transfer,Europe,0,2025-12-16
2465,2023-02-19,Premium,Annual,39.99,credit_card,North America,1,
2466,2023-09-06,Basic,Monthly,9.99,bank_transfer,North America,1,
2467,2023-11-06,Basic,Monthly,9.99,paypal,North America,1,
2468,2024-03-22,Basic,Annual,9.99,apple_pay,North America,1,
2469,2023-02-21,Basic,Annual,9.99,bank_transfer,Oceania,1,
2470,2023-02-17,Standard,Monthly,19.99,credit_card,North America,1,
2471,2023-03-07,Premium,Annual,39.99,credit_card,Europe,1,
2472,2024-05-11,Standard,Monthly,19.99,credit_card,Europe,1,
2473,2024-11-14,Standard,Monthly,19.99,credit_card,North America,1,
2474,2025-08-16,Basic,Monthly,9.99,paypal,Europe,1,
2475,2024-08-30,Standard,Monthly,19.99,apple_pay,South America,1,
2476,2023-12-24,Premium,Annual,39.99,credit_card,Oceania,1,
2477,2023-11-04,Basic,Annual,9.99,paypal,North America,1,
2478,2025-07-20,Standard,Monthly,19.99,paypal,North America,1,
2479,2025-07-25,Premium,Annual,39.99,paypal,North America,1,
2480,2025-06-18,Standard,Monthly,19.99,paypal,Europe,0,2025-09-22
2481,2025-05-04,Basic,Monthly,9.99,bank_transfer,Oceania,0,2025-09-08
2482,2024-08-21,Basic,Annual,9.99,paypal,Europe,1,
2483,2023-09-04,Premium,Monthly,39.99,credit_card,South America,1,
2484,2025-10-14,Basic,Monthly,9.99,paypal,Europe,1,
2485,2025-01-18,Premium,Monthly,39.99,paypal,Asia,0,2025-08-03
2486,2024-12-25,Basic,Annual,9.99,credit_card,Asia,0,2025-04-22
2487,2024-07-13,Basic,Monthly,9.99,paypal,Europe,1,
2488,2025-01-16,Standard,Annual,19.99,credit_card,North America,1,
2489,2024-08-27,Standard,Annual,19.99,credit_card,Asia,1,
2490,2025-06-13,Basic,Monthly,9.99,credit_card,Asia,0,2025-10-13
2491,2024-06-10,Standard,Annual,19.99,paypal,Europe,1,
2492,2024-06-23,Basic,Annual,9.99,paypal,Europe,1,
2493,2025-07-24,Basic,Monthly,9.99,credit_card,North America,1,
2494,2025-10-10,Premium,Annual,39.99,credit_card,Asia,1,
2495,2025-05-08,Standard,Monthly,19.99,credit_card,South America,1,
2496,2025-03-12,Standard,Monthly,19.99,credit_card,North America,1,
2497,2023-06-05,Standard,Monthly,19.99,credit_card,North America,1,
2498,2023-10-22,Premium,Monthly,39.99,credit_card,South America,0,2024-07-27
2499,2025-09-01,Standard,Monthly,19.99,apple_pay,North America,1,
2500,2023-05-08,Standard,Monthly,19.99,apple_pay,Europe,1,
